customer_id,name,email,city,country,signup_date,segment,balance,tenure_days,churned
10000,Wesley Kaufman,gholder@example.net,Jameshaven,United Kingdom,2025-01-07,Plus,389.74,237,1
10001,Kathryn Gomez,oliviaarmstrong@example.com,Lake Michaelstad,France,2023-04-18,Plus,299.98,867,1
10002,Michelle Garcia,jack68@example.org,East Samantha,France,2024-11-03,Plus,482.63,302,1
10003,Evelyn Simmons,jennifer30@example.net,New Dennis,Germany,2023-07-30,Standard,388.45,764,1
10004,Kevin Austin,hhammond@example.net,Hicksberg,Germany,2024-02-26,Plus,450.2,553,1
10005,Lisa Simpson,riveracarrie@example.org,North Anna,United Kingdom,2023-09-25,Standard,101.47,707,1
10006,Matthew Estrada,johnsoncarlos@example.net,South Cynthia,Italy,2023-07-06,Plus,442.89,788,1
10007,Dustin Fisher,dyercassie@example.org,Lake Matthew,United Kingdom,2023-10-24,Plus,536.5,678,1
10008,Kim Wilson,billy20@example.org,Lake Ross,United Kingdom,2022-09-07,Standard,323.54,1090,0
10009,Meghan King,jenny28@example.org,Alexisberg,United Kingdom,2025-06-15,Premium,1131.14,78,1
10010,Benjamin Owens,gdalton@example.com,Lake Brittanybury,Spain,2024-06-23,Standard,224.74,435,1
10011,Cheryl Mitchell,donald39@example.org,South Robertburgh,Spain,2021-11-02,Standard,75.63,1399,1
10012,John Rodgers,billy50@example.net,Port Robertside,United Kingdom,2024-03-29,Standard,192.84,521,1
10013,Benjamin Tucker,roykidd@example.net,Brownfort,Germany,2024-10-31,Standard,155.91,305,1
10014,Aaron Ford,vshaffer@example.net,West Jackberg,Germany,2025-07-13,Standard,38.06,50,1
10015,Jennifer Rush,mckenzie43@example.net,,France,2024-01-12,Plus,357.45,598,1
10016,Stephanie Fowler,rprice@example.com,,Germany,2025-06-17,Premium,861.44,76,1
10017,Kevin Kelly,cynthia49@example.com,Crystalmouth,Spain,2025-04-10,Standard,236.69,144,1
10018,Donna Cooper,cellis@example.org,East Diana,Spain,2025-01-26,Premium,1260.15,218,1
10019,Allison Diaz,stephanieparrish@example.org,,France,2024-04-24,Standard,116.43,495,1
10020,Allison Rodriguez,pfreeman@example.com,Taratown,United Kingdom,2025-03-08,Premium,763.66,177,1
10021,William Patel,jennifer10@example.net,Laurieport,United Kingdom,2021-12-13,Premium,1014.3,1358,0
10022,Nicole Anderson,wilsonmegan@example.net,Lake Darren,Italy,2022-09-01,Plus,568.3,1096,1
10023,Benjamin Browning,ohowe@example.com,Connerville,France,2025-03-01,Plus,434.32,184,1
10024,Kelly Mcguire,kelly20@example.com,East Michael,United Kingdom,2021-12-17,Standard,77.02,1354,1
10025,Judith Adams,hector47@example.org,,United Kingdom,2023-07-04,Plus,609.21,790,0
10026,Carl Foster,christianowen@example.org,Brianhaven,United Kingdom,2021-10-13,Plus,237.53,1419,0
10027,Timothy Johnson,michaelgarcia@example.org,Port Juan,Germany,2023-02-23,Standard,129.81,921,1
10028,Jeanne Murphy,mjarvis@example.com,New David,Spain,2025-03-03,Plus,971.33,182,1
10029,Eric Adams,stacey84@example.net,Lake Joshuaburgh,United Kingdom,2022-11-10,Plus,813.41,1026,1
10030,Alexander Ortiz,wallacekyle@example.net,,Germany,2024-03-12,Standard,147.82,538,1
10031,Robin Pacheco,gvillarreal@example.net,Kimberlyborough,France,2022-02-14,Standard,246.93,1295,1
10032,Amy Hunt,ktaylor@example.net,West David,Spain,2024-10-19,Premium,1080.57,317,1
10033,Danielle Berry,christinadillon@example.org,Fowlerton,France,2021-11-09,Standard,136.24,1392,1
10034,Jeremiah Davis,lisacampbell@example.org,Millermouth,France,2022-11-06,Premium,1073.64,1030,1
10035,Tyrone Garcia,elizabeth67@example.com,West Andrewchester,United Kingdom,2023-02-07,Standard,106.83,937,1
10036,John Cortez,hortiz@example.com,Michaelfort,Germany,2024-03-21,Standard,109.04,529,1
10037,Mary Johnston,omarks@example.com,New Ryan,France,2024-06-24,Standard,147.61,434,1
10038,Gary Jennings,qjacobson@example.net,South Tamarashire,United Kingdom,2025-01-13,Plus,466.92,231,1
10039,Alison Boyd,ufitzgerald@example.com,North Coleton,Germany,2023-07-11,Standard,234.17,783,1
10040,Toni White,ybell@example.net,Paulamouth,United Kingdom,2024-07-29,Standard,115.94,399,1
10041,Cody Palmer,nancytodd@example.com,Mcdonaldfurt,Italy,2023-08-05,Plus,516.25,758,1
10042,Rachel Williams,mendezchristopher@example.net,New Ryan,United Kingdom,2024-02-03,Premium,1486.5,576,1
10043,Ryan Richardson,mcmahonamber@example.net,North Josephville,Germany,2025-02-12,Standard,56.44,201,1
10044,Rachel Benjamin,wellsisabel@example.com,Port Jessica,France,2021-08-22,Standard,114.96,1471,0
10045,Scott Morris,emilylindsey@example.com,West Soniahaven,France,2021-12-03,Standard,234.76,1368,0
10046,Christine Adams,eddiemorris@example.org,North Michaelfort,Italy,2024-06-19,Premium,1609.1,439,1
10047,Penny Patton,donnapetersen@example.org,Jamesport,United Kingdom,2025-03-22,Plus,511.22,163,1
10048,Jennifer Le,matthewbeck@example.com,Lake Michelle,Germany,2024-10-28,Premium,2213.73,308,1
10049,Christine Rodriguez,swilliams@example.net,Davisberg,Italy,2022-02-09,Standard,168.31,1300,1
10050,Melissa Gonzales,jacoblee@example.net,Tonyton,France,2022-11-04,Standard,89.3,1032,1
10051,Colleen Norris,jaime87@example.com,South Carol,Spain,2023-05-16,Standard,163.92,839,1
10052,Toni Edwards,oneillmargaret@example.net,Vaughnstad,Germany,2025-02-27,Standard,183.95,186,1
10053,Martin Jefferson,lanelaura@example.com,Jonesstad,United Kingdom,2024-07-10,Plus,523.25,418,1
10054,Mrs. Kelly West,robert16@example.com,Port Rachel,France,2024-10-07,Plus,741.49,329,1
10055,Chris Huber,frederickwilliams@example.org,East Lisachester,Spain,2021-10-15,Plus,312.89,1417,1
10056,Karen Fox,dannyjohnson@example.com,Bobbyfurt,Italy,2022-04-10,Plus,508.01,1240,1
10057,Madeline Ramos,rachel13@example.com,Brianmouth,Germany,2022-02-05,Standard,165.52,1304,1
10058,David Richardson,chaseandrea@example.com,Hernandezchester,United Kingdom,2025-04-08,Plus,530.38,146,1
10059,Ashley Thompson,mbrown@example.com,Patrickton,United Kingdom,2024-03-12,Standard,158.06,538,1
10060,Ricky Lewis,hollowaykevin@example.net,Pamelaside,Spain,2021-09-30,Plus,427.47,1432,1
10061,Carlos Roman,andreafranco@example.com,Bellburgh,Germany,2021-12-13,Standard,145.05,1358,0
10062,Sara Juarez,daniel03@example.org,Dawsonview,France,2022-02-04,Standard,61.32,1305,1
10063,Kyle Lopez,shannonjacobs@example.com,North Stephanie,Germany,2024-06-02,Plus,312.24,456,1
10064,Jonathan Wilson,tiffanystone@example.com,Gregoryside,Italy,2023-06-09,Standard,133.18,815,1
10065,Michael Le,christophersingleton@example.com,Rowlandside,United Kingdom,2023-03-01,Standard,218.89,915,1
10066,Jessica Tanner,paulchandler@example.net,South Austinfurt,Germany,2022-06-20,Standard,193.91,1169,1
10067,Cynthia Wright,gabriellewise@example.net,Davidchester,United Kingdom,2024-03-31,Plus,337.88,519,1
10068,John Park,zblair@example.com,Port Michellehaven,Italy,2022-08-03,Plus,387.44,1125,0
10069,Betty Massey,mortega@example.org,,Spain,2024-05-29,Standard,326.24,460,1
10070,Edward Rivera PhD,gordonalice@example.net,North Christopher,United Kingdom,2025-06-07,Standard,136.45,86,1
10071,Amanda Green,april31@example.com,West Justin,Spain,2024-12-31,Plus,636.51,244,1
10072,Matthew Romero,hoffmangabriela@example.org,Rodgerstown,Germany,2023-11-27,Standard,249.28,644,1
10073,Martha Rowland,torresmichael@example.org,,United Kingdom,2025-06-07,Premium,843.59,86,1
10074,Lori Scott,tyler65@example.com,West Laura,Germany,2022-01-28,Standard,128.34,1312,1
10075,Nicholas Edwards,gwebb@example.org,Andersonshire,United Kingdom,2023-10-07,Plus,524.85,695,1
10076,Albert Acosta,gallegosedward@example.net,New Robert,United Kingdom,2021-11-11,Standard,160.55,1390,1
10077,Julia Johnson,jhouston@example.net,,Germany,2023-01-01,Standard,184.24,974,1
10078,Jeffrey Pierce,peter19@example.org,Lake Johnfort,United Kingdom,2022-06-07,Plus,351.27,1182,1
10079,Justin Cummings,brenda63@example.com,Lake Davidchester,Germany,2023-05-14,Premium,1074.43,841,1
10080,Richard Allen,valerievega@example.com,West Kimberlyshire,United Kingdom,2024-04-14,Standard,115.93,505,1
10081,Nicholas Hanson,harmongina@example.com,Nathantown,France,2024-02-17,Premium,706.66,562,1
10082,Heidi Cohen,uhubbard@example.com,Sweeneyton,United Kingdom,2023-10-07,Plus,498.28,695,1
10083,Carolyn Robertson,travis50@example.org,New Eileenside,Italy,2024-09-15,Standard,85.39,351,1
10084,John Wade,charles75@example.com,Thompsonton,Spain,2021-12-11,Standard,219.57,1360,1
10085,Brian Butler,allisondelgado@example.org,Port Tarachester,Germany,2022-07-02,Standard,210.01,1157,0
10086,Kimberly Alexander,morrismelissa@example.com,New Javier,United Kingdom,2021-10-11,Standard,176.9,1421,1
10087,Jeffrey Hunter,michaeljohnson@example.com,Amandaville,United Kingdom,2022-12-28,Standard,136.01,978,1
10088,Rhonda Sherman,micheal11@example.net,West Edwardburgh,Germany,2024-12-06,Plus,426.98,269,1
10089,Alexis Heath,dunnjulie@example.net,Jefferyville,Italy,2024-09-22,Plus,514.2,344,1
10090,Brooke Gray,zstanton@example.org,Holmesborough,France,2024-03-29,Premium,535.54,521,1
10091,Amanda White,aramirez@example.net,,Spain,2025-01-16,Plus,283.09,228,0
10092,Melissa Watkins,james69@example.com,Davischester,United Kingdom,2024-07-01,Standard,69.79,427,1
10093,William Potter,adamsglenn@example.org,Coreyside,United Kingdom,2025-03-15,Standard,75.37,170,1
10094,Amber Rodriguez,munozcatherine@example.org,West Courtneyland,Spain,2022-02-13,Standard,207.67,1296,1
10095,Melissa Peterson,brandon79@example.org,Loganmouth,France,2022-03-10,Standard,111.75,1271,1
10096,Drew Kaufman,bmoore@example.net,Port Stephaniefort,Germany,2024-05-15,Plus,363.56,474,1
10097,Hannah Brown,michael41@example.com,Brianmouth,Germany,2023-11-13,Standard,138.7,658,1
10098,Amy Lynch,ahanna@example.net,Michelleberg,Italy,2023-01-30,Premium,855.52,945,1
10099,Sandra Norton,marysanchez@example.net,Christopherton,Germany,2023-06-17,Plus,343.68,807,1
10100,Christina Warren,brandon29@example.org,New Natashaport,Spain,2025-06-24,Standard,158.68,69,1
10101,Kevin Cruz,bennettbrent@example.net,South Aprilview,Italy,2023-09-01,Standard,193.61,731,1
10102,Tina Munoz,andrewscody@example.org,Davisville,France,2023-12-27,Standard,199.77,614,1
10103,Stephanie Vance,travis59@example.com,Port Paulfort,France,2021-08-31,Standard,150.32,1462,0
10104,Ryan Barrera,jeffrey54@example.net,Adamshire,Italy,2025-08-08,Standard,325.85,24,1
10105,Zachary Andrade,robert82@example.com,South John,United Kingdom,2023-11-18,Standard,252.49,653,1
10106,Jonathan Simmons,betty53@example.com,Lauraton,Spain,2021-08-28,Standard,294.76,1465,0
10107,Rebecca Brown,amber32@example.com,West Jackie,United Kingdom,2025-01-04,Standard,138.08,240,1
10108,Darlene Leblanc,amandaramirez@example.com,New Kaylahaven,Germany,2022-02-17,Plus,434.14,1292,0
10109,Patricia Bridges,annegriffin@example.net,Turnerchester,Spain,2024-05-12,Premium,1510.34,477,1
10110,Ruben Brown,patrickhuber@example.net,West Stevenstad,United Kingdom,2024-04-05,Standard,224.26,514,1
10111,Charles Valentine,richardsonlarry@example.com,Williamsshire,Germany,2025-05-20,Premium,1083.65,104,1
10112,Brian Mercado,marybullock@example.org,Ambershire,United Kingdom,2024-09-23,Standard,52.02,343,1
10113,Benjamin Scott,natashabaker@example.net,South Bryan,United Kingdom,2023-04-27,Standard,61.25,858,1
10114,Michelle Smith,dwalton@example.org,Johnsonfort,United Kingdom,2024-03-16,Standard,107.91,534,1
10115,Amy Powers,stevensonkaren@example.org,Zoemouth,Spain,2022-08-11,Plus,322.79,1117,0
10116,Thomas Alvarez,tyler01@example.net,East Keithland,United Kingdom,2021-10-01,Standard,113.71,1431,0
10117,Roger Wilcox,richard72@example.org,Courtneyton,Spain,2024-12-27,Standard,140.96,248,1
10118,Krystal Jackson,mcampbell@example.net,Taylorview,United Kingdom,2024-01-26,Standard,171.95,584,1
10119,Timothy Salas,turnerkayla@example.com,Thomasstad,United Kingdom,2023-04-27,Standard,143.76,858,0
10120,Brittany Thompson,kellerariana@example.org,East Carrie,France,2023-06-26,Plus,624.52,798,1
10121,Robert Stone,carol20@example.org,New Paulhaven,France,2021-11-28,Plus,451.87,1373,0
10122,Bradley Lynch,craig36@example.net,East Brandybury,United Kingdom,2021-11-27,Standard,132.76,1374,1
10123,Michael Evans,rodneyfreeman@example.net,Garciafurt,Germany,2022-11-02,Standard,161.76,1034,0
10124,Sheri Newton,jyoder@example.org,Lake Katherine,France,2022-08-14,Standard,222.78,1114,1
10125,Nicholas Moss,ggordon@example.net,New Rebeccamouth,Spain,2025-05-06,Standard,357.59,118,1
10126,Michael Woods,john46@example.net,Bellfurt,Germany,2022-02-22,Plus,460.61,1287,1
10127,Melissa Barton,bchavez@example.com,North Amber,Spain,2025-03-23,Plus,601.84,162,1
10128,Steven Gray,destiny34@example.org,Dawnbury,Germany,2022-09-09,Premium,709.99,1088,1
10129,David Conway,raymondosborn@example.net,Leeport,France,2021-11-08,Premium,924.99,1393,1
10130,Tracy Edwards,vincent30@example.net,Taylorhaven,Germany,2022-06-05,Standard,270.34,1184,1
10131,David Lin,bgraham@example.org,Jasminetown,United Kingdom,2022-12-27,Standard,193.49,979,1
10132,Mr. Devin Kelly,robertleonard@example.com,North Melissaside,Spain,2022-10-14,Standard,297.7,1053,0
10133,Jeremiah Spencer,gonzalezariel@example.org,Kingside,Germany,2022-12-12,Standard,274.86,994,1
10134,Melissa Hernandez,danielle44@example.com,South Courtneyland,United Kingdom,2023-09-15,Standard,90.56,717,1
10135,Connor Meyer,andrewbuckley@example.com,Debbiefurt,France,2023-09-13,Standard,57.0,719,1
10136,Nancy Robertson,joseph56@example.org,Lake Johnny,Germany,2023-11-30,Standard,104.36,641,1
10137,Michelle Henson,curtisturner@example.com,Charleschester,United Kingdom,2025-04-18,Standard,181.6,136,1
10138,Justin Walker,jay44@example.net,,United Kingdom,2022-03-26,Plus,768.94,1255,1
10139,Christine Ellison,sandovalchristopher@example.com,Cunninghamview,France,2021-08-09,Premium,1208.9,1484,0
10140,Christina Murphy,daisy71@example.org,Alisonview,Spain,2025-01-24,Standard,88.53,220,1
10141,Kristine Rasmussen,yvonne88@example.net,Ricardoburgh,Spain,2022-02-09,Premium,641.87,1300,0
10142,Ian Leon,mosstracey@example.com,North Claudia,United Kingdom,2024-04-04,Plus,266.35,515,1
10143,Randy Roberts,michaeltorres@example.org,Lewisberg,Germany,2023-10-11,Plus,781.51,691,1
10144,Clinton Huang,sheila54@example.com,Alicefurt,Italy,2023-04-11,Premium,1004.85,874,1
10145,Joshua Harris,emma09@example.net,Rodriguezbury,United Kingdom,2024-06-24,Premium,370.4,434,1
10146,Edward Santos,okennedy@example.org,,Italy,2022-06-29,Standard,148.56,1160,1
10147,Victoria Olson,dianawatkins@example.org,North Jeromeberg,France,2022-05-12,Plus,289.59,1208,1
10148,Patricia Meyer DDS,hrichards@example.com,Jeffside,Spain,2022-06-13,Premium,1468.95,1176,0
10149,Jason Clark,ijohnson@example.org,Davidberg,Italy,2023-07-04,Standard,59.72,790,1
10150,Megan Lee,vortega@example.org,New Crystalton,Germany,2023-11-05,Standard,120.95,666,1
10151,Pamela Pearson,danielanthony@example.com,Roseberg,Germany,2025-05-28,Premium,735.08,96,1
10152,Keith Dillon,lcastillo@example.org,South Michele,Spain,2023-12-31,Standard,48.28,610,1
10153,James Johnson,ocox@example.com,East Keith,Germany,2024-02-27,Standard,97.24,552,1
10154,Hannah Wood,rebeccahernandez@example.com,Bruceland,Germany,2023-10-06,Standard,66.9,696,1
10155,Lisa Adams,tayloramanda@example.org,Dianafurt,United Kingdom,2025-06-21,Plus,343.23,72,1
10156,Diana Martinez,cherylking@example.org,Gloriamouth,United Kingdom,2022-12-04,Plus,338.96,1002,0
10157,Brenda Brown,samueljordan@example.net,New Paul,Germany,2022-02-14,Standard,67.85,1295,1
10158,Matthew Powell,newtoncraig@example.net,South Sierraside,United Kingdom,2022-08-05,Plus,401.96,1123,1
10159,Melinda Cook,williamdavis@example.org,Westborough,Italy,2023-10-20,Premium,1223.26,682,1
10160,Tina Nielsen,ryannavarro@example.org,West Christopher,France,2023-06-02,Standard,125.22,822,1
10161,Dorothy Hill,smithdaniel@example.org,Lake Tammy,Germany,2023-10-03,Standard,115.28,699,1
10162,Amber Castro,sara71@example.com,Paulchester,France,2023-09-04,Plus,399.54,728,1
10163,Nicole Avery,ortizdonald@example.org,Fuentesland,United Kingdom,2023-12-13,Plus,229.28,628,1
10164,Dr. Brittney Pratt,davidadams@example.com,Lake Brandon,United Kingdom,2024-10-18,Plus,357.31,318,1
10165,Paul Carlson,qgallagher@example.org,North Derrick,France,2025-01-15,Plus,373.33,229,1
10166,Todd Williams,lauralee@example.com,Mikestad,Germany,2022-05-22,Premium,746.32,1198,0
10167,Cheryl Brooks,kimberlyorr@example.com,South Madison,France,2024-10-26,Standard,122.67,310,1
10168,Gregory Berry,rwashington@example.org,Timothyshire,France,2022-05-04,Standard,84.12,1216,1
10169,Kimberly Montgomery,wsmith@example.com,North Courtneytown,United Kingdom,2024-07-19,Standard,118.45,409,1
10170,Robert Benitez,shawnhawkins@example.org,Hoffmanport,Spain,2024-08-22,Standard,178.61,375,1
10171,Jillian Doyle,nbrown@example.org,North Scott,United Kingdom,2021-09-07,Standard,120.84,1455,1
10172,Scott Morgan,melissasmith@example.com,Lake Kristen,United Kingdom,2022-03-19,Standard,262.39,1262,0
10173,Danielle Smith,kmoody@example.net,East Wesley,France,2022-12-13,Standard,156.27,993,0
10174,Vincent Rodriguez,lmarks@example.net,Jenniferfurt,France,2023-08-15,Standard,192.22,748,1
10175,Rachel Holland,jmiller@example.net,Lake Amyton,Germany,2023-07-30,Standard,66.27,764,1
10176,Amanda Kim,bhopkins@example.com,East Edwardfurt,United Kingdom,2022-08-15,Plus,706.26,1113,1
10177,Thomas Williams,ccontreras@example.org,New Charlesfurt,France,2023-12-21,Plus,386.05,620,1
10178,Megan Scott,frenchlaurie@example.org,Williamsmouth,Germany,2022-11-12,Premium,486.27,1024,1
10179,Matthew Taylor,uwilliams@example.com,Port Mary,Spain,2022-04-13,Standard,80.26,1237,0
10180,Brenda Pittman,fgomez@example.com,Derekbury,France,2023-07-13,Plus,675.74,781,1
10181,Gregory Stone,greentimothy@example.com,Whiteville,Italy,2022-02-09,Standard,102.72,1300,1
10182,Robert Booth,lisawatson@example.net,,Italy,2022-01-23,Standard,214.72,1317,1
10183,Christopher Roberts,selenaharmon@example.net,Lake Ryan,France,2022-03-30,Standard,315.38,1251,1
10184,Kyle Knight,hkrause@example.org,Paulaport,United Kingdom,2023-01-17,Plus,360.68,958,1
10185,Stephanie Bennett,shall@example.org,Matthewstad,Germany,2021-12-16,Standard,74.67,1355,0
10186,John Wong,elawrence@example.org,South Isaac,France,2024-04-16,Standard,113.34,503,1
10187,Timothy Love,pcoleman@example.net,Hillbury,France,2022-08-22,Premium,733.25,1106,1
10188,Beverly Willis,hernandezjennifer@example.org,Bryantville,Spain,2024-10-27,Premium,1045.71,309,1
10189,Andrew Jenkins,amber89@example.org,South Catherine,Italy,2024-04-19,Plus,507.99,500,1
10190,Rebecca Clark,jacobmcdonald@example.org,Port Lisa,United Kingdom,2024-08-30,Standard,269.31,367,1
10191,Mr. Scott Bush,tjackson@example.net,Port Heather,France,2022-01-04,Standard,161.1,1336,0
10192,Julie Colon,warddonald@example.com,North Brenda,France,2025-04-09,Standard,557.85,145,1
10193,Shane Ramirez,nmiller@example.net,Port Luistown,United Kingdom,2023-10-29,Plus,299.78,673,1
10194,Jason Farrell,garzamarie@example.com,Jeremiahbury,United Kingdom,2023-05-11,Standard,186.01,844,1
10195,James Richardson,higginsalyssa@example.com,Williamschester,France,2022-01-25,Plus,382.83,1315,1
10196,Keith Perez,patriciacameron@example.org,West Rachel,United Kingdom,2021-12-15,Standard,236.25,1356,0
10197,Cynthia Valenzuela,jpham@example.org,Wagnerview,Spain,2025-06-08,Standard,341.53,85,1
10198,Patricia Crawford,michael19@example.org,Hudsonbury,Germany,2024-11-28,Plus,507.85,277,1
10199,Evan Ellis,mcampbell@example.com,New Stephenhaven,Italy,2023-03-16,Plus,530.8,900,1
10200,Patricia Shepard,zcastro@example.com,North John,France,2021-07-26,Plus,985.73,1498,0
10201,Stephanie Mckinney,stacysullivan@example.net,Cynthiaburgh,United Kingdom,2024-09-24,Plus,572.8,342,1
10202,Brenda Sparks,david77@example.net,East Amberhaven,Spain,2025-04-11,Plus,286.63,143,1
10203,Dr. Patricia Martinez,nsimon@example.com,Kellytown,Germany,2021-09-17,Standard,135.02,1445,1
10204,Frederick Mcdonald,wgarrett@example.net,Jonathanton,Spain,2022-02-10,Standard,77.98,1299,0
10205,Christopher Drake,robertschase@example.org,Sancheztown,France,2023-07-24,Standard,264.11,770,1
10206,Robert Patrick,nelsoneric@example.net,Sheliaport,Italy,2023-05-03,Plus,570.3,852,1
10207,Lacey Phillips,andersondaniel@example.net,South Daniel,Germany,2022-10-04,Standard,119.17,1063,1
10208,Jennifer Leon,durhamcurtis@example.org,New Benjamin,Germany,2024-03-22,Plus,392.69,528,1
10209,Randy Hudson,qbrady@example.org,New Krista,United Kingdom,2023-01-25,Plus,444.43,950,1
10210,Ryan Roberts,rbrown@example.org,Kimland,Italy,2024-02-14,Plus,579.16,565,1
10211,Amy Carroll,sgillespie@example.com,Carrieton,United Kingdom,2024-04-07,Premium,867.69,512,1
10212,Steven Griffin,williamsthomas@example.org,Andradefurt,Italy,2023-02-04,Plus,257.27,940,1
10213,Kevin Larson,vrogers@example.com,Port Travis,Germany,2022-04-12,Plus,502.0,1238,0
10214,Bradley Hernandez,macdonaldmary@example.org,Michaelberg,Spain,2023-03-16,Plus,347.31,900,1
10215,Ralph Townsend,pbarnes@example.com,Oconnellfort,Germany,2024-11-29,Plus,408.8,276,1
10216,Kimberly Moore,nmanning@example.com,Owensville,Germany,2022-10-14,Plus,425.5,1053,1
10217,Samuel Stewart,ayalasandra@example.net,Wardside,Germany,2021-12-10,Standard,104.91,1361,1
10218,John Clark,qowens@example.org,Williamsport,United Kingdom,2023-05-10,Plus,350.62,845,1
10219,Karen Garza,igreen@example.com,Lake Mariaborough,France,2022-04-27,Standard,170.79,1223,1
10220,Linda Valentine,parkermark@example.org,South Donald,France,2023-01-06,Plus,498.79,969,0
10221,Benjamin Flores,kennethhaynes@example.net,East Gabriel,United Kingdom,2022-09-01,Standard,55.43,1096,1
10222,Timothy Padilla,stacey37@example.com,East Matthewton,Spain,2023-08-30,Plus,436.07,733,1
10223,Denise Buchanan,blozano@example.org,West Rachelland,France,2022-12-31,Premium,680.72,975,0
10224,Diana Mendez MD,barrettchristina@example.org,Danielburgh,Spain,2025-01-16,Standard,152.69,228,1
10225,Tammy Craig,xsmith@example.com,Rodriguezshire,United Kingdom,2025-01-31,Standard,155.2,213,1
10226,Ashley Galvan,april90@example.com,Wallfurt,Spain,2023-11-01,Plus,338.98,670,1
10227,Brian Nguyen,claytondiane@example.com,Martinborough,United Kingdom,2022-12-22,Premium,1271.34,984,1
10228,Elizabeth Robinson,elizabethsalas@example.org,East Amy,United Kingdom,2023-05-09,Standard,135.87,846,1
10229,Anthony Morgan,nmurphy@example.com,Rachelbury,United Kingdom,2023-08-18,Standard,150.13,745,1
10230,Sarah Nichols,jennifercoffey@example.org,Stokesfort,United Kingdom,2024-03-18,Standard,50.36,532,1
10231,Daniel Strong,charlesbryant@example.org,West Chrishaven,France,2024-11-25,Standard,100.72,280,1
10232,Betty Wallace,jerome70@example.com,Port Henrymouth,Germany,2024-02-02,Standard,191.88,577,1
10233,Cindy Patterson,sean55@example.org,Jonesstad,Italy,2024-04-08,Plus,432.66,511,1
10234,Jennifer Larsen,marvin31@example.net,Heathermouth,Germany,2024-04-20,Standard,140.08,499,1
10235,Jeffrey Mccormick,uoconnor@example.com,North Matthewstad,Germany,2023-03-14,Plus,217.11,902,1
10236,Richard Chavez,hilljames@example.org,Ashleymouth,Germany,2023-10-11,Plus,332.8,691,1
10237,Kathryn Bates,hgiles@example.org,Johnville,United Kingdom,2023-10-29,Plus,299.97,673,1
10238,Marcus Hernandez,paulmartin@example.org,Kylieborough,Germany,2024-03-04,Plus,281.25,546,1
10239,Nicole Wright,djohnson@example.com,Sabrinaton,United Kingdom,2022-05-27,Premium,1398.09,1193,0
10240,Jesse Valentine,vguzman@example.net,Masonside,Spain,2022-07-30,Standard,280.07,1129,1
10241,Erik Lopez,hernandezkyle@example.net,Carrilloport,France,2023-08-31,Plus,401.5,732,1
10242,Amy Rodriguez,lambertmaria@example.org,West Cynthiaberg,Spain,2022-03-18,Plus,799.78,1263,0
10243,Christina Stevens,kevingraves@example.org,Lake Jay,United Kingdom,2023-02-16,Standard,210.1,928,1
10244,Mackenzie Brown,blanchardmichael@example.net,South Kristenside,Spain,2025-04-26,Plus,331.16,128,1
10245,Debra Ellis,phillipkelley@example.com,Garciashire,United Kingdom,2024-12-28,Standard,83.36,247,1
10246,Doris Gonzalez,scottlauren@example.net,Morganfort,Italy,2025-05-15,Standard,374.09,109,1
10247,Valerie Young,rjones@example.net,Troychester,France,2024-11-10,Standard,303.96,295,1
10248,Michelle Walker,mjones@example.net,Morganmouth,Spain,2024-05-06,Standard,146.09,483,1
10249,Christopher Martinez,mpeterson@example.com,West Shanetown,United Kingdom,2024-01-16,Standard,187.38,594,1
10250,Isaac Bell,sararodriguez@example.com,East Kristinamouth,France,2022-06-01,Premium,1132.91,1188,0
10251,Megan Davis DDS,johnsonnatalie@example.org,Hernandezfort,United Kingdom,2023-06-24,Plus,583.94,800,1
10252,Christine Myers,debbie29@example.net,Hooperfurt,Germany,2022-02-12,Standard,43.97,1297,1
10253,Jessica Harris,rebecca16@example.org,South Lisa,Spain,2022-10-14,Plus,408.93,1053,1
10254,Vanessa Gutierrez,iliu@example.org,Eugeneview,United Kingdom,2025-04-13,Standard,332.14,141,1
10255,Jesse Savage,xholden@example.org,West Chelsea,Germany,2022-03-23,Standard,255.48,1258,1
10256,David Glenn,hannahkennedy@example.com,Underwoodmouth,United Kingdom,2024-12-30,Standard,204.3,245,1
10257,Paul Wallace,david99@example.net,Dianetown,Germany,2024-03-08,Premium,1056.07,542,1
10258,Corey Richard,casey38@example.net,North Alexander,Germany,2025-07-11,Plus,215.65,52,1
10259,John Malone,elizabeth90@example.com,,Germany,2022-01-28,Premium,404.87,1312,0
10260,Karen Glover,zcross@example.net,Lake Heidi,Germany,2023-05-27,Premium,522.92,828,1
10261,Regina Clark,wvega@example.org,West Samuel,Germany,2024-05-20,Standard,143.01,469,1
10262,Ashley Hawkins,rojasmegan@example.com,Lake Blakechester,United Kingdom,2025-04-11,Standard,120.31,143,1
10263,Edward Holloway,annvargas@example.net,Kaufmanbury,United Kingdom,2024-08-15,Standard,211.23,382,1
10264,Kelsey Horne,kingkevin@example.org,Mckinneyport,Spain,2021-10-28,Standard,238.42,1404,1
10265,Mark Finley,wburton@example.org,Lake Joseton,Germany,2025-08-05,Standard,114.59,27,1
10266,Jennifer Prince,krodgers@example.org,Ortegaland,France,2021-12-05,Standard,638.43,1366,1
10267,Kevin Zamora,nicolejones@example.org,Tylerburgh,Germany,2023-10-07,Standard,70.04,695,1
10268,Caleb Padilla,millerjulian@example.net,Griffinton,United Kingdom,2025-07-12,Plus,320.29,51,1
10269,Tammy Brown,pnixon@example.net,Rayfort,United Kingdom,2025-06-21,Standard,83.21,72,1
10270,Elizabeth Long,elizabethjones@example.net,Martinfort,Germany,2024-12-12,Plus,420.25,263,1
10271,Nicholas Stevenson,danielrogers@example.com,Salazarton,Germany,2024-10-12,Standard,182.64,324,1
10272,Mr. Stephen Cox,jessicastevens@example.com,Wellsburgh,Spain,2021-12-20,Premium,682.7,1351,0
10273,Brittany Mitchell,fitzgeraldbarbara@example.net,New Laurenview,France,2023-02-23,Standard,134.51,921,1
10274,Bailey Ortiz,logan82@example.org,New Russellborough,Spain,2024-04-11,Plus,411.96,508,1
10275,Taylor Nelson,crivera@example.com,Christopherville,Spain,2025-02-05,Standard,130.26,208,1
10276,Anne Pierce,frymelanie@example.net,Martinezport,Germany,2021-08-05,Premium,682.94,1488,1
10277,Beth Davila,taylorjessica@example.net,Lake Deborah,Italy,2022-08-22,Premium,1257.09,1106,0
10278,Stephen Acosta,lwhite@example.org,,France,2022-05-28,Standard,315.02,1192,1
10279,Gregory Hampton II,alan14@example.org,Murphyville,United Kingdom,2022-04-22,Standard,244.29,1228,1
10280,Lindsey Martinez,blevinstammy@example.com,Christopherport,United Kingdom,2021-11-11,Standard,181.64,1390,1
10281,Linda Nelson,coxbrent@example.org,West Joseph,United Kingdom,2024-08-27,Plus,672.52,370,1
10282,Zoe Coleman,christopherhughes@example.org,Robertsonberg,France,2025-04-05,Standard,67.04,149,1
10283,Mrs. Rebecca Stephens,tranmariah@example.org,Danielburgh,United Kingdom,2024-04-30,Standard,167.8,489,1
10284,Tiffany Bailey,kennethmorris@example.com,Lake Kathleenborough,Italy,2025-02-02,Plus,639.13,211,1
10285,Mary Wilkinson,ysnyder@example.org,Michaelshire,Italy,2022-08-30,Standard,128.39,1098,0
10286,Edwin King,osmith@example.net,Johnsonhaven,Germany,2021-12-10,Standard,316.77,1361,1
10287,Amy Watkins,brandon15@example.net,East Lisa,France,2023-04-18,Plus,701.79,867,0
10288,Christina Garcia,danielmiller@example.net,North Kimtown,France,2025-08-03,Premium,821.34,29,1
10289,Erica Fox,david94@example.com,Kellyton,Germany,2022-05-03,Plus,378.39,1217,1
10290,Jodi Page,phelpsrebecca@example.com,New Barbaraside,United Kingdom,2024-06-03,Premium,1308.26,455,1
10291,Carolyn Ward,johnsonlisa@example.net,New Mallorymouth,Germany,2024-09-10,Standard,180.6,356,1
10292,Patrick Lewis,qsuarez@example.com,Port Jessicaton,United Kingdom,2023-10-17,Plus,326.97,685,1
10293,Rebecca Montes,hsanchez@example.net,West Dianastad,Spain,2023-01-13,Plus,653.07,962,1
10294,Patrick Davis,vernon21@example.com,Lake Annfurt,Germany,2023-04-05,Standard,94.5,880,1
10295,Jo Curtis,parsonsjulie@example.org,Hessside,Spain,2025-05-16,Standard,140.61,108,1
10296,Nathan Kennedy,melindamassey@example.com,New Pam,Italy,2023-08-09,Standard,267.37,754,1
10297,Richard Todd,jonathanwise@example.org,New Autumnfort,Germany,2024-01-12,Premium,1053.93,598,1
10298,Travis Fisher,timothyturner@example.com,Vazquezmouth,United Kingdom,2023-07-12,Standard,127.63,782,1
10299,Shawn Sanders,jacobball@example.net,Hoffmanview,United Kingdom,2021-09-09,Standard,310.26,1453,1
10300,Eric Blanchard,gilbertvicki@example.org,South Cindyview,France,2025-01-26,Standard,210.66,218,1
10301,Clayton Allen,brownnatasha@example.org,West Brian,United Kingdom,2022-08-16,Plus,264.67,1112,1
10302,Gary Higgins,david81@example.org,Paulview,Italy,2024-05-31,Standard,289.95,458,1
10303,Faith Vazquez,fullergary@example.org,Aprilside,Germany,2022-01-04,Standard,146.14,1336,1
10304,Dr. Thomas Lowery,ruizsara@example.org,New Kevin,France,2023-02-11,Premium,1175.63,933,0
10305,Timothy Campbell,goodlisa@example.net,Ayalaborough,France,2023-10-21,Premium,1120.57,681,1
10306,Mrs. Sandra Mcmahon,pchurch@example.com,Ortegastad,United Kingdom,2024-01-31,Standard,111.28,579,1
10307,Thomas Lawrence,travisdanielle@example.com,North Carolton,Spain,2022-06-19,Plus,414.21,1170,1
10308,Duane Thomas,colleen05@example.com,Lake Jonathan,France,2023-05-10,Standard,230.43,845,1
10309,Jennifer Oneal,samanthacross@example.net,New Elizabethtown,Germany,2022-12-30,Plus,338.46,976,1
10310,Derek Hogan,byrddaisy@example.com,Johnsonfurt,United Kingdom,2021-12-18,Standard,129.13,1353,0
10311,Ricky Potter,ibell@example.com,Lake Brandonmouth,Italy,2025-06-14,Standard,102.2,79,1
10312,Gabriel Bolton,kelseyharris@example.org,Smithchester,United Kingdom,2024-05-15,Standard,283.46,474,1
10313,Whitney Wong,dicksonbreanna@example.com,North Kimberly,France,2022-09-20,Standard,197.31,1077,1
10314,William Mejia,amymoss@example.com,Trevinobury,United Kingdom,2023-05-05,Plus,512.43,850,1
10315,Paul Wilkinson,robert87@example.net,Catherinemouth,United Kingdom,2024-06-27,Standard,370.02,431,1
10316,Jodi Sherman,wgonzalez@example.org,Port Spencerton,Germany,2022-06-28,Plus,595.45,1161,0
10317,Roberto Oneal,michael11@example.net,West April,Germany,2022-05-09,Standard,157.45,1211,1
10318,Sarah Jones,schmidtluis@example.net,East Ryan,France,2023-01-30,Plus,412.53,945,0
10319,Cynthia Rodriguez,mendozaandrew@example.com,North Gary,Germany,2025-01-29,Standard,129.95,215,1
10320,Jonathan Torres,kayla64@example.org,New Gary,United Kingdom,2023-11-17,Standard,55.87,654,1
10321,Barbara Beck MD,robert74@example.net,South Mary,United Kingdom,2025-02-21,Standard,182.65,192,1
10322,Autumn Alvarado,hansonjames@example.org,Lake Tinahaven,France,2025-01-02,Standard,114.41,242,1
10323,Brandi Soto,jfranco@example.org,Stevenmouth,Germany,2022-03-05,Standard,436.63,1276,0
10324,Kelly Coleman,williamsmith@example.net,New Kyleton,Germany,2025-05-04,Standard,197.39,120,1
10325,Katherine Cain,yanderson@example.com,Gregoryfort,Spain,2025-06-26,Plus,779.04,67,1
10326,Amanda Nelson,fdominguez@example.com,,France,2021-12-04,Standard,52.59,1367,0
10327,Kaitlin Ali,caseywendy@example.net,Port Francisco,United Kingdom,2022-09-27,Premium,885.1,1070,1
10328,Brian Oneal,brian91@example.org,New Paulchester,Germany,2021-08-21,Standard,60.18,1472,1
10329,Joshua Arnold,rjohnson@example.net,Larryfort,Germany,2025-03-16,Plus,605.42,169,1
10330,Scott Clark,krystalsanders@example.net,North Tanyahaven,France,2023-10-14,Standard,35.9,688,1
10331,Bradley Wright,anovak@example.com,North Bruce,Germany,2022-12-26,Standard,156.31,980,1
10332,Stephen Craig,antonio02@example.net,North Brandon,Germany,2025-05-13,Plus,285.03,111,1
10333,Joshua Willis,chenjames@example.net,Lake Paulside,United Kingdom,2023-07-05,Premium,1248.32,789,1
10334,Larry Bennett,alikyle@example.net,New Emilyberg,United Kingdom,2022-07-22,Plus,434.36,1137,0
10335,Donald Howell,cruzmason@example.net,Port Alexisburgh,France,2024-12-27,Standard,21.95,248,1
10336,Kimberly Harris,samuelallen@example.org,North Bryceport,United Kingdom,2025-07-15,Standard,45.4,48,1
10337,Christy Villarreal,uanderson@example.com,Joneshaven,France,2023-02-04,Plus,486.83,940,0
10338,Misty Johnson,richard50@example.net,Danielleton,France,2025-06-12,Standard,199.57,81,1
10339,Shannon Nelson,gdavis@example.com,New Betty,Germany,2023-02-04,Standard,54.24,940,1
10340,Paige James,miguel58@example.com,Lake Jonathan,France,2024-03-18,Standard,164.98,532,1
10341,Blake Nguyen,john96@example.com,Lake Jeremytown,Spain,2024-05-17,Premium,1017.49,472,1
10342,Sarah Mayer,austin01@example.org,Elizabethmouth,United Kingdom,2025-01-03,Plus,646.6,241,1
10343,Karen Brown,haleystevens@example.net,Port Gabrielle,United Kingdom,2022-09-19,Plus,333.76,1078,1
10344,Christy Matthews,kadkins@example.net,West Georgefort,France,2025-01-16,Premium,871.62,228,1
10345,James Chavez,amanda20@example.org,Port Mark,United Kingdom,2023-10-18,Plus,420.95,684,1
10346,Michelle Fischer,kimberly43@example.org,Woodstad,France,2025-05-13,Standard,256.95,111,1
10347,Christopher Williams,costaelizabeth@example.org,Robinsonmouth,Germany,2024-06-21,Premium,1144.39,437,1
10348,Sylvia Burke,maddoxkirk@example.net,North Jeremy,United Kingdom,2022-09-10,Standard,60.57,1087,1
10349,Christine Turner,johnsonolivia@example.com,Whiteside,United Kingdom,2021-10-04,Standard,218.35,1428,0
10350,Brandy Le,greenebrent@example.com,South Scottstad,Italy,2022-02-21,Premium,2826.88,1288,0
10351,Lisa Rodriguez,danielle86@example.org,Georgeport,United Kingdom,2021-12-14,Plus,278.29,1357,1
10352,Robert Lloyd,richard71@example.org,East Monicamouth,Italy,2022-01-09,Premium,492.52,1331,1
10353,Anna Parker,brittanybowman@example.org,Danielburgh,United Kingdom,2022-05-07,Standard,262.38,1213,1
10354,Cheryl Sexton,micheletanner@example.com,Port Anthonyfort,United Kingdom,2021-12-03,Premium,1222.68,1368,0
10355,Rachel Mccann,mullenjessica@example.net,Berryfort,Germany,2022-03-07,Standard,340.62,1274,0
10356,Scott Watson,ebonypatterson@example.org,South Davidton,France,2022-10-08,Standard,412.28,1059,1
10357,Phyllis Stafford,vsexton@example.org,Moodyside,United Kingdom,2023-08-03,Plus,284.37,760,1
10358,Cole Montoya,uturner@example.net,Lake Ambershire,United Kingdom,2023-11-19,Plus,493.66,652,1
10359,Samuel Rodriguez,johnathan26@example.net,Estradaton,Italy,2023-09-19,Standard,56.43,713,1
10360,Kevin Hamilton MD,walkerharry@example.org,Harperfurt,Italy,2021-12-30,Standard,125.1,1341,0
10361,Peter Kirby,jonesdanielle@example.org,Lake Veronica,France,2023-06-11,Plus,428.52,813,1
10362,Tanya Allen,ibecker@example.org,Wellsstad,United Kingdom,2022-01-26,Standard,166.8,1314,1
10363,Ryan Gomez,anthony50@example.org,Lake Sarahberg,United Kingdom,2024-06-05,Standard,197.9,453,1
10364,Donna Martin,justinperez@example.com,West Nicolebury,Germany,2022-01-14,Premium,1134.44,1326,0
10365,Amy Daniel,owilliams@example.com,Normanfort,Italy,2024-01-15,Standard,190.55,595,1
10366,Michelle Lopez,nharrell@example.net,East Josephton,Italy,2023-03-08,Plus,452.71,908,1
10367,Derrick Davis,lisacowan@example.net,Lauraview,United Kingdom,2023-02-16,Premium,570.11,928,1
10368,Craig James,kaitlinevans@example.org,Barkermouth,Germany,2024-06-29,Standard,170.36,429,1
10369,Melissa Rojas,jaclyn46@example.net,West Paulamouth,Spain,2024-04-11,Standard,150.88,508,1
10370,Jacqueline Walker,johnmcdonald@example.org,Conradview,United Kingdom,2024-02-27,Premium,1068.78,552,1
10371,Jennifer Weber,kristina95@example.net,East Kelli,United Kingdom,2024-04-16,Standard,324.33,503,1
10372,Randall Ochoa,blopez@example.net,Brandyview,United Kingdom,2022-01-25,Plus,670.87,1315,1
10373,William Willis,greendonald@example.com,South Steven,United Kingdom,2022-07-27,Standard,228.0,1132,1
10374,Mr. Marc Harper,greenjames@example.com,Lyonschester,United Kingdom,2023-10-26,Plus,813.63,676,1
10375,Molly Boyd,kristine12@example.net,Petersonshire,Spain,2022-11-09,Standard,47.77,1027,1
10376,Lisa Sandoval,allen51@example.com,Lake Erika,Germany,2022-12-29,Standard,72.93,977,1
10377,Arthur Luna,gregorylewis@example.org,Romeroville,Germany,2022-03-02,Standard,137.0,1279,1
10378,Katherine Byrd,markdixon@example.net,Andreaview,United Kingdom,2025-06-11,Premium,2073.41,82,1
10379,Erin Lee DDS,calebsmith@example.com,West Heather,France,2023-12-31,Plus,608.32,610,1
10380,Brian Miller,rachel78@example.com,South Jesuschester,France,2021-11-14,Standard,94.01,1387,0
10381,Manuel Roach,gbaker@example.org,East Jamesbury,Germany,2024-07-11,Plus,664.69,417,1
10382,Angela Hernandez,dsnyder@example.org,Christyville,Italy,2022-06-06,Standard,76.23,1183,1
10383,Kaitlyn May,lscott@example.net,West Matthewport,United Kingdom,2022-09-30,Standard,327.32,1067,1
10384,Mario Reed,floresnancy@example.net,Lake Jessicaville,United Kingdom,2024-04-05,Premium,647.07,514,1
10385,Danielle Pope,andrewstephens@example.org,Johnstonview,United Kingdom,2024-05-14,Premium,2278.57,475,1
10386,Scott Patel,gbaker@example.org,Oliviamouth,France,2022-11-25,Standard,124.39,1011,1
10387,Amanda Hood,george68@example.com,Morrisside,Italy,2021-09-30,Standard,152.48,1432,0
10388,Erik King,ibrown@example.com,Port Jenniferport,Germany,2022-12-11,Standard,293.15,995,1
10389,Daniel Webb,gabrielle40@example.net,West Suzanneberg,United Kingdom,2021-12-30,Plus,493.75,1341,0
10390,Kevin Taylor,catherinecalderon@example.net,East Christopher,United Kingdom,2023-12-01,Standard,139.92,640,1
10391,Michelle Sharp,zachary53@example.com,Danielburgh,United Kingdom,2025-01-03,Plus,451.92,241,1
10392,Thomas Mccarty,cheyennejohnston@example.net,Harrismouth,United Kingdom,2021-10-01,Plus,289.26,1431,1
10393,Andrew Cox,bairdmark@example.org,Lake Julian,France,2022-07-21,Premium,859.61,1138,1
10394,Travis Garcia,carpentercassandra@example.org,Annestad,Italy,2022-06-10,Plus,677.68,1179,0
10395,Emily White,bennettjoel@example.com,South Theodorechester,Spain,2025-07-22,Plus,322.58,41,1
10396,Dr. Mason Jennings DDS,welchscott@example.net,New Stephen,Spain,2024-10-14,Standard,313.75,322,1
10397,Christopher Chang,william94@example.net,East Fredmouth,Germany,2024-11-04,Plus,404.49,301,1
10398,Jason Osborne,nperry@example.com,Lake Patrick,Germany,2021-12-11,Standard,307.23,1360,1
10399,Daniel Washington,jroy@example.org,New Jeffreybury,United Kingdom,2022-09-22,Standard,185.59,1075,1
10400,Carlos Perez,martinezclinton@example.com,Kimberlyside,France,2025-05-01,Standard,65.17,123,1
10401,Catherine Petersen,chapmanashley@example.org,South Andrea,United Kingdom,2023-12-10,Standard,62.12,631,1
10402,Samuel Silva,cynthia46@example.com,Sheastad,United Kingdom,2022-11-19,Standard,299.42,1017,1
10403,Andrea Heath,teresadavis@example.com,Pamelafurt,United Kingdom,2022-10-27,Premium,1814.7,1040,0
10404,Jorge Sosa,xarnold@example.org,Lake Jeffrey,United Kingdom,2023-01-23,Premium,1227.14,952,0
10405,Joshua Norton,smithkelly@example.org,North Leslieside,Germany,2022-12-10,Plus,503.91,996,0
10406,Rodney Davis,rioscarla@example.com,Debrafurt,United Kingdom,2023-04-04,Premium,695.35,881,1
10407,Krista Carpenter,tina01@example.net,New Glennborough,France,2023-02-16,Standard,225.77,928,1
10408,Leslie Butler,morrisonsteven@example.org,South Lauren,Spain,2024-12-18,Plus,462.34,257,1
10409,Samantha Young,fritzjessica@example.org,Bakerbury,United Kingdom,2023-11-09,Standard,132.61,662,1
10410,Billy Pugh,iwalters@example.org,Lanebury,Italy,2023-03-29,Standard,309.59,887,1
10411,Susan Pearson,benjaminlee@example.net,North Jamie,United Kingdom,2023-05-16,Plus,810.9,839,1
10412,Kathy Joseph DVM,michaeljimenez@example.org,Christinefort,Germany,2023-04-08,Standard,166.2,877,1
10413,Yolanda Whitney,john03@example.net,Jamestown,Germany,2022-11-27,Standard,101.73,1009,1
10414,Robert Espinoza,juliabailey@example.net,,United Kingdom,2023-05-28,Standard,174.05,827,1
10415,Joseph Nguyen,kathleen44@example.net,North Anthonybury,United Kingdom,2022-01-11,Standard,307.43,1329,0
10416,Angela Valencia,rhunt@example.net,Mitchelltown,Germany,2024-03-22,Plus,220.42,528,1
10417,Anthony Woodard,jennifer14@example.net,New Jean,Germany,2024-12-12,Standard,127.17,263,1
10418,Kimberly Simmons,whitakerjessica@example.com,South Kyleburgh,Italy,2025-04-01,Standard,286.14,153,1
10419,Antonio Rosales,clinton62@example.com,Mooreburgh,Germany,2022-10-31,Plus,385.98,1036,1
10420,Steven Kim,twest@example.org,Bergside,Spain,2023-06-03,Plus,273.71,821,1
10421,Anna Wyatt,candicejackson@example.com,Lake Brittany,Germany,2023-06-25,Plus,300.82,799,1
10422,Michael Rose,felicia33@example.org,Gutierrezfort,Italy,2023-07-23,Standard,139.69,771,1
10423,Jason Flores,nicholasgordon@example.net,,Germany,2024-03-16,Plus,326.0,534,1
10424,Melanie Gonzales,hilllisa@example.org,South Megantown,Spain,2024-02-08,Plus,541.18,571,1
10425,Dana Peterson,mcknightmonica@example.net,Devinmouth,Italy,2022-03-22,Standard,275.55,1259,0
10426,Sherry Smith,alexander83@example.net,East Sheilamouth,France,2025-03-20,Plus,346.62,165,1
10427,Randy Sweeney,amelton@example.net,Buchananport,Germany,2021-12-12,Plus,570.95,1359,1
10428,Jordan Johnson,jamie50@example.com,West Williamstad,Italy,2021-12-28,Plus,345.16,1343,1
10429,Olivia Howard DDS,jennifercochran@example.net,Port Ryantown,United Kingdom,2025-01-12,Premium,658.79,232,1
10430,Lisa Navarro,kevinmartin@example.net,Tonyachester,France,2023-04-11,Plus,718.63,874,1
10431,Stacie Armstrong,christinewilliams@example.org,Alyssaville,United Kingdom,2023-05-18,Plus,355.96,837,1
10432,Bianca Mclean,markmiller@example.com,North Eric,France,2023-11-20,Standard,197.69,651,1
10433,Stephen Ortega,trichardson@example.com,South Bradside,Germany,2022-08-07,Premium,1463.85,1121,0
10434,Natasha Taylor,roytracy@example.net,Churchville,Germany,2022-05-21,Standard,224.8,1199,1
10435,Thomas Allen,joseph73@example.com,Staffordville,Germany,2024-02-19,Standard,163.36,560,1
10436,Joseph Stephens,travis90@example.com,Carrollside,France,2022-08-09,Plus,251.26,1119,1
10437,Devon Marshall,amiller@example.org,Lake Jamie,Germany,2023-10-30,Standard,139.68,672,1
10438,Christine Williams,christopher77@example.net,North Robynshire,United Kingdom,2024-07-14,Plus,364.82,414,1
10439,Dylan Gray,dylan89@example.org,North Patriciaville,Germany,2023-01-30,Standard,115.22,945,1
10440,Paul Allen Jr.,ashley67@example.org,Lake Justin,United Kingdom,2022-09-06,Plus,977.89,1091,1
10441,Anthony Gray,jeffreywatkins@example.net,South Sharon,Germany,2021-07-29,Standard,243.6,1495,0
10442,Melanie Dean,melissabrown@example.com,,United Kingdom,2025-03-14,Standard,169.67,171,1
10443,Alicia Webb,sampsonmelissa@example.net,East Maryshire,Spain,2023-02-13,Plus,387.62,931,1
10444,Logan Sawyer,kristin87@example.org,South Stefanieside,United Kingdom,2024-06-17,Plus,383.38,441,1
10445,Philip Morales,joshuaespinoza@example.com,New Jonathantown,France,2023-12-29,Standard,173.15,612,1
10446,Thomas Willis,andersontimothy@example.net,Port Jason,United Kingdom,2022-11-27,Standard,265.03,1009,1
10447,Scott Fields,medinaian@example.org,Tiffanychester,Germany,2024-03-27,Standard,86.93,523,1
10448,Jillian Williams,lisacasey@example.net,Jordanmouth,Italy,2024-06-07,Plus,712.88,451,1
10449,Elizabeth Reid,joshua48@example.org,Lake Debra,Spain,2023-08-05,Standard,156.67,758,1
10450,Gregory Sandoval,hyoung@example.net,Maryville,United Kingdom,2023-06-06,Premium,788.13,818,1
10451,Allison Williams,vaughnamanda@example.net,Port Mary,France,2025-04-09,Premium,797.02,145,1
10452,Benjamin Jackson,xcochran@example.net,Lake Cherylchester,Germany,2022-02-01,Plus,382.2,1308,1
10453,Donald Cummings,davidfisher@example.com,Rogermouth,Germany,2025-06-05,Plus,629.19,88,1
10454,Leslie Andrews,zlutz@example.com,South Dawn,Germany,2023-04-20,Premium,861.91,865,1
10455,Stephanie Perez,lisa04@example.net,North Jessicahaven,France,2022-07-07,Plus,390.74,1152,0
10456,Katherine Novak,patricksmith@example.com,Lake Katherine,United Kingdom,2021-08-05,Plus,611.36,1488,0
10457,Mary Herrera,jhernandez@example.net,South Patriciatown,United Kingdom,2025-07-14,Standard,219.26,49,1
10458,Angel Khan,jacqueline58@example.com,West Frank,United Kingdom,2022-10-20,Standard,128.0,1047,1
10459,Robin Garcia,underwoodwilliam@example.org,South Bridget,United Kingdom,2025-01-06,Standard,286.3,238,1
10460,Eric Phillips,tammy35@example.org,Patriciaport,United Kingdom,2025-06-23,Standard,116.78,70,1
10461,Monica Ross,george52@example.com,East Annafort,United Kingdom,2025-05-05,Standard,337.96,119,1
10462,Ms. Danielle Duran,michael78@example.net,Amberville,United Kingdom,2021-12-16,Plus,383.67,1355,0
10463,Melinda Mclaughlin,flemingandrew@example.com,South Michael,United Kingdom,2021-12-30,Plus,531.68,1341,0
10464,Victoria Harris DDS,ginapratt@example.org,West Brandonmouth,United Kingdom,2023-10-12,Standard,91.92,690,1
10465,Lance Hodges,benjamincassie@example.com,Abigailview,France,2024-11-28,Standard,36.05,277,1
10466,Krista Bailey,djensen@example.org,Davisfurt,United Kingdom,2023-06-10,Plus,554.33,814,0
10467,Michael Scott,bradleydelgado@example.com,Michaelfort,Germany,2022-01-28,Premium,558.17,1312,1
10468,Brandy Gonzalez,chase80@example.com,Lake Audreyfort,Germany,2024-05-17,Standard,74.14,472,1
10469,James Young,harmongloria@example.net,Julieside,United Kingdom,2025-03-14,Standard,190.37,171,1
10470,Jill Thomas,zmoore@example.com,New Gloria,Germany,2023-02-07,Standard,91.99,937,1
10471,Patrick Fernandez,jessica38@example.org,North Debbie,France,2024-07-29,Standard,244.05,399,1
10472,Joseph Horne,icollier@example.com,Amybury,United Kingdom,2022-10-08,Standard,295.82,1059,1
10473,Scott Keller,david82@example.org,Edwinbury,Spain,2024-08-14,Standard,92.91,383,1
10474,Christopher Smith,lholland@example.net,Meganmouth,Germany,2023-12-23,Plus,446.76,618,1
10475,Jessica Collins,arivera@example.net,East Williamchester,Germany,2024-07-02,Standard,159.32,426,1
10476,Lisa Parker,jacob66@example.net,Lake Shelbyton,Spain,2024-03-12,Plus,438.12,538,1
10477,Fred Clark,laura17@example.com,,Germany,2024-06-25,Standard,62.68,433,1
10478,Anthony Ford,tracyharper@example.org,Hallshire,Germany,2024-06-21,Standard,212.78,437,1
10479,Christine Bowman,aaroncampbell@example.com,Port George,United Kingdom,2023-09-21,Standard,115.54,711,1
10480,Kaitlyn Howard,burtonbriana@example.org,West Jasonfurt,United Kingdom,2025-05-12,Standard,30.41,112,1
10481,Robin Molina,esteselizabeth@example.com,Lake Janet,Spain,2024-06-18,Standard,125.37,440,1
10482,Joshua Adams,rjefferson@example.org,North Lance,Germany,2022-07-13,Standard,233.66,1146,0
10483,Sandra Hill,charles55@example.net,West Samantha,Germany,2022-12-21,Standard,98.06,985,1
10484,Andrew Marshall,kimberly21@example.com,Mcdonaldfurt,United Kingdom,2022-03-22,Standard,72.2,1259,0
10485,Lisa Matthews,zmorgan@example.net,Lake David,Germany,2023-11-10,Plus,340.06,661,1
10486,Megan West,shafferbrittany@example.org,Jacksonmouth,United Kingdom,2025-04-26,Standard,44.69,128,1
10487,Linda Lee,curtis88@example.net,Lake Lisa,Germany,2024-06-13,Standard,207.94,445,1
10488,Stephanie Montoya,bcampbell@example.net,Higginsland,United Kingdom,2025-06-14,Standard,146.97,79,1
10489,Kevin Hill,xkim@example.com,Matthewport,Germany,2022-04-04,Standard,104.3,1246,1
10490,Christopher Avila,twilkinson@example.com,Timothyhaven,France,2023-12-06,Standard,117.88,635,1
10491,Steven Ellis,ucruz@example.com,West Rebeccastad,United Kingdom,2022-01-14,Standard,36.63,1326,0
10492,Kenneth Banks DDS,chad04@example.com,,Germany,2023-10-31,Plus,209.52,671,1
10493,Kenneth Ochoa,deanbarton@example.net,Ericshire,France,2023-07-09,Plus,343.78,785,1
10494,Joseph Flowers,robert18@example.net,Port Stephen,United Kingdom,2022-01-03,Standard,182.46,1337,0
10495,Melissa Wright,xgarcia@example.com,Ruizshire,United Kingdom,2024-08-04,Plus,226.17,393,1
10496,James Wallace,arellanolaura@example.com,Garrisonberg,United Kingdom,2023-10-31,Plus,481.33,671,1
10497,Peggy Smith,julie44@example.com,South Tracy,Germany,2022-09-13,Standard,57.34,1084,1
10498,Adam Massey,thomashernandez@example.com,West Sara,France,2025-07-09,Premium,1284.94,54,1
10499,Yolanda Garcia,leah16@example.com,Rachelchester,United Kingdom,2021-09-03,Plus,502.82,1459,0
10500,Craig Rogers,sjames@example.net,Michaelmouth,Spain,2025-02-09,Standard,256.63,204,1
10501,Kathleen Butler,morenokelly@example.net,Mortonhaven,United Kingdom,2023-08-06,Standard,51.59,757,1
10502,James Gay,stephanie24@example.org,South Davidfort,Italy,2022-09-23,Standard,279.86,1074,1
10503,Katherine Harris,patrickburns@example.net,Jasonton,Germany,2022-10-31,Standard,227.28,1036,1
10504,Zachary Thompson,bdonovan@example.net,Chaneyland,United Kingdom,2024-12-21,Plus,318.46,254,1
10505,Christian Pollard,huntersamantha@example.org,Jonesberg,Germany,2024-12-30,Standard,48.67,245,1
10506,Barbara Rodriguez,gilljacqueline@example.com,New Ann,United Kingdom,2025-07-03,Premium,1032.82,60,1
10507,John Schwartz,jeanettesantiago@example.net,Geraldville,United Kingdom,2024-05-08,Standard,259.32,481,1
10508,Michael Lee,joseph32@example.com,East Loristad,Germany,2025-05-11,Premium,1515.8,113,1
10509,Keith Hess,christopher70@example.org,North Connieburgh,United Kingdom,2023-08-13,Plus,523.8,750,1
10510,Autumn Thomas,jthomas@example.com,West Angelicaport,France,2023-06-17,Standard,167.04,807,1
10511,Brandon Williams,nathan25@example.org,Mcphersonbury,United Kingdom,2023-02-02,Standard,168.4,942,1
10512,Joshua Gray,patriciaanderson@example.net,Garzatown,France,2022-09-14,Plus,364.33,1083,0
10513,Melissa Farrell,janice17@example.com,Mercedesport,United Kingdom,2022-12-16,Standard,140.72,990,1
10514,Rick Rose,danielhouston@example.org,East Kelly,France,2025-07-22,Premium,795.44,41,1
10515,Nicole Jones,uhenderson@example.net,,France,2022-10-27,Standard,46.66,1040,1
10516,Richard Riggs,melaniesmith@example.com,Lewisburgh,Spain,2022-01-21,Standard,218.16,1319,0
10517,Susan Bennett,veaton@example.net,New Heather,France,2025-06-20,Premium,625.75,73,1
10518,Tony Horn,bpetersen@example.org,Patrickside,United Kingdom,2023-07-13,Standard,104.91,781,1
10519,Misty Wilcox,herringveronica@example.org,Stevenstad,Spain,2022-08-16,Standard,278.67,1112,0
10520,Matthew Stanley,nicolehart@example.org,Cardenasmouth,United Kingdom,2024-08-04,Premium,445.16,393,1
10521,Daniel Bond,tammywiley@example.net,West Nancyberg,United Kingdom,2022-06-17,Standard,195.28,1172,1
10522,Wesley Deleon,davidwilson@example.com,Kimberlyville,France,2024-01-29,Standard,105.08,581,1
10523,Katherine Gillespie,downslarry@example.com,Jamesshire,Germany,2023-02-02,Standard,203.48,942,1
10524,Megan Wood,robertkelly@example.net,Howardfort,United Kingdom,2025-03-13,Plus,327.64,172,1
10525,Steven Jones,perezdaniel@example.com,Andersonchester,Italy,2022-10-19,Standard,71.33,1048,1
10526,Robert Reynolds,anthonywoodward@example.net,New Shawn,France,2024-04-03,Standard,99.11,516,1
10527,Patrick Barnes,ukent@example.org,North Sharon,United Kingdom,2022-11-11,Standard,238.29,1025,1
10528,Carlos Long,michael79@example.org,Youngmouth,France,2023-03-08,Standard,241.77,908,1
10529,Sheryl Carter,jpollard@example.org,Vasquezmouth,Germany,2022-11-29,Standard,99.27,1007,1
10530,Amy Obrien,nicolewebb@example.org,West Marissa,France,2022-09-07,Plus,399.93,1090,1
10531,Lisa Patel,christopheralexander@example.com,North Geraldville,United Kingdom,2022-01-29,Premium,905.53,1311,0
10532,Susan Jones,michaelsullivan@example.com,Lake Ronald,United Kingdom,2022-03-16,Plus,405.6,1265,0
10533,Joshua Porter,robertsonjoseph@example.org,Port Donald,United Kingdom,2024-12-31,Premium,785.16,244,1
10534,Timothy Chapman,martinjessica@example.net,Lucashaven,United Kingdom,2021-08-19,Plus,402.63,1474,0
10535,David Hernandez,xwilliams@example.org,Port Austinmouth,United Kingdom,2023-04-10,Premium,847.51,875,1
10536,Donna Reyes,erogers@example.org,Cristinabury,United Kingdom,2023-09-09,Plus,285.65,723,1
10537,Angela Wells,ngilbert@example.net,New Barbara,United Kingdom,2022-09-21,Premium,1063.17,1076,1
10538,David Wong,qfisher@example.net,,Germany,2022-02-16,Plus,341.11,1293,1
10539,William Holt,richardbryan@example.com,North Michelle,Italy,2024-09-27,Plus,718.71,339,1
10540,Angela Davidson,zwilliams@example.com,Turnerville,Italy,2021-10-26,Premium,1992.85,1406,0
10541,Jason Mccarthy,rebeccajones@example.org,North Michaelland,United Kingdom,2021-08-28,Standard,99.91,1465,0
10542,Shannon Washington,tracy64@example.net,Jasonchester,Germany,2023-09-28,Standard,239.47,704,1
10543,Christina Blake,bmooney@example.org,North Katherinehaven,United Kingdom,2024-05-04,Plus,333.38,485,1
10544,Katie Cooper,phutchinson@example.net,Riceshire,United Kingdom,2023-08-15,Standard,343.7,748,1
10545,Danny Perez,domingueztimothy@example.org,Smithton,France,2023-03-10,Standard,282.34,906,1
10546,Melinda Juarez,princelori@example.net,Lake Julie,United Kingdom,2024-10-31,Standard,246.16,305,1
10547,Daniel Frost,fberger@example.org,South Brooke,France,2021-12-05,Standard,34.48,1366,0
10548,Nicole White,jennifer21@example.net,Emilytown,Germany,2024-07-25,Standard,169.62,403,1
10549,Nancy White,jrice@example.net,East Johntown,France,2025-03-25,Standard,189.11,160,1
10550,Robert Hill,grahamjeffery@example.net,Port Jasonmouth,Germany,2024-10-03,Standard,269.06,333,1
10551,Stephanie Vega,andrewanderson@example.org,Tylerchester,United Kingdom,2025-01-08,Standard,47.58,236,1
10552,Brandy Bennett,tommy54@example.org,Kaisershire,France,2021-12-23,Standard,173.33,1348,1
10553,Michael Hurst,tbrown@example.org,Roweberg,United Kingdom,2025-03-16,Standard,109.92,169,1
10554,Jennifer Harvey,rhodesrobert@example.com,Farleymouth,United Kingdom,2023-01-28,Standard,135.5,947,1
10555,Derek Schmidt,milleranna@example.org,East Catherine,United Kingdom,2025-08-10,Standard,95.37,22,1
10556,Denise Wolf,scotthoffman@example.net,East Nicole,Italy,2022-08-11,Premium,899.2,1117,1
10557,James Henry,novakjames@example.net,Port Garymouth,France,2022-12-08,Plus,461.52,998,1
10558,Tony King,wthompson@example.com,North Nicholas,United Kingdom,2025-03-16,Premium,684.98,169,1
10559,Colleen Robinson,danamcconnell@example.net,Port Michelestad,Spain,2023-07-21,Plus,342.67,773,0
10560,Sheila Butler,pdavis@example.net,Lake Dianefurt,France,2025-01-18,Standard,235.3,226,1
10561,Christopher Sawyer,afletcher@example.org,Port Tracy,Germany,2025-03-18,Standard,83.56,167,1
10562,Jessica Sherman,sturner@example.com,New Laurenview,Germany,2022-08-14,Plus,383.54,1114,1
10563,Darren Barnett,lisalowe@example.org,South Matthewtown,United Kingdom,2025-03-01,Standard,92.69,184,1
10564,Connie Aguilar,pamela60@example.net,South Mariastad,Italy,2024-11-19,Plus,318.7,286,1
10565,Patricia Anderson,whitney93@example.net,Davidshire,France,2025-05-26,Standard,192.31,98,1
10566,Kristina Harris,nathandouglas@example.com,Hernandezview,United Kingdom,2025-02-07,Premium,878.33,206,1
10567,Brenda Ramos,nschwartz@example.net,Lake Cindybury,United Kingdom,2023-01-03,Standard,192.96,972,1
10568,Sara Campbell,jacobrosales@example.net,East Davidfurt,United Kingdom,2021-09-19,Standard,296.75,1443,0
10569,James Gray,vwatson@example.net,Montgomeryside,France,2021-12-16,Standard,171.27,1355,0
10570,Kenneth Rivas,ysmith@example.org,New Madisonside,Germany,2025-07-11,Standard,159.35,52,1
10571,Cory Lewis,rodgersjoshua@example.net,Hallmouth,Spain,2023-09-07,Standard,231.98,725,1
10572,Ashley Moore,dmiller@example.com,North Samuelfurt,United Kingdom,2021-08-26,Standard,93.2,1467,0
10573,Heather Jackson,hkim@example.net,East Nicholas,Germany,2024-12-05,Standard,240.5,270,1
10574,Jacob Brown,valerie28@example.net,Justinchester,France,2025-02-08,Standard,71.3,205,1
10575,Mr. Cesar Watson,stephenbradford@example.net,West Sherrymouth,Germany,2024-06-29,Plus,486.75,429,1
10576,Lori Johnson,jeffreyshaw@example.org,Warnerfurt,France,2025-01-19,Plus,625.98,225,1
10577,Michael Hodges,sarahwright@example.org,New Jasonhaven,France,2022-08-17,Plus,316.53,1111,0
10578,Stephen Huynh,walkerchristopher@example.org,,Spain,2021-11-09,Plus,217.84,1392,1
10579,Marcus Maddox,harrisjasmine@example.net,New Michael,Germany,2023-11-23,Plus,563.67,648,1
10580,Christina Lam,rebeccawilkerson@example.net,,Germany,2024-04-27,Plus,319.07,492,1
10581,Miranda Anderson,wyattcolleen@example.net,North Tammyfort,Germany,2025-03-01,Plus,194.79,184,1
10582,Kelli Santos,tim12@example.net,Evanview,Italy,2023-09-27,Plus,305.69,705,1
10583,Mitchell Richardson,maria09@example.net,Lucaston,Italy,2022-12-21,Standard,242.81,985,0
10584,Morgan Simmons,mchristian@example.com,Farleyshire,Germany,2024-07-08,Standard,251.96,420,1
10585,James Brown,ksoto@example.net,Amberton,France,2022-10-27,Premium,1015.57,1040,1
10586,Jennifer Rojas,tbecker@example.org,,Germany,2025-06-14,Standard,161.84,79,1
10587,Kristin Underwood,sosatom@example.net,Gilbertfort,France,2024-08-15,Standard,193.21,382,1
10588,Renee Cooper,jamieoneal@example.com,East Lisa,Germany,2022-03-22,Standard,239.12,1259,1
10589,Catherine Gibson,amandavillarreal@example.net,Port Christopher,France,2021-12-03,Standard,99.95,1368,0
10590,Natasha Shaw,smithamy@example.com,South Joelhaven,Spain,2021-09-01,Standard,276.28,1461,0
10591,Timothy Riley,deborahphillips@example.net,West Christinaborough,Germany,2021-10-22,Plus,560.47,1410,0
10592,Dr. Anna Taylor,christian13@example.org,Morrisfort,United Kingdom,2021-10-29,Premium,1220.58,1403,0
10593,Kenneth Freeman,kristin81@example.org,Port Victorhaven,Italy,2023-06-03,Standard,58.25,821,1
10594,Alan Martinez,nicholas07@example.com,South Angela,United Kingdom,2021-11-23,Standard,95.69,1378,0
10595,Jennifer Ho,carlaross@example.com,Tracyhaven,Germany,2023-12-24,Standard,84.31,617,1
10596,Donald Burns,whitelauren@example.org,New Mark,Germany,2023-10-14,Plus,1327.81,688,0
10597,Amy Martinez,jordanpamela@example.net,Cynthiaborough,Italy,2023-03-19,Plus,634.67,897,1
10598,Ashley Tran,williamsralph@example.com,West Charles,Italy,2024-12-19,Plus,335.79,256,1
10599,Miss Chelsea Murphy,bonnierodriguez@example.com,Reidfort,United Kingdom,2022-11-19,Standard,162.97,1017,0
10600,John Paul,zpotter@example.net,South Johnland,France,2023-04-16,Standard,77.18,869,1
10601,Kevin Jones,washingtonchristopher@example.net,Duranville,Germany,2024-09-06,Premium,2525.08,360,0
10602,Christopher Harrington,kristindelgado@example.org,South Michaelport,United Kingdom,2023-07-30,Standard,148.1,764,0
10603,Jessica Jones,wallsautumn@example.net,Matthewchester,United Kingdom,2023-12-27,Standard,131.56,614,1
10604,Juan Oliver,davidwall@example.com,Brownton,United Kingdom,2025-02-06,Plus,444.32,207,1
10605,Gregory Williams,alexander41@example.net,Port Sierra,United Kingdom,2024-05-28,Premium,4137.66,461,0
10606,Alex Calderon,kelly04@example.net,South Victoriaburgh,Germany,2021-08-28,Plus,447.82,1465,0
10607,Matthew Collins,daniel94@example.com,Port Phillip,United Kingdom,2024-03-18,Standard,33.13,532,1
10608,Linda Sullivan,paul03@example.net,North Amanda,Spain,2025-03-28,Standard,49.51,157,1
10609,Michelle Harris,ashleyevans@example.net,South Katherine,United Kingdom,2023-03-12,Standard,102.97,904,1
10610,Renee Neal,christopher42@example.org,West Jacqueline,United Kingdom,2021-09-10,Standard,246.81,1452,0
10611,Frank Collier,amanda51@example.org,North Amanda,France,2023-07-15,Standard,149.46,779,1
10612,Jonathan Jones,benjamin80@example.com,South Joshuashire,Spain,2022-02-01,Standard,463.25,1308,0
10613,Michelle Jones,pwilson@example.org,Coryborough,France,2022-10-02,Premium,654.55,1065,1
10614,Abigail Crawford,david92@example.org,Thompsonfurt,France,2024-11-16,Standard,239.32,289,1
10615,Miss April Grimes,joshua28@example.org,New Jenniferport,United Kingdom,2022-10-08,Standard,188.16,1059,1
10616,Russell Perez,adamskevin@example.org,Colemouth,United Kingdom,2023-02-24,Plus,273.15,920,0
10617,Sherry Lawrence,keith84@example.org,Tiffanystad,United Kingdom,2023-01-10,Standard,265.84,965,1
10618,Austin Garcia,dford@example.com,Matthewsview,Germany,2024-08-18,Premium,845.93,379,1
10619,Penny Woods,jamesarnold@example.net,Ochoaville,France,2023-11-03,Premium,505.35,668,1
10620,Raymond Roberts,kevinmartin@example.net,Simonfurt,United Kingdom,2024-01-19,Plus,358.72,591,1
10621,Alexis Murphy,emily92@example.net,Jacksonmouth,United Kingdom,2022-07-24,Standard,204.98,1135,1
10622,Michele Costa,robert93@example.com,Frankville,United Kingdom,2022-05-20,Standard,208.21,1200,0
10623,Brian Coleman,cookeamanda@example.com,South Kyleport,France,2022-12-19,Standard,85.14,987,1
10624,Heidi Johnson,joneslisa@example.org,Allisonland,United Kingdom,2023-12-21,Standard,30.09,620,1
10625,Carol Cordova DVM,batesmichael@example.com,West Richard,United Kingdom,2023-04-10,Premium,617.55,875,1
10626,Jason Aguilar,travisturner@example.net,Rebeccabury,United Kingdom,2024-07-14,Premium,925.6,414,1
10627,David Contreras,hilljoanna@example.com,Laurieborough,Germany,2022-10-13,Plus,951.33,1054,1
10628,David Delgado,crystalking@example.net,Mayshaven,Germany,2023-07-21,Standard,106.01,773,1
10629,Jared Duffy,davidjohnson@example.com,Normanmouth,Italy,2025-06-30,Plus,272.23,63,1
10630,Lisa Chavez,fbrown@example.net,Lake Donald,Germany,2022-08-19,Plus,344.89,1109,0
10631,Erin Bishop,hramos@example.com,West Jesusville,United Kingdom,2023-04-29,Standard,125.98,856,1
10632,Allen Sullivan,xmiller@example.com,Audreybury,Germany,2023-07-27,Standard,228.41,767,1
10633,Scott Patrick,deborahtate@example.org,Christopherstad,United Kingdom,2022-12-26,Plus,802.28,980,0
10634,Crystal Figueroa,rallison@example.com,Jamesstad,Germany,2023-08-09,Standard,144.68,754,1
10635,Michael Hunt,walkeralicia@example.net,East Stephen,United Kingdom,2023-06-12,Premium,2006.0,812,1
10636,Cory Mcclain,shelbytodd@example.org,Fergusonshire,Spain,2024-12-24,Standard,178.4,251,1
10637,Kimberly Roberts,carriewilliams@example.com,West Amandaside,Italy,2024-02-19,Standard,228.7,560,1
10638,Susan Price,joshuastokes@example.net,South Crystal,France,2025-01-01,Standard,111.6,243,1
10639,Robert Johnson,adam35@example.net,South Meghanbury,United Kingdom,2024-01-05,Plus,551.17,605,1
10640,Chelsea Gregory,nhicks@example.org,East Seanchester,United Kingdom,2023-03-13,Standard,120.68,903,1
10641,Alexander Olson Jr.,elizabethpineda@example.com,Bethanyport,France,2022-03-13,Standard,91.08,1268,1
10642,Carol Mendoza,amanda57@example.com,Sandrabury,Germany,2024-05-31,Plus,464.13,458,1
10643,Matthew Chan,dmcmahon@example.com,Loweryport,Italy,2022-09-07,Plus,686.36,1090,1
10644,Susan Mcdowell,traviscox@example.com,Sarahview,Spain,2024-10-23,Plus,747.19,313,1
10645,Andrew Williams DDS,rbridges@example.com,North Rachelhaven,France,2023-12-03,Standard,49.91,638,1
10646,Deborah Mckinney,amandajackson@example.net,Matthewfort,Germany,2025-04-07,Standard,266.31,147,1
10647,Felicia Hendricks,jade76@example.org,North Walterfurt,Spain,2025-04-06,Plus,302.4,148,1
10648,Matthew Lee,bowmanmichelle@example.org,Port Jenniferfurt,Spain,2022-03-14,Standard,176.15,1267,0
10649,Kelly Jackson,xwright@example.net,New William,United Kingdom,2025-04-11,Premium,1264.99,143,1
10650,Claudia Reid,sanchezdavid@example.com,Port Melinda,France,2022-01-02,Standard,92.37,1338,0
10651,Samuel Barker,michael29@example.net,Smithside,United Kingdom,2025-08-03,Standard,142.16,29,1
10652,Michael Gordon,xwhite@example.net,North Clifford,United Kingdom,2024-02-21,Standard,306.6,558,1
10653,Natalie Gilbert,scott76@example.com,Jamesmouth,France,2024-01-12,Standard,172.56,598,1
10654,Matthew Cooke,moorelori@example.net,West Kaitlyn,United Kingdom,2022-01-16,Plus,298.93,1324,1
10655,Connie Boyle MD,bmartin@example.com,New Darrylfurt,Spain,2023-10-03,Standard,109.89,699,1
10656,Michael Hernandez,courtney05@example.net,Blairbury,United Kingdom,2021-11-03,Standard,114.15,1398,0
10657,Victor Cooper,brittney01@example.org,Cameronport,Germany,2025-02-12,Standard,308.67,201,1
10658,Evan Davis,tinasilva@example.org,Mccarthyton,France,2023-12-16,Standard,270.35,625,1
10659,Monica Dalton,michelemcfarland@example.org,Thomaschester,Italy,2023-02-16,Standard,205.94,928,1
10660,Frank Donovan,sergio79@example.net,Charlesburgh,Germany,2021-11-14,Plus,305.38,1387,1
10661,John Ramirez,hgray@example.com,West Carl,Germany,2023-04-26,Plus,364.34,859,0
10662,Lisa Medina,wrivera@example.org,Port Carly,Germany,2023-02-27,Plus,406.9,917,1
10663,Danny Hernandez,jonathan74@example.com,West Dana,France,2025-05-23,Plus,877.92,101,1
10664,Eric Smith,jeffrey13@example.org,Lake Andreborough,United Kingdom,2025-05-31,Standard,182.81,93,1
10665,Michelle Mullins,jonathancole@example.org,North Deborah,United Kingdom,2023-07-30,Standard,211.19,764,1
10666,Regina Flores,jamesknight@example.org,South Juliefurt,Germany,2024-06-27,Premium,664.02,431,1
10667,David Simmons,kathryn23@example.net,Bettybury,France,2024-07-01,Plus,330.18,427,1
10668,Nicholas Smith,melissa58@example.com,Port Kenneth,Italy,2023-10-07,Plus,398.52,695,1
10669,Sophia Moreno,shelleysanchez@example.com,Merritttown,Germany,2023-03-21,Standard,358.63,895,1
10670,Wesley Nicholson,poncemackenzie@example.com,East Joseburgh,France,2022-08-04,Standard,73.48,1124,1
10671,Kelly Lopez,crystal89@example.net,North Scottborough,France,2022-04-20,Standard,144.28,1230,1
10672,Eddie Williams,holly08@example.org,Danielside,France,2024-08-13,Premium,674.91,384,1
10673,Shelby Schaefer,wmoreno@example.com,South Adam,United Kingdom,2024-03-07,Standard,233.77,543,1
10674,Ellen Holmes,norma57@example.net,Mariafurt,Germany,2023-12-17,Plus,682.9,624,0
10675,Mary Smith,perezpamela@example.net,Johnmouth,Germany,2023-07-29,Premium,1044.53,765,1
10676,Michelle Novak,leedanielle@example.net,East Stevenport,France,2022-07-28,Standard,30.3,1131,1
10677,Trevor Jones MD,david20@example.org,Chanfurt,United Kingdom,2025-07-25,Plus,555.42,38,1
10678,Felicia Walker,andresbrown@example.org,New Matthew,Germany,2024-03-02,Plus,553.09,548,1
10679,Valerie Kim,jenna14@example.org,South Christinetown,United Kingdom,2023-12-28,Standard,185.05,613,1
10680,Logan Snyder,hgriffin@example.net,Lake Alexis,Italy,2025-04-14,Standard,228.2,140,1
10681,Joshua Obrien,ypoole@example.com,Port Carrie,Germany,2021-12-28,Plus,777.78,1343,0
10682,Robert Gomez,victoriabailey@example.net,Deanmouth,United Kingdom,2022-10-11,Standard,130.81,1056,1
10683,William Morgan,framos@example.org,Meganberg,Italy,2025-03-16,Plus,349.69,169,1
10684,Donna Fox,jason53@example.net,Elliotttown,Spain,2021-09-02,Plus,487.01,1460,0
10685,Jacob Elliott,aaronmcmahon@example.org,North Jimmy,Germany,2021-12-23,Standard,217.6,1348,1
10686,Chad Morris,davismichael@example.org,Michaelfort,Spain,2025-06-11,Standard,202.67,82,1
10687,Melissa Roberts,kbenitez@example.net,West Phillip,Germany,2024-12-03,Standard,83.04,272,1
10688,Rebecca Ibarra,glassjason@example.net,Harrisfurt,Spain,2022-01-30,Plus,238.24,1310,1
10689,Robert Stewart,megan47@example.net,Rogerston,Italy,2024-10-26,Plus,375.18,310,1
10690,Daniel Howard,james26@example.org,Lake Jason,France,2025-07-25,Plus,310.75,38,1
10691,Thomas Rivas,woodsamanda@example.com,West Mark,United Kingdom,2025-03-12,Standard,204.45,173,1
10692,Allison Cox,galvarado@example.com,New Veronicaland,United Kingdom,2021-08-23,Standard,143.98,1470,0
10693,Mary Jackson,fletcherterri@example.com,Sydneymouth,Germany,2025-06-24,Premium,1112.47,69,1
10694,Dylan Williams,kirsten85@example.net,West Brian,Spain,2025-05-10,Standard,338.11,114,1
10695,Brian Turner,mark14@example.org,South Christopher,Germany,2023-05-26,Standard,76.52,829,1
10696,Bradley Taylor,stevenroth@example.net,Davisview,Italy,2022-02-16,Standard,301.43,1293,1
10697,Jennifer Brown,jodyward@example.net,Bernardside,United Kingdom,2022-01-14,Standard,94.45,1326,0
10698,Courtney Alvarado,jessica97@example.net,Davisland,Italy,2025-06-23,Plus,395.02,70,1
10699,Kim Gutierrez,foxzachary@example.com,Ericstad,Germany,2021-12-27,Premium,777.41,1344,1
10700,John Koch,vazquezangelica@example.com,Brownport,Germany,2022-01-09,Plus,418.26,1331,1
10701,Cody Brown,karenmata@example.org,Marytown,France,2022-06-03,Standard,18.92,1186,1
10702,Kristy Andrews,thomasrosario@example.com,West Robert,Germany,2023-10-07,Standard,162.44,695,1
10703,Monique Carrillo,gwendolyn74@example.net,Mclaughlinton,United Kingdom,2024-04-03,Standard,12.11,516,1
10704,Edward Williams,ahall@example.net,East Brandonton,France,2022-07-06,Standard,264.07,1153,1
10705,Jeffrey Salazar,aaronthomas@example.com,Port Ryan,Spain,2023-11-15,Plus,643.26,656,1
10706,Darryl Fry,hamptonbradley@example.net,Floresburgh,Germany,2021-10-12,Standard,81.13,1420,1
10707,Natalie Pitts,gutierrezryan@example.org,Christophermouth,France,2022-03-22,Standard,152.39,1259,1
10708,Jose Stout,thompsonjoseph@example.org,Mariafurt,Spain,2023-01-21,Premium,1173.95,954,1
10709,Michael Alvarez,scook@example.com,Harperville,United Kingdom,2024-06-13,Standard,250.01,445,1
10710,Eric Young,hramirez@example.net,Williamsport,United Kingdom,2022-07-10,Premium,1954.72,1149,0
10711,Kenneth Bell,burgesslisa@example.net,South Johnchester,France,2022-02-08,Standard,137.52,1301,0
10712,Gregory Owens,dwilson@example.net,Johnburgh,Spain,2022-11-13,Plus,282.37,1023,1
10713,Sherry Andrews,kirbytami@example.net,Ruizborough,United Kingdom,2022-09-26,Standard,240.13,1071,1
10714,Ashley Fleming,qstone@example.org,Sandersside,United Kingdom,2024-03-21,Standard,102.13,529,1
10715,Colleen Norton,brownjamie@example.net,North Shawnshire,Germany,2024-05-06,Standard,238.12,483,1
10716,Megan Juarez,chad94@example.org,Latashamouth,United Kingdom,2025-06-09,Plus,405.33,84,1
10717,Sydney Shields,scook@example.org,Rossmouth,Germany,2023-04-13,Premium,1040.78,872,1
10718,Allen Campos,robertsongina@example.net,New Rebeccaport,Spain,2021-08-03,Standard,289.79,1490,0
10719,Brad Miller,sandraelliott@example.com,Port Matthew,France,2023-05-07,Standard,314.93,848,1
10720,Lisa Lewis,kreyes@example.com,West Lisaland,Germany,2022-08-11,Plus,405.51,1117,1
10721,Brittany Reid,rhondabishop@example.com,East Marc,Spain,2023-11-08,Standard,53.89,663,1
10722,Cory Jones,mahoneyjeremy@example.net,Amberstad,France,2025-07-28,Standard,213.2,35,1
10723,Erica Gentry,palmerangela@example.net,New Grace,United Kingdom,2023-12-07,Premium,1301.22,634,1
10724,Johnny Griffith,robertmcdonald@example.org,Garzaborough,Germany,2022-12-13,Premium,596.47,993,0
10725,Matthew Lin,brianna43@example.org,Lake Lukehaven,United Kingdom,2023-07-07,Standard,197.9,787,1
10726,Michael Lyons,francoronald@example.com,Andreamouth,Germany,2021-10-03,Premium,1008.09,1429,0
10727,Melissa Shannon,alyssa51@example.com,Leestad,Italy,2024-08-24,Plus,341.31,373,1
10728,Dr. Taylor Thomas,spencercampos@example.com,Ewingport,United Kingdom,2023-12-17,Standard,163.7,624,1
10729,Patrick Morton,phamcole@example.com,Dayberg,Germany,2023-02-14,Standard,152.55,930,1
10730,Angela Sanchez,coltonpratt@example.net,Lake Alex,France,2022-09-29,Premium,592.79,1068,0
10731,Michael Ingram,brian81@example.com,Mooreburgh,United Kingdom,2021-11-05,Standard,214.51,1396,0
10732,Whitney Miller,carrashley@example.net,Martinside,United Kingdom,2024-05-02,Standard,209.77,487,1
10733,Kathleen Sims,mcgrathjohn@example.org,Clarkeshire,Italy,2021-10-30,Plus,523.61,1402,1
10734,Jessica Torres,crystalmacias@example.org,North Jamesmouth,Spain,2022-11-29,Premium,1991.34,1007,1
10735,Devin Clayton,phillipsbrad@example.org,North Micheleside,United Kingdom,2023-06-29,Standard,195.0,795,1
10736,Amy Garcia,crystalwhite@example.net,Wilkinsonberg,France,2022-05-31,Premium,1312.47,1189,1
10737,James Friedman,smithsandra@example.net,Port Kevin,United Kingdom,2024-04-22,Plus,658.96,497,1
10738,Mr. Jared Travis,dmoore@example.org,Monteschester,Germany,2024-08-31,Standard,143.9,366,1
10739,Kelly Mercado,lsmith@example.com,Kimtown,Germany,2025-04-11,Standard,282.58,143,1
10740,Craig Barnes,elizabeth03@example.net,East Tarastad,Italy,2024-09-04,Standard,186.98,362,1
10741,Stephanie Robinson,tswanson@example.net,,United Kingdom,2022-02-10,Plus,757.01,1299,0
10742,Emily Lee,zflores@example.com,Harmonview,United Kingdom,2024-06-20,Premium,4059.15,438,1
10743,Jonathan Smith,todd60@example.com,North Lisa,United Kingdom,2021-08-13,Plus,592.87,1480,1
10744,Vanessa Patterson,lauramyers@example.com,Lake David,Spain,2023-04-13,Plus,472.39,872,1
10745,Tammy Anderson,denisepope@example.net,Calvinton,France,2024-04-17,Standard,202.34,502,1
10746,Kayla Sloan,george38@example.org,West Alexis,Spain,2025-05-13,Premium,1091.48,111,1
10747,Shannon Short,michelle55@example.org,Henrymouth,Spain,2021-11-10,Plus,316.42,1391,0
10748,David Burton,sarahadams@example.net,Lake Darrellville,United Kingdom,2025-04-25,Premium,1505.85,129,1
10749,Bradley Dunlap,xjames@example.net,West Leroychester,Germany,2022-01-30,Standard,134.28,1310,0
10750,Frank May,kthompson@example.net,New Matthew,United Kingdom,2023-03-11,Standard,172.03,905,0
10751,Kimberly Stein,larsonangela@example.net,Candiceview,Spain,2022-01-02,Standard,68.78,1338,1
10752,Holly Livingston,russell09@example.com,East Kristinland,France,2022-06-22,Standard,256.72,1167,1
10753,James Anderson,kenneth41@example.com,Fryburgh,United Kingdom,2024-08-07,Standard,148.75,390,1
10754,Jamie Gomez,xlong@example.com,,United Kingdom,2025-07-11,Premium,380.85,52,1
10755,Misty Alexander,hjenkins@example.com,Ericview,United Kingdom,2023-10-24,Plus,536.15,678,1
10756,Kim Zavala,lindseymelanie@example.com,Josephville,United Kingdom,2022-04-17,Standard,381.14,1233,1
10757,John Lewis,vanessachurch@example.com,Lake Jordanchester,Italy,2022-04-27,Premium,526.92,1223,0
10758,Brenda Cox,blackwelllisa@example.org,Bellport,Spain,2021-12-07,Standard,105.81,1364,1
10759,Jordan Flynn,graylisa@example.org,Sweeneystad,France,2025-02-21,Premium,450.95,192,1
10760,Jennifer Garcia,cwatson@example.net,North Michaelchester,Germany,2023-02-11,Plus,380.66,933,1
10761,Nicole Martinez,cjohnson@example.com,Elijahfurt,Spain,2023-02-26,Premium,863.16,918,1
10762,Lisa Bryant,juliewalker@example.net,West Alexis,Germany,2025-04-02,Standard,214.49,152,1
10763,Melissa Bullock,sloanjames@example.com,South Nicholas,Germany,2023-10-07,Plus,420.01,695,1
10764,Dean Ramirez,qgreen@example.com,Ochoastad,France,2023-08-29,Standard,123.81,734,1
10765,Walter Garcia,lsmith@example.com,Port Ronald,Italy,2024-08-30,Standard,233.61,367,1
10766,Nancy Griffin,maryphillips@example.net,Smithhaven,Italy,2024-04-23,Standard,57.3,496,1
10767,Anthony Wilson,zacharyduarte@example.net,Charlotteton,Italy,2024-09-08,Plus,357.45,358,1
10768,Amy Carter,vmiller@example.org,,France,2024-03-13,Standard,43.99,537,1
10769,Keith Wilson,allenpatricia@example.net,Dannyfurt,United Kingdom,2022-03-17,Standard,141.15,1264,1
10770,Robert Ross,fjordan@example.com,West Kimberlybury,Germany,2024-08-11,Standard,77.85,386,1
10771,Jessica Martin,zlee@example.org,New Andrea,Germany,2024-02-16,Standard,329.52,563,1
10772,Derrick Lopez,masondonna@example.com,Mariaview,United Kingdom,2023-01-03,Standard,15.26,972,1
10773,Stephanie Chung,jessicaalvarez@example.com,East Michael,Germany,2022-07-05,Standard,291.88,1154,1
10774,Katherine Rodriguez,juliescott@example.net,West James,Italy,2022-05-17,Standard,229.66,1203,1
10775,Rachael Martinez,hutchinsonkyle@example.org,,France,2022-08-01,Standard,172.82,1127,1
10776,Adam Park,peterjohnson@example.net,North Jason,Spain,2025-05-05,Premium,795.79,119,1
10777,Michael Porter,dheath@example.net,North Robertside,Italy,2023-06-28,Standard,145.96,796,1
10778,Jason Stevens,johnsonjustin@example.net,Amyville,Germany,2025-03-09,Plus,1064.95,176,1
10779,Wanda Garcia,mooreaaron@example.org,Hortonshire,Germany,2022-07-25,Standard,15.3,1134,1
10780,Chad Powell,jonesadam@example.net,Warrenburgh,Spain,2024-05-13,Plus,295.65,476,1
10781,Derek Owens,westjoseph@example.net,South Ashleytown,Germany,2024-10-29,Standard,84.05,307,1
10782,Justin Vasquez,ohall@example.org,Martinport,France,2023-10-18,Standard,79.84,684,1
10783,Michael Bryant,sherylrowland@example.org,Kaylachester,Germany,2021-11-23,Standard,103.39,1378,1
10784,Bryan Smith,vhicks@example.com,Thomasport,Italy,2022-09-24,Premium,1051.3,1073,0
10785,John Jones,rclarke@example.com,South Samanthaview,Germany,2024-09-28,Standard,52.07,338,1
10786,Robin Davis,ebrown@example.org,Douglasland,United Kingdom,2025-03-13,Standard,205.22,172,1
10787,Erik Schultz,michaelgilmore@example.org,Christophermouth,United Kingdom,2024-09-11,Standard,199.15,355,1
10788,Kaitlyn Owen,richardschristopher@example.com,South Bethany,France,2025-06-29,Standard,72.08,64,1
10789,Melissa Thomas,alisontorres@example.com,Gibsontown,Italy,2025-02-14,Plus,476.2,199,1
10790,Joseph Olson,linda81@example.net,North Martin,United Kingdom,2023-10-31,Standard,156.18,671,1
10791,James Anderson,odonnellrebecca@example.com,Mariabury,Germany,2022-08-29,Standard,155.33,1099,0
10792,William Ball,jeffrey08@example.org,New Mark,Germany,2021-11-07,Standard,196.67,1394,0
10793,Sarah Perry,brauncatherine@example.org,,France,2022-12-14,Standard,363.14,992,0
10794,Jose Montgomery,darrell78@example.com,Rhodesview,Germany,2025-02-17,Standard,256.09,196,1
10795,Brooke Hunt,cobberica@example.com,Shanemouth,Germany,2023-12-15,Plus,505.7,626,1
10796,Valerie Vasquez,martinezbrandon@example.org,Diazmouth,United Kingdom,2024-11-01,Plus,394.85,304,1
10797,Sean Cox,hesterstephanie@example.org,Collinsburgh,Spain,2024-12-18,Standard,35.66,257,1
10798,Tara Adams,jeremyjones@example.net,East Caitlinshire,Italy,2024-09-15,Standard,84.58,351,1
10799,Wanda Terry,jonathanheath@example.com,Port Sarahstad,France,2023-02-21,Standard,77.17,923,1
10800,Kimberly Johnson,fernandohoward@example.org,East Kristina,France,2025-02-19,Plus,392.25,194,1
10801,Scott Patel,codyle@example.com,West Colton,France,2022-04-18,Premium,1353.74,1232,0
10802,Ms. Sarah Thompson DVM,taylormorgan@example.org,Smithfurt,Italy,2022-08-28,Premium,1740.64,1100,0
10803,Leslie Franco,anthony69@example.org,New Kenneth,United Kingdom,2021-10-25,Plus,236.07,1407,1
10804,Erik Mitchell,kevin36@example.com,Jenniferside,Germany,2023-09-13,Standard,122.89,719,0
10805,Carrie Townsend,bjones@example.net,Hayesfort,Spain,2022-08-27,Standard,150.87,1101,1
10806,Sean Lyons,christiananthony@example.com,Dillonfurt,United Kingdom,2023-07-08,Premium,626.09,786,1
10807,James Gordon,donaldmoore@example.net,Cartertown,Italy,2024-10-07,Standard,155.75,329,1
10808,Latasha Carter,whitekatherine@example.net,Port Saraberg,Germany,2023-12-31,Plus,542.21,610,1
10809,Daniel Jackson,monica17@example.com,Russellchester,France,2023-11-28,Standard,200.62,643,1
10810,Sonya Jones,anthonyelliott@example.com,Brownberg,Germany,2021-08-17,Plus,308.3,1476,1
10811,Paula Fletcher,jennifermorgan@example.org,Lake George,United Kingdom,2023-09-24,Premium,715.85,708,1
10812,Megan Davis,katie49@example.com,Ginabury,Germany,2022-03-12,Standard,142.61,1269,0
10813,Aaron Lee,ebenitez@example.net,Williamsstad,United Kingdom,2022-06-08,Standard,28.95,1181,0
10814,Sean Padilla,mariaacevedo@example.com,Lake Olivia,United Kingdom,2024-09-07,Plus,360.98,359,1
10815,Carlos Smith,spencer28@example.net,Port Virginiamouth,Spain,2021-11-08,Standard,391.93,1393,1
10816,Vanessa Moore,andrewmccoy@example.com,Sherryburgh,Germany,2024-08-12,Plus,360.57,385,1
10817,Rebecca Rodriguez,katherine55@example.net,Andersonhaven,France,2022-03-21,Plus,312.87,1260,0
10818,Megan Armstrong,xgriffin@example.org,Port Caitlinland,Italy,2023-11-17,Premium,580.64,654,1
10819,Paul Deleon,tamaramartin@example.org,Gonzalesfurt,Spain,2023-12-11,Premium,819.14,630,1
10820,Lisa Rodgers,xwallace@example.org,Port Lindashire,United Kingdom,2024-04-27,Premium,2053.13,492,1
10821,Karen Young,betty84@example.com,Tammymouth,Germany,2024-06-17,Standard,59.37,441,1
10822,Jason Herring,slee@example.com,West Robertbury,Germany,2023-03-22,Plus,184.28,894,1
10823,Adam Anderson,xcampbell@example.com,Port Brittany,United Kingdom,2022-08-18,Standard,67.97,1110,1
10824,Lisa Blanchard,ashleysnyder@example.org,North Erika,United Kingdom,2025-03-27,Standard,65.64,158,1
10825,Jason Salinas,robinsonangelica@example.org,Whiteberg,France,2024-02-29,Plus,428.94,550,1
10826,Joshua Hutchinson,lawrence47@example.net,Lake Williamfurt,Germany,2022-07-17,Standard,143.47,1142,1
10827,Timothy Larson,walterfarrell@example.com,West Davidburgh,Germany,2022-06-21,Premium,978.17,1168,0
10828,Carol Roberts,uhancock@example.net,North Danielview,Italy,2024-12-02,Standard,51.46,273,1
10829,Lori Phillips,doylekathleen@example.com,East Williambury,Germany,2022-04-11,Standard,277.88,1239,0
10830,Mike Williams,rachaelbond@example.org,South Williamborough,United Kingdom,2023-12-22,Standard,230.73,619,1
10831,Marie Meza,malexander@example.com,West Rebeccabury,Italy,2023-11-12,Plus,456.84,659,1
10832,Ruben Fox,tshelton@example.com,Marshallburgh,Germany,2022-08-31,Plus,356.5,1097,1
10833,Teresa York,davidrodriguez@example.org,Tapiafort,United Kingdom,2022-09-07,Standard,39.04,1090,1
10834,Robert Thomas,robert07@example.com,South Laurahaven,Germany,2023-11-25,Premium,1364.15,646,1
10835,Olivia Green,briggsdavid@example.com,Port Brittanyburgh,United Kingdom,2025-07-20,Plus,464.06,43,1
10836,Cheryl Ford,maciaschristopher@example.com,Thomasburgh,France,2021-12-30,Plus,321.31,1341,0
10837,John Atkins,tanya39@example.com,Lake Williamville,United Kingdom,2024-06-02,Standard,93.13,456,1
10838,Miguel Graham,harringtonlisa@example.org,Lake Jose,Italy,2025-06-22,Standard,30.2,71,1
10839,Matthew Hayes,victoria64@example.org,Riveratown,France,2023-10-10,Standard,133.02,692,1
10840,Crystal Thomas,alexissmith@example.org,South Brianhaven,Germany,2025-04-02,Standard,200.21,152,1
10841,Alexander West,brian03@example.org,Martinmouth,United Kingdom,2024-08-29,Standard,435.81,368,1
10842,Kelsey Kim,zjames@example.org,Michaelside,Germany,2024-11-28,Plus,478.8,277,1
10843,Brandon Jackson,robinsonkayla@example.org,Lake Taylorburgh,United Kingdom,2021-09-09,Standard,216.67,1453,0
10844,Wayne Yang,tromero@example.com,Braunberg,Germany,2021-10-15,Standard,60.94,1417,0
10845,Randy Castillo,danielholder@example.net,Kimberlyton,United Kingdom,2022-07-03,Plus,436.72,1156,0
10846,Joshua Castro,laura21@example.net,North Evanfurt,Spain,2022-12-25,Standard,132.93,981,1
10847,Michelle Perez,rogerhenry@example.net,Morganbury,Italy,2022-11-20,Standard,282.62,1016,1
10848,Ms. Amy Waters,ashley23@example.org,Lowefort,United Kingdom,2021-10-20,Standard,235.23,1412,1
10849,Chad Martinez,armstrongjerry@example.com,Gillborough,United Kingdom,2023-07-24,Standard,229.76,770,1
10850,Andre Duke,zjones@example.org,Lake Jennifer,Germany,2023-04-08,Standard,233.48,877,1
10851,Tara Craig,nrodriguez@example.com,North Christinaland,Spain,2022-03-12,Standard,182.97,1269,0
10852,Michael Bell,averytodd@example.net,Port Mary,Germany,2023-10-31,Premium,2610.53,671,1
10853,Christopher Murray,pstark@example.org,Lake Williamborough,Germany,2022-04-21,Plus,201.83,1229,1
10854,David Ponce,khaney@example.net,Johnhaven,France,2024-06-29,Standard,162.69,429,1
10855,Catherine Lopez,cannonjason@example.net,Russellshire,United Kingdom,2025-02-20,Premium,1595.27,193,1
10856,Jennifer Lee,guzmanstephanie@example.com,West Jamesland,France,2022-06-08,Standard,110.15,1181,1
10857,Aaron Goodman PhD,rkelly@example.net,,United Kingdom,2023-04-30,Standard,298.07,855,1
10858,Keith Turner,brandonforbes@example.net,North Sherrystad,Germany,2022-06-05,Plus,561.68,1184,1
10859,Timothy Holland,bryantfrancisco@example.net,Port Carolberg,United Kingdom,2022-11-08,Standard,202.3,1028,1
10860,Kenneth Brady,mollydiaz@example.org,Walkermouth,Italy,2023-10-23,Standard,135.95,679,1
10861,Mrs. Melanie Carter MD,austinreynolds@example.org,Port Gregoryside,France,2025-02-18,Plus,244.02,195,1
10862,Karen Lane,thompsoneric@example.net,Kimburgh,France,2025-03-16,Plus,643.48,169,1
10863,Joseph Young,john68@example.com,Paulmouth,Germany,2024-07-27,Plus,379.78,401,1
10864,Adrienne Barajas,julie08@example.org,Port Amber,Germany,2023-09-21,Standard,229.63,711,1
10865,Keith Hardin,jessicarice@example.com,Baileymouth,Italy,2022-09-02,Plus,399.79,1095,1
10866,Thomas Nelson,nathan29@example.com,Masonfurt,Germany,2024-08-20,Plus,526.05,377,1
10867,Carolyn Stewart,bvaldez@example.com,Dustinburgh,United Kingdom,2023-07-18,Standard,178.63,776,1
10868,Steven Macias,karashaw@example.com,East Dillon,France,2023-05-02,Standard,253.71,853,1
10869,Denise Pierce,bflores@example.com,Whiteview,United Kingdom,2022-08-21,Plus,613.92,1107,0
10870,Dale Garcia,riverssandra@example.org,Davisport,France,2022-09-04,Standard,193.89,1093,1
10871,Joshua Vazquez,christophercosta@example.net,Danielfurt,United Kingdom,2023-10-19,Standard,156.64,683,1
10872,Jared Jones,dana33@example.net,Banksberg,United Kingdom,2022-09-19,Standard,246.52,1078,0
10873,Jose Harris,kimberly48@example.com,East Jacobborough,Germany,2023-02-04,Plus,420.09,940,1
10874,Mr. Michael Riley,zfernandez@example.net,Karenhaven,United Kingdom,2024-12-26,Plus,490.1,249,1
10875,Lori Robertson,brownmatthew@example.com,South Angieton,Italy,2023-09-17,Standard,358.84,715,1
10876,Sarah Martinez,caitlinlarson@example.com,South Markburgh,United Kingdom,2023-07-04,Standard,112.78,790,1
10877,Riley Kelly,sarabutler@example.com,Sarafurt,United Kingdom,2022-04-08,Standard,142.66,1242,1
10878,Morgan Love,craig47@example.net,North Richard,Italy,2022-02-14,Standard,200.89,1295,1
10879,Corey Christian,jeffreyjenkins@example.net,West Willie,France,2023-10-05,Premium,1174.37,697,1
10880,Karen Santana,robert05@example.com,Estradachester,Germany,2024-09-23,Standard,77.31,343,1
10881,Timothy Callahan,shane15@example.org,East Donna,France,2024-01-12,Premium,955.36,598,1
10882,Mr. Brad Hodges DDS,amandaarmstrong@example.net,Lake Heather,France,2021-10-26,Standard,196.24,1406,0
10883,Alexandra Baxter,willie65@example.net,Port Abigailview,Spain,2021-11-04,Plus,557.37,1397,0
10884,Dr. Ryan Young,rebecca80@example.net,Port Williamfurt,United Kingdom,2022-12-01,Plus,339.53,1005,1
10885,Heidi Chavez,charles40@example.net,Vincentmouth,United Kingdom,2022-07-20,Plus,359.69,1139,0
10886,Mark Taylor,zsmith@example.net,Irwinland,United Kingdom,2024-12-18,Premium,737.22,257,1
10887,Charles Gray,robertjimenez@example.com,South Kelly,France,2024-10-15,Standard,70.62,321,1
10888,Robert Kramer,rodriguezdiane@example.net,Michaelville,United Kingdom,2024-08-14,Standard,179.14,383,1
10889,Jacob Miller,kennethgreen@example.net,Brittneyburgh,United Kingdom,2023-06-23,Standard,389.06,801,0
10890,Katherine Reed,gwalton@example.com,,Spain,2024-02-02,Standard,171.29,577,1
10891,Terry Dean,tsingleton@example.org,Brianton,Spain,2023-11-22,Plus,199.65,649,1
10892,Megan Larson,rjackson@example.net,West Ricardostad,France,2023-12-17,Standard,230.19,624,1
10893,Jason Gill,nicole36@example.org,New Eric,Germany,2025-08-07,Standard,128.02,25,1
10894,Kevin Rojas,bauergregory@example.org,Bellburgh,United Kingdom,2022-07-25,Standard,170.0,1134,1
10895,Preston Shaffer,derekwatson@example.org,New Nicholasstad,Germany,2022-08-02,Plus,958.21,1126,1
10896,Terri Duran,nathan30@example.com,Kristenfurt,Italy,2025-04-13,Plus,394.5,141,1
10897,Timothy Jones,gburke@example.net,New Toni,Spain,2024-08-01,Standard,227.67,396,1
10898,Sydney Baker,joshua82@example.com,Rebeccaborough,Spain,2021-08-01,Standard,73.31,1492,1
10899,Andrea Spencer,katherine82@example.net,Hoffmanburgh,France,2023-02-04,Premium,758.64,940,1
10900,Mary Ramirez,estevens@example.net,West Leah,France,2025-06-01,Standard,76.64,92,1
10901,Melissa Cunningham,rileyreynolds@example.org,North Caroline,France,2021-09-24,Premium,834.37,1438,0
10902,Robert Hernandez,sierra48@example.com,Rachaelland,France,2022-10-15,Standard,128.95,1052,1
10903,Janet Howell,jacobjimenez@example.com,South Thomashaven,Germany,2023-05-23,Plus,269.8,832,0
10904,Carl May,zallen@example.com,Vazquezville,France,2023-02-16,Premium,563.76,928,1
10905,Steven Sampson,christiearmstrong@example.net,West Christopherfort,United Kingdom,2022-03-29,Standard,188.87,1252,0
10906,Tara Durham,nelsondavid@example.com,Ericfurt,Germany,2024-02-07,Standard,160.81,572,1
10907,Samantha Garcia,leahsuarez@example.org,Thomaschester,Spain,2022-06-01,Standard,142.86,1188,1
10908,Michael Tate,seanbanks@example.net,New Michael,United Kingdom,2023-06-09,Premium,1101.97,815,0
10909,Terrance Mills,dduke@example.com,West Kirk,Spain,2023-11-01,Standard,189.08,670,1
10910,Scott Curtis,cookjennifer@example.org,Justinberg,United Kingdom,2023-04-22,Standard,133.19,863,1
10911,Kerry Harmon,ryanjared@example.org,North Tyler,United Kingdom,2023-10-18,Standard,131.97,684,1
10912,Melissa Walker,fgarcia@example.org,Torresfurt,Italy,2022-11-05,Standard,360.28,1031,1
10913,Amanda Lawson,john83@example.org,New Kristina,Germany,2025-02-24,Standard,88.26,189,1
10914,Gabriel Coleman,gallagherheather@example.org,New Amandafurt,Germany,2022-09-10,Plus,615.83,1087,1
10915,Howard Wilson,lisahodge@example.org,Lake Normanborough,France,2021-09-18,Standard,247.93,1444,0
10916,Kelly Peters,lindasandoval@example.org,Johnsonberg,United Kingdom,2023-05-23,Standard,174.29,832,1
10917,Edward Gomez,michaelowens@example.com,Weissbury,Italy,2024-08-05,Standard,136.28,392,1
10918,Justin Meadows,lisaboyd@example.com,Cristianland,Germany,2024-08-16,Plus,429.46,381,1
10919,Jennifer Smith,jordan08@example.com,Ericafurt,Spain,2021-12-16,Premium,1316.63,1355,0
10920,Cheryl Martin,nicolefritz@example.org,South Derek,United Kingdom,2025-03-10,Standard,188.57,175,1
10921,Julie Gomez MD,yangcarmen@example.org,North Monique,Germany,2025-02-20,Plus,533.55,193,1
10922,Alicia Kerr,andersonkelly@example.net,Port Kelseyton,France,2023-07-28,Premium,1672.98,766,1
10923,James Richardson,rebecca86@example.net,Ortegaberg,Germany,2023-01-16,Standard,237.48,959,0
10924,Samantha Carroll,mark58@example.net,,United Kingdom,2022-10-06,Standard,116.55,1061,1
10925,Sean Armstrong,cheyennewalton@example.net,West Joshuaton,Italy,2022-12-24,Premium,434.71,982,0
10926,Heidi Stokes,william53@example.org,Lake Kathryn,United Kingdom,2021-08-01,Standard,158.77,1492,0
10927,Kimberly Hayes,itaylor@example.org,North Christine,Germany,2022-09-22,Standard,121.3,1075,1
10928,Carrie Leonard,garciagary@example.com,Hardybury,Italy,2024-12-18,Plus,588.75,257,1
10929,Allison Flores,kmoreno@example.net,North Marthamouth,Spain,2025-02-25,Standard,376.03,188,1
10930,Robert White,julian80@example.org,Flemingfort,United Kingdom,2024-08-13,Plus,516.1,384,1
10931,Sheila Werner,jamesmartinez@example.com,Lake Brookeborough,United Kingdom,2025-02-17,Plus,343.76,196,1
10932,Joseph Ford,andregardner@example.org,West Nicoleburgh,Germany,2025-01-29,Plus,285.67,215,1
10933,Brandon Jones,uortega@example.com,South Justinmouth,France,2022-05-31,Standard,191.1,1189,1
10934,Sydney Robinson,kyork@example.com,West Lisaburgh,Spain,2024-01-02,Plus,466.22,608,0
10935,Kristen Garcia,wolfechristopher@example.net,Carlsonfort,United Kingdom,2025-07-17,Standard,231.44,46,1
10936,Lisa Mccall,hopkinskimberly@example.org,Kellyside,Germany,2023-09-25,Standard,133.04,707,1
10937,Matthew Richardson,alecmills@example.org,East Jonhaven,Germany,2021-11-19,Plus,493.95,1382,0
10938,Steven Gillespie,hayesanne@example.org,Lake Andrewland,Italy,2023-02-19,Premium,482.28,925,1
10939,Brian Carpenter,jamesmark@example.net,Justinfurt,Germany,2021-12-04,Plus,536.02,1367,0
10940,Brent Jones,sara58@example.org,Dianaport,France,2024-12-10,Plus,283.56,265,1
10941,Kelly Williams,saramartinez@example.org,South Claytonberg,France,2024-09-04,Premium,1330.64,362,1
10942,Isaac Wells,christopherjones@example.org,New Veronicafurt,Italy,2025-02-23,Standard,214.68,190,1
10943,Mary Huffman,ipowell@example.net,Port Diane,United Kingdom,2024-07-02,Plus,281.46,426,1
10944,Karen Wiggins,allisonreyes@example.net,Christopherview,United Kingdom,2022-08-01,Premium,791.72,1127,1
10945,Michael Gomez III,ujensen@example.com,Port Melaniefurt,United Kingdom,2024-11-13,Standard,164.96,292,1
10946,Rebecca Brown,stephensonrachel@example.org,West Stephaniebury,United Kingdom,2024-10-02,Standard,156.03,334,1
10947,Timothy Jenkins,dakota84@example.com,Port Sethhaven,Germany,2024-09-29,Plus,348.45,337,1
10948,Deborah Ortega,justin92@example.org,Harrisonstad,United Kingdom,2024-11-07,Premium,1138.41,298,1
10949,Natalie Taylor,caroljenkins@example.net,Thomasshire,Spain,2024-11-21,Premium,799.97,284,1
10950,Adam Cohen DDS,mallen@example.org,Jonesborough,Spain,2025-01-20,Premium,1191.18,224,1
10951,Stephen Yang,wilsonscott@example.net,Lake Drewberg,United Kingdom,2022-06-19,Standard,253.85,1170,0
10952,Joshua Leon,smithkevin@example.com,Lopezside,France,2023-02-23,Standard,101.42,921,0
10953,Regina Ewing,maguilar@example.org,Olsenfurt,United Kingdom,2024-06-27,Standard,145.06,431,1
10954,Megan Mcdonald,bgreen@example.org,Woodshire,United Kingdom,2024-01-27,Standard,389.47,583,1
10955,Casey Goodwin,gmccarthy@example.org,Brandonland,United Kingdom,2024-01-31,Plus,407.05,579,1
10956,Eugene Steele,hannahhopkins@example.org,North Danielle,Italy,2022-10-22,Plus,420.62,1045,1
10957,Richard Gray,agarcia@example.com,New Christinemouth,United Kingdom,2023-11-17,Standard,281.51,654,1
10958,Allison Beltran,tmorrow@example.net,,France,2025-07-13,Plus,431.16,50,1
10959,Dorothy Hernandez,jacksonlaurie@example.net,North Andrewbury,United Kingdom,2025-06-30,Premium,2411.69,63,1
10960,Sarah Andrade,lopezmelissa@example.org,South Ashley,United Kingdom,2023-06-18,Plus,541.01,806,1
10961,Alisha Mullen,murraykatie@example.org,Williamsmouth,Italy,2025-06-17,Plus,319.57,76,1
10962,Lindsey Conley,jerry20@example.net,Jacquelineside,United Kingdom,2024-04-13,Plus,374.52,506,1
10963,Kevin Rivers,tracy85@example.com,Romeromouth,Spain,2024-04-10,Standard,246.0,509,1
10964,Anthony Rivera,xday@example.net,New Nicholas,France,2024-12-04,Standard,270.69,271,1
10965,David Nguyen,jeffreywise@example.com,Port Kerri,Germany,2022-08-07,Plus,427.61,1121,1
10966,Lydia Henderson,rhonda75@example.org,North Danastad,Germany,2023-01-12,Standard,221.44,963,1
10967,Robert Hall,donaldcampbell@example.org,North Shaneberg,United Kingdom,2022-03-09,Plus,532.29,1272,1
10968,Sean Guerrero,jamespark@example.net,,United Kingdom,2022-06-13,Premium,828.61,1176,0
10969,Karen Lewis,john00@example.org,Wangshire,United Kingdom,2021-10-12,Plus,429.37,1420,0
10970,David Marks,gcoleman@example.org,Port Vincent,United Kingdom,2025-05-22,Standard,193.22,102,1
10971,Jeffrey Fletcher,joseph97@example.net,Jesushaven,France,2024-06-06,Plus,360.96,452,1
10972,Richard Jones,melinda29@example.com,North Julie,Germany,2023-12-17,Standard,67.88,624,1
10973,Michael Harris,jesse04@example.org,North Timothy,United Kingdom,2023-06-20,Plus,472.07,804,1
10974,Angela Thomas,sherryharris@example.com,,United Kingdom,2021-11-21,Standard,209.0,1380,1
10975,Lisa Sanchez,nathanielcarroll@example.org,Grimesburgh,United Kingdom,2023-09-09,Standard,106.24,723,1
10976,Amanda Taylor,kristenrivera@example.org,Millerberg,United Kingdom,2025-01-18,Plus,463.81,226,1
10977,Robert Malone,dianekrause@example.com,Angelstad,United Kingdom,2024-04-17,Standard,201.4,502,1
10978,Karen Patel,kcrawford@example.org,East Luke,United Kingdom,2021-12-01,Plus,627.63,1370,1
10979,Ronald Wyatt,sarahallison@example.com,New Genemouth,United Kingdom,2023-08-23,Premium,806.84,740,1
10980,Tina Brown,millerkelsey@example.net,New Kathrynfurt,Germany,2025-01-27,Premium,971.25,217,1
10981,Antonio Weber,ageorge@example.net,North Cynthiaberg,France,2023-02-20,Standard,140.75,924,1
10982,Paul Gutierrez,pwilliams@example.org,Johnsonview,Spain,2022-01-09,Standard,121.09,1331,0
10983,Keith Peterson,epotter@example.com,Lake Michaelstad,Germany,2023-03-07,Premium,846.91,909,1
10984,Justin Sandoval,rhonda50@example.com,South Rhonda,Germany,2022-07-27,Plus,793.12,1132,1
10985,Kayla Reynolds,esmith@example.com,Medinamouth,Germany,2023-06-02,Premium,1174.76,822,0
10986,Tyler Johnson,xwright@example.com,Perezmouth,Germany,2025-08-06,Standard,158.39,26,1
10987,Monica Campbell,matthew07@example.org,New Alvinfort,France,2023-02-23,Plus,362.18,921,1
10988,Abigail Stephens,charlestyler@example.org,Port William,United Kingdom,2024-06-13,Standard,77.62,445,1
10989,Kristy Novak,welliott@example.org,Sarahville,Germany,2024-10-04,Standard,262.2,332,1
10990,Richard Case,riverachristopher@example.net,East Leslieborough,France,2022-12-31,Standard,183.06,975,1
10991,Michelle Johnson,christopher78@example.net,Brownfurt,Italy,2023-08-11,Plus,483.75,752,1
10992,Charles Underwood,stephanie92@example.com,Barryton,United Kingdom,2023-10-31,Standard,272.84,671,1
10993,Jake Wu,fjackson@example.com,Bowmanhaven,Germany,2021-12-28,Plus,432.41,1343,0
10994,William Flores,william36@example.net,North James,France,2024-01-11,Premium,633.91,599,0
10995,Amy Vega,danielhunt@example.org,South Kelseyville,United Kingdom,2024-07-16,Plus,534.9,412,1
10996,Gabriella Rivera,mollygarcia@example.com,,Spain,2022-08-11,Standard,224.04,1117,1
10997,Matthew Smith,bellmichael@example.org,Shelleyburgh,United Kingdom,2024-02-13,Plus,516.63,566,1
10998,Scott Black,calvin45@example.org,Murphyland,United Kingdom,2022-04-10,Standard,230.31,1240,1
10999,Kurt Smith,cgray@example.org,Riddleside,France,2021-11-04,Plus,477.94,1397,0
11000,Jim Martin,obrienmallory@example.com,Lake Elizabethland,United Kingdom,2024-01-10,Plus,348.58,600,1
11001,Keith Smith,desireecruz@example.org,Lake Tabitha,United Kingdom,2025-01-24,Plus,221.47,220,1
11002,John Garcia,jonesjason@example.com,Cynthiaport,Spain,2024-03-18,Standard,240.47,532,1
11003,Martin Vasquez,amyhunt@example.com,Victoriahaven,Germany,2025-06-08,Plus,372.47,85,1
11004,Jessica Solomon,nathanielmurphy@example.net,East Jennifer,Germany,2023-07-21,Standard,352.4,773,1
11005,Christine Jacobs,joelmcdonald@example.com,Elizabethshire,Germany,2025-04-08,Standard,356.26,146,1
11006,Michael Norman,douglas53@example.net,Clarkshire,Germany,2022-08-25,Premium,1429.95,1103,1
11007,Joseph Soto,murraypamela@example.net,Marialand,Italy,2025-02-06,Standard,236.35,207,1
11008,Stephanie Bond,cgutierrez@example.org,,Germany,2023-11-14,Standard,136.03,657,1
11009,Mr. Steven Williams,john02@example.com,Lake Maria,Germany,2023-06-15,Standard,448.66,809,1
11010,Jason Sanchez,sullivanbenjamin@example.com,Stokesside,France,2021-10-16,Plus,425.29,1416,1
11011,Lisa Smith,tbrown@example.net,West Chelseyshire,Italy,2023-06-19,Standard,144.65,805,1
11012,Ryan Clark DDS,csoto@example.org,Jenniferberg,Italy,2021-10-15,Plus,532.06,1417,1
11013,Cynthia Thomas,phillipsleonard@example.org,Williamton,France,2022-06-15,Plus,364.55,1174,0
11014,Angela Powers,kristin32@example.com,Nunezside,United Kingdom,2024-04-29,Standard,166.54,490,1
11015,Tanya Nichols,rmiller@example.com,Sharphaven,Germany,2024-11-17,Plus,348.89,288,1
11016,Carol Harper,sergiohuang@example.org,Lake Keith,United Kingdom,2024-03-04,Standard,85.86,546,1
11017,Jeanette Chandler,tmitchell@example.org,Port Nancyfurt,France,2024-08-01,Premium,1782.74,396,1
11018,Justin Fischer,bradley02@example.net,Carriehaven,Germany,2023-05-23,Plus,321.7,832,1
11019,Elizabeth Gomez,samantha80@example.com,Johnfurt,Spain,2024-01-07,Plus,373.38,603,1
11020,Christina Roberts,zmartin@example.net,Lake Allison,Spain,2025-06-01,Plus,437.27,92,1
11021,Alexander Mullins,tracy13@example.com,North Robert,Germany,2022-12-20,Premium,974.24,986,0
11022,Brandon Holloway,orozcojames@example.org,West Eric,Germany,2023-12-20,Standard,77.5,621,1
11023,Jeffrey Carpenter,milleraustin@example.com,Sheppardborough,United Kingdom,2022-07-01,Standard,269.83,1158,1
11024,Patrick Fischer,mclaughlinalexander@example.org,South Robert,Germany,2022-02-17,Standard,197.11,1292,0
11025,David Greer,oneillapril@example.com,South Meghan,Germany,2022-06-05,Plus,560.91,1184,1
11026,Taylor Juarez,brandonpacheco@example.net,Michaelland,Germany,2024-04-09,Plus,449.22,510,1
11027,Joshua Cunningham,cameron34@example.org,East Edwinshire,Italy,2021-10-25,Plus,526.92,1407,1
11028,Jesse Roberts,christina72@example.net,South Michael,Germany,2025-08-11,Standard,261.18,21,1
11029,Kimberly Smith,ann66@example.net,East Charlestown,France,2025-05-04,Plus,933.39,120,1
11030,Donna Chaney,gregory49@example.net,Taylorberg,Italy,2022-06-24,Standard,107.5,1165,1
11031,Kristen Campbell,stephaniebrown@example.org,Lake Jenniferfurt,Spain,2022-09-23,Premium,844.73,1074,1
11032,Jennifer Carrillo,becky90@example.org,Cooperland,Italy,2025-01-08,Standard,98.36,236,1
11033,Mr. Christopher Clark IV,uwillis@example.com,West Jennifermouth,United Kingdom,2022-10-18,Standard,350.89,1049,1
11034,Levi Sanders,bruceharvey@example.net,South Catherine,United Kingdom,2021-11-09,Premium,597.76,1392,0
11035,Christopher Haas,meaganhutchinson@example.net,South Antonioburgh,Italy,2022-05-17,Plus,329.57,1203,1
11036,Christopher Becker,mitchellnancy@example.net,New Josephmouth,Germany,2021-10-21,Standard,247.41,1411,0
11037,Justin Simpson,stephanie97@example.com,Harrisborough,Spain,2023-09-11,Plus,571.2,721,0
11038,Nicole Coleman,meganchandler@example.com,East Bruceberg,United Kingdom,2022-10-19,Standard,287.52,1048,1
11039,Richard Roberts,cummingsdarren@example.org,Tammyton,United Kingdom,2023-11-12,Standard,208.58,659,1
11040,Jose Smith,jose36@example.com,New Richard,Germany,2024-05-24,Premium,2979.91,465,1
11041,Justin Mendoza,swansoncathy@example.org,Williamville,Italy,2022-10-03,Plus,252.7,1064,0
11042,Troy Cooke,whitestephen@example.org,North Jennyhaven,Spain,2022-06-25,Standard,163.78,1164,1
11043,James Schaefer,michaeldennis@example.net,Wilsontown,France,2024-12-14,Standard,165.95,261,1
11044,James Burnett,jake15@example.net,Mariaville,United Kingdom,2022-08-14,Standard,312.61,1114,1
11045,Alyssa Mendoza,david42@example.com,North Juliestad,Spain,2023-01-23,Standard,94.34,952,1
11046,Jessica King,qmorris@example.org,Lake Charlesside,Spain,2023-05-02,Plus,227.35,853,0
11047,Lauren Tran,robinsonallison@example.net,,Germany,2024-05-17,Standard,78.27,472,1
11048,David Sanchez,vaughnoscar@example.org,West Jason,United Kingdom,2023-03-11,Standard,198.95,905,1
11049,Corey Ramirez,rachaeljackson@example.org,Kathrynland,United Kingdom,2024-08-04,Plus,359.96,393,1
11050,Sean Mckenzie,lawsonwilliam@example.com,East Daisytown,Spain,2022-11-18,Standard,286.61,1018,1
11051,Shelley Parker,woodssteven@example.org,New Jessicachester,United Kingdom,2022-05-15,Standard,210.06,1205,0
11052,Hannah Smith,robert08@example.net,Austinberg,France,2023-10-13,Premium,1877.66,689,1
11053,Emily Sims,skelley@example.org,New Bryanview,United Kingdom,2022-10-23,Standard,140.69,1044,0
11054,John Khan,joditaylor@example.com,Jesseberg,Spain,2022-12-12,Plus,695.97,994,0
11055,Linda Davis,walterhawkins@example.net,West Joshuafort,United Kingdom,2025-01-13,Plus,405.45,231,1
11056,Victoria Mcgee,robinsonseth@example.net,Port Marychester,France,2022-03-03,Plus,459.41,1278,0
11057,Jeffrey Jones,joseph60@example.org,Mariabury,France,2024-08-15,Standard,163.65,382,1
11058,James Harvey,nelsonjennifer@example.com,Lake Steven,United Kingdom,2023-06-06,Plus,301.87,818,1
11059,Jeremy Curry,mullenalec@example.org,Burgessmouth,France,2021-11-22,Premium,1242.97,1379,0
11060,April Campbell,beckeranna@example.org,Port Samantha,Germany,2025-04-14,Plus,637.76,140,1
11061,Jordan Phelps,kimberlyramsey@example.com,Albertshire,Germany,2024-10-17,Standard,196.18,319,1
11062,Robert Lee,spencerrichard@example.net,East Gail,United Kingdom,2023-09-14,Standard,19.42,718,1
11063,Anthony Miller,david62@example.net,North Paula,United Kingdom,2022-01-23,Standard,66.36,1317,1
11064,Tyrone Vasquez,kellyryan@example.com,,United Kingdom,2023-04-22,Premium,2777.21,863,1
11065,Ana Bradford,hancocktheresa@example.org,Lake David,United Kingdom,2023-01-07,Premium,1070.09,968,1
11066,Misty Green,victoria59@example.org,Stanleystad,France,2021-09-24,Standard,59.1,1438,0
11067,Alice Erickson,oliviagarrison@example.com,Watsonstad,Germany,2023-09-29,Standard,194.28,703,1
11068,Austin Henderson,jose46@example.net,West Kylie,United Kingdom,2024-12-12,Standard,28.32,263,1
11069,Aaron Gallegos,sosborne@example.org,Lake Melissa,Spain,2025-02-28,Standard,107.42,185,1
11070,Rodney Callahan,robertperez@example.net,Hansenbury,Germany,2021-12-03,Standard,134.94,1368,0
11071,Valerie Hall,frederick27@example.net,South Paulmouth,France,2024-07-03,Plus,485.68,425,1
11072,Austin Norman,msilva@example.com,Karlside,Germany,2022-09-08,Standard,152.33,1089,1
11073,Jason Hawkins,zobrien@example.net,South Katherinebury,Germany,2023-04-04,Standard,106.4,881,1
11074,George Klein,longjessica@example.com,Karenchester,United Kingdom,2021-10-30,Standard,220.53,1402,0
11075,Dawn Mitchell,andrew59@example.org,South Stevenhaven,United Kingdom,2021-09-12,Standard,207.64,1450,0
11076,Christopher Bautista,brittney05@example.net,Harrisberg,France,2022-06-20,Plus,963.27,1169,1
11077,Amy Davis,charleswilkinson@example.net,Amandaside,France,2022-08-30,Standard,199.54,1098,0
11078,Shane Sullivan,fergusongregory@example.org,Millerton,United Kingdom,2022-04-25,Standard,243.45,1225,1
11079,Amanda Strickland,sextoncandace@example.net,Rodriguezburgh,United Kingdom,2022-08-11,Premium,1151.54,1117,0
11080,Tonya Mclaughlin DVM,troman@example.org,Port Ronnie,United Kingdom,2024-06-27,Standard,302.72,431,1
11081,Jessica Rose,ghenry@example.com,New Rebecca,United Kingdom,2023-06-18,Plus,720.12,806,1
11082,Heather Gibson,charlesbarnett@example.net,Barrychester,Italy,2025-01-28,Standard,135.21,216,1
11083,Deborah Cooper,pneal@example.com,Ibarraview,Germany,2021-08-28,Standard,118.13,1465,1
11084,Kaitlyn Miller MD,thomaslori@example.com,Johnsonmouth,Spain,2023-11-26,Plus,753.13,645,1
11085,Jasmine Fischer,cjones@example.net,North Haroldland,Spain,2023-11-01,Plus,408.57,670,1
11086,Chase Huffman,keithchristensen@example.com,South Biancaland,United Kingdom,2021-09-09,Plus,454.94,1453,0
11087,Kathleen Johnson,juliemarsh@example.com,New Kimberlyport,United Kingdom,2023-08-17,Standard,54.7,746,0
11088,Andrew Cole,earldavidson@example.com,New Ashlee,Germany,2024-09-28,Standard,48.01,338,1
11089,Melissa Holmes,jessicahall@example.com,Raymondmouth,United Kingdom,2025-01-02,Standard,322.66,242,1
11090,Tracy Johnson,monica06@example.net,Lake Sherri,United Kingdom,2021-12-03,Standard,70.13,1368,1
11091,Jon Scott,wsmith@example.org,North Joanne,France,2022-06-02,Plus,294.3,1187,0
11092,James Baldwin DDS,jennifer93@example.org,New Kimberly,Spain,2022-03-04,Standard,260.39,1277,1
11093,Christina Jones,mbaker@example.net,Gilmorechester,United Kingdom,2025-07-23,Standard,269.95,40,1
11094,Kyle Roth,john26@example.com,Estradaland,Germany,2023-08-04,Standard,53.9,759,0
11095,Alexandria Carter,clarkseth@example.org,West Brian,Italy,2024-05-22,Premium,697.47,467,1
11096,Alicia Bradley,qaguirre@example.net,New Dennis,United Kingdom,2021-12-31,Plus,349.7,1340,1
11097,Matthew Thompson,browngregory@example.com,Yangland,United Kingdom,2022-11-17,Premium,789.54,1019,1
11098,Miss Nancy Daugherty,pswanson@example.org,Maryville,Germany,2021-10-04,Standard,66.96,1428,1
11099,Brenda Finley,kristenmiller@example.net,,United Kingdom,2025-04-08,Plus,498.7,146,1
11100,Samantha Peters,sherryhernandez@example.org,Allisontown,Germany,2025-03-30,Standard,69.13,155,1
11101,Jonathan Thomas,connor22@example.com,Port Jenniferberg,United Kingdom,2022-09-18,Plus,564.18,1079,1
11102,Mark James,carpenteradam@example.com,Mariobury,United Kingdom,2022-03-10,Standard,316.29,1271,0
11103,Bryan Fowler,andrewsanchez@example.net,Port Loristad,Germany,2025-02-23,Plus,353.02,190,1
11104,Debra Turner,qpetersen@example.net,East Jay,Spain,2024-06-06,Plus,701.78,452,1
11105,Elizabeth Thomas,ramirezkenneth@example.com,East Royview,United Kingdom,2023-01-25,Standard,141.32,950,1
11106,Sarah Schmidt,warrenmary@example.org,North Jessicaburgh,United Kingdom,2024-01-17,Plus,557.36,593,1
11107,Tara Smith,wattskari@example.net,West Bridgetstad,United Kingdom,2024-07-17,Standard,117.27,411,1
11108,Pamela Martinez,rgilbert@example.org,Port Scotttown,Spain,2023-11-05,Standard,266.38,666,1
11109,Whitney Moyer,jenniferholt@example.org,Clarkberg,Germany,2023-11-19,Standard,78.45,652,1
11110,Sarah Macdonald,karensanders@example.net,Lake Shannonfurt,Germany,2025-04-14,Premium,698.92,140,1
11111,Jon Jones,emiranda@example.net,Port David,Italy,2025-04-17,Standard,138.56,137,1
11112,Jose Preston,kevinmartin@example.com,Tatemouth,United Kingdom,2023-01-09,Plus,894.8,966,1
11113,Tyler Cole,nicole24@example.com,East Kyliefort,United Kingdom,2024-11-30,Standard,301.37,275,1
11114,Paul Santos,fredericksteven@example.org,Payneville,Italy,2024-01-27,Standard,152.04,583,1
11115,Ricky Underwood,jamesblack@example.com,New Kathyhaven,Germany,2021-08-06,Standard,166.95,1487,1
11116,Sherri Maynard,ryanroberts@example.com,Wandabury,Italy,2022-02-11,Plus,482.3,1298,0
11117,Tonya Davis,kathleensandoval@example.net,Lindamouth,United Kingdom,2024-12-16,Plus,335.32,259,1
11118,Anthony Brown,brownjohn@example.org,New Joshuahaven,United Kingdom,2023-04-14,Standard,266.41,871,1
11119,Gina Miller,bchristensen@example.net,Mckinneyhaven,Germany,2022-05-16,Standard,221.15,1204,1
11120,Alexandra Smith,richardfranklin@example.com,,France,2023-09-22,Premium,611.97,710,1
11121,Nicole Mcguire,jessicastewart@example.net,Crosbyville,Spain,2024-03-23,Plus,407.13,527,1
11122,Peter Jennings,pferguson@example.org,East Elizabeth,Germany,2025-03-07,Plus,350.09,178,1
11123,Mr. Martin Cohen,michael47@example.net,New William,France,2021-12-18,Standard,44.63,1353,0
11124,John Medina,kathrynwhite@example.net,North Kenneth,United Kingdom,2023-12-05,Standard,159.85,636,1
11125,Ashley Johnson,nataliejohnson@example.org,East Johnmouth,Spain,2023-08-25,Plus,555.36,738,1
11126,Shannon Campos,buckleyandrew@example.net,Alexisburgh,France,2023-08-24,Standard,332.09,739,1
11127,Tracy Cruz,kyle81@example.net,Leeberg,France,2023-06-03,Standard,141.09,821,1
11128,Maureen Hancock,ywhite@example.org,Raymondchester,Spain,2025-03-26,Plus,319.11,159,1
11129,Cory Strickland,ryan32@example.org,Blackburnville,Spain,2022-05-03,Standard,207.88,1217,0
11130,Kenneth Daniels,blakegates@example.net,Palmerside,Spain,2024-02-08,Standard,155.77,571,1
11131,Jamie Rich,mestes@example.com,Jimenezbury,United Kingdom,2022-11-07,Standard,117.47,1029,1
11132,Brandi Walls,lcooper@example.org,Nancyburgh,United Kingdom,2021-12-16,Standard,200.07,1355,0
11133,David Decker,ethanstone@example.com,East Kristin,Spain,2025-04-15,Standard,237.32,139,1
11134,Samantha Hatfield,xadams@example.org,West Eric,Italy,2024-05-24,Premium,654.4,465,1
11135,Thomas Jordan,dmartin@example.net,Jenniferhaven,Spain,2025-05-28,Plus,507.32,96,1
11136,Kathy Duncan,cmorales@example.com,Jacquelinemouth,United Kingdom,2025-05-15,Standard,183.87,109,1
11137,Doris Richard,tara44@example.net,Donnabury,Italy,2023-10-18,Premium,3607.57,684,0
11138,Jerry Pittman,leonarddarren@example.net,West Thomasland,Germany,2025-05-28,Standard,174.53,96,1
11139,Kristin Caldwell,jackbryant@example.net,,United Kingdom,2022-09-12,Premium,1442.13,1085,0
11140,Christopher Jenkins,rileykevin@example.com,Jackieport,Germany,2024-04-25,Premium,1510.23,494,1
11141,Michael Harris,debrapineda@example.com,Omarberg,France,2025-01-02,Premium,1117.69,242,1
11142,George Farrell,ypalmer@example.org,North Kellyhaven,United Kingdom,2022-06-05,Plus,613.34,1184,1
11143,Melissa Wade,alexandramarsh@example.com,Port Ericaton,Germany,2024-11-28,Standard,170.28,277,1
11144,Michael Kerr,victormccarthy@example.org,Bishopland,Germany,2022-10-16,Standard,254.14,1051,0
11145,Bryan Davis,edwardburns@example.net,Martinezborough,France,2023-11-02,Plus,554.45,669,1
11146,Roger Robinson MD,jose38@example.org,Jasonmouth,France,2022-02-22,Plus,521.12,1287,1
11147,Kimberly Morgan,jcrawford@example.net,,Spain,2022-07-19,Standard,141.58,1140,1
11148,Ricardo Cook,mshaw@example.net,Phamhaven,United Kingdom,2022-12-04,Standard,56.23,1002,1
11149,Christopher Nelson,jeremy60@example.com,Kimberlystad,United Kingdom,2022-02-21,Standard,102.57,1288,1
11150,Nicholas Perry,pschmidt@example.org,West Jerry,France,2023-06-17,Standard,68.53,807,1
11151,Adam Walton,millererin@example.com,Garciaton,United Kingdom,2021-09-13,Standard,105.1,1449,1
11152,Tyler Gilbert,olivia58@example.net,Bartlettmouth,Germany,2021-08-11,Standard,164.31,1482,0
11153,Scott Stewart,ckelley@example.com,Caseytown,United Kingdom,2021-08-19,Standard,250.99,1474,0
11154,Jacob Matthews,krose@example.org,West Alice,France,2023-01-16,Standard,51.82,959,1
11155,Christopher Parker,dylanpotts@example.org,Grimesport,United Kingdom,2024-09-13,Standard,184.41,353,1
11156,Penny Mooney,johnsonann@example.net,South Austinmouth,United Kingdom,2025-04-29,Standard,131.03,125,1
11157,Christopher Smith,paulfowler@example.net,Graceville,Germany,2024-04-12,Plus,814.53,507,1
11158,Phillip Garcia,nmartinez@example.org,Port Melissa,United Kingdom,2021-11-23,Plus,716.41,1378,0
11159,Mr. Cristian Reed,tammyhall@example.com,Millerfort,Spain,2024-12-22,Standard,117.43,253,1
11160,Lisa Ross,lucasjames@example.com,New Patrickberg,Germany,2023-04-25,Standard,39.25,860,1
11161,Lucas Mendoza,zroberts@example.com,Johnmouth,United Kingdom,2025-01-08,Standard,49.05,236,1
11162,Joseph Diaz,mlozano@example.com,Lake Cherylmouth,France,2022-01-12,Plus,638.45,1328,0
11163,Lauren Reyes,jason73@example.org,Lake Meganburgh,Germany,2022-03-30,Standard,151.51,1251,0
11164,Mr. Bradley Li,andrea12@example.com,,France,2021-09-22,Premium,886.85,1440,1
11165,Paul Carney,njohnson@example.net,Martinhaven,Spain,2022-06-17,Premium,869.72,1172,1
11166,Desiree Duncan,joseroman@example.org,Wadeland,France,2022-08-24,Premium,420.04,1104,0
11167,Jack Adams,ethomas@example.org,South Reneebury,Germany,2022-02-05,Standard,236.05,1304,0
11168,Cameron Robinson,sally76@example.org,Johnside,United Kingdom,2021-11-16,Plus,460.51,1385,0
11169,Gloria Hamilton,ballison@example.net,South Edward,Spain,2023-04-23,Standard,133.87,862,1
11170,Paul Castillo,brownaaron@example.com,Lake Dakota,United Kingdom,2025-02-18,Standard,124.49,195,1
11171,Luis Curry,lhanson@example.com,Chambersfurt,Germany,2022-07-02,Premium,1010.03,1157,1
11172,Joseph Strickland,christinajackson@example.net,East Gavin,Italy,2024-10-10,Premium,1472.23,326,1
11173,Ian Gomez,jamesortega@example.com,,France,2023-10-24,Standard,137.06,678,1
11174,Donna Diaz PhD,kevin64@example.com,New Megan,Germany,2023-10-05,Plus,463.76,697,1
11175,Jessica Delgado,jasonwilliams@example.net,Garzaberg,United Kingdom,2024-07-07,Plus,275.07,421,1
11176,Roger Wilson,sharris@example.org,New Jameschester,United Kingdom,2025-05-15,Standard,149.59,109,1
11177,Tyler Tran MD,jake17@example.com,Amandaview,United Kingdom,2022-04-10,Premium,831.58,1240,0
11178,Joe Meyer,amy57@example.org,Sanchezstad,Germany,2024-10-17,Standard,119.1,319,1
11179,Kelly Johnson,edwinkeller@example.com,Jeffreyfurt,Germany,2023-11-27,Plus,713.37,644,1
11180,Erin Scott,jessicaking@example.net,East Scottbury,Italy,2021-08-09,Standard,54.11,1484,0
11181,Randy Levine,grodriguez@example.net,Michaelchester,France,2023-04-22,Standard,128.24,863,1
11182,Adam Anderson MD,pmiller@example.org,Lake Kevin,United Kingdom,2024-01-27,Standard,28.28,583,1
11183,Matthew Thomas,asimmons@example.com,Cynthiaville,United Kingdom,2025-07-22,Standard,209.85,41,1
11184,Ryan Santos,rebecca72@example.net,Lake Derekmouth,United Kingdom,2025-02-26,Standard,134.82,187,1
11185,Joshua Huynh,wrobinson@example.com,Lawsontown,Germany,2022-07-24,Standard,181.78,1135,0
11186,Mark White,lamdavid@example.org,East Jamesborough,France,2023-02-07,Standard,330.1,937,1
11187,Kaylee Kennedy,melinda59@example.com,South Luke,France,2023-04-25,Premium,1625.17,860,0
11188,Bradley Brown,hernandezjonathan@example.org,Port Lorichester,United Kingdom,2024-09-03,Plus,421.31,363,1
11189,Joshua Warner,molinajamie@example.net,Greenfurt,France,2024-11-15,Standard,131.73,290,1
11190,Ashley Bennett,brandonmorris@example.org,Caseland,United Kingdom,2025-06-01,Standard,140.84,92,1
11191,Steve Young,jeffrey70@example.net,Wileyton,Spain,2022-04-22,Standard,181.12,1228,1
11192,Melissa Murphy,antonio75@example.org,Tiffanymouth,Italy,2023-08-12,Standard,181.96,751,1
11193,Allison Tapia,watersdennis@example.org,East Tracystad,France,2021-11-06,Standard,345.32,1395,0
11194,Shelby Taylor,xwerner@example.com,Bowmanshire,Germany,2023-05-03,Plus,397.12,852,1
11195,Brandon Allen,lsnyder@example.com,Ortegaside,Germany,2023-03-22,Standard,195.05,894,1
11196,Diane Hurley,brittanygreen@example.net,Lake Hollyhaven,France,2023-08-31,Standard,204.87,732,1
11197,Kelly Walker,flemingaustin@example.org,Thomasbury,Germany,2024-12-11,Standard,169.19,264,1
11198,Tiffany Chang,ryanbenton@example.com,Bankston,United Kingdom,2022-07-26,Standard,166.74,1133,1
11199,Patrick Myers,danielle84@example.org,Rochaborough,Germany,2024-09-18,Premium,917.23,348,1
