order_id,customer_id,order_date,status,channel,shipped_date,total,item_count
50000,10000,2025-02-08,refunded,web,2025-02-10,46.74,1
50001,10000,2025-09-01,shipped,mobile,2025-09-02,182.1,3
50002,10001,2023-05-08,pending,mobile,,221.9,3
50003,10001,2025-07-15,shipped,mobile,2025-07-19,161.88,3
50004,10001,2024-11-12,shipped,web,2024-11-16,250.83,2
50005,10002,2025-08-10,shipped,web,2025-08-15,112.66,2
50006,10002,2025-02-04,shipped,web,2025-02-09,357.36,6
50007,10002,2025-02-27,shipped,web,2025-03-02,227.95,3
50008,10002,2025-07-13,shipped,mobile,2025-07-14,461.26,6
50009,10002,2025-05-02,shipped,web,2025-05-09,302.41,6
50010,10002,2025-05-28,cancelled,web,,233.74,4
50011,10002,2025-07-21,pending,mobile,,155.13,5
50012,10003,2024-07-09,refunded,mobile,2024-07-17,208.51,5
50013,10004,2025-06-09,pending,mobile,,74.97,2
50014,10004,2024-04-21,shipped,mobile,2024-04-28,368.56,6
50015,10005,2024-11-03,shipped,mobile,2024-11-05,239.72,4
50016,10005,2025-02-13,shipped,web,2025-02-18,111.4,2
50017,10005,2024-12-07,shipped,mobile,2024-12-09,671.94,6
50018,10005,2023-10-22,shipped,web,2023-10-27,355.15,4
50019,10006,2025-05-12,cancelled,web,,327.3,6
50020,10006,2025-08-29,pending,mobile,,427.68,5
50021,10006,2024-05-13,shipped,web,2024-05-14,270.42,3
50022,10006,2024-03-21,cancelled,web,,123.16,3
50023,10007,2024-02-02,shipped,web,2024-02-07,586.0,4
50024,10007,2025-05-31,shipped,web,2025-06-03,199.94,6
50025,10007,2024-02-08,shipped,web,2024-02-11,241.5,5
50026,10007,2024-06-23,shipped,web,2024-06-29,110.7,2
50027,10007,2024-08-31,shipped,mobile,2024-09-05,261.86,6
50028,10008,2024-12-07,shipped,mobile,2024-12-11,157.19,2
50029,10009,2025-06-19,shipped,mobile,2025-06-25,173.3,4
50030,10009,2025-06-26,shipped,web,2025-07-04,337.88,4
50031,10009,2025-07-07,shipped,mobile,2025-07-13,416.61,5
50032,10009,2025-08-15,shipped,web,2025-08-17,235.94,5
50033,10010,2025-05-06,shipped,store,2025-05-14,618.12,3
50034,10010,2025-08-20,shipped,mobile,2025-08-23,207.98,4
50035,10010,2024-08-26,shipped,web,2024-08-30,322.94,4
50036,10012,2024-08-12,pending,mobile,,580.1,4
50037,10013,2025-07-04,refunded,web,2025-07-05,274.26,4
50038,10014,2025-08-21,cancelled,web,,139.47,3
50039,10014,2025-09-01,refunded,web,2025-09-05,138.66,3
50040,10015,2024-10-09,shipped,web,2024-10-11,167.21,3
50041,10015,2025-04-11,shipped,mobile,2025-04-19,80.58,1
50042,10015,2024-08-05,shipped,mobile,2024-08-09,397.88,3
50043,10016,2025-07-08,shipped,web,2025-07-14,112.73,6
50044,10016,2025-06-21,shipped,web,2025-06-28,155.81,2
50045,10016,2025-07-24,shipped,mobile,2025-07-26,493.15,5
50046,10016,2025-06-18,shipped,mobile,2025-06-25,47.1,1
50047,10016,2025-08-28,shipped,web,2025-09-05,60.15,1
50048,10016,2025-07-13,refunded,web,2025-07-16,82.28,1
50049,10017,2025-08-03,shipped,store,2025-08-04,246.16,6
50050,10017,2025-08-18,pending,web,,243.3,4
50051,10018,2025-04-28,pending,web,,118.42,2
50052,10018,2025-04-13,cancelled,web,,225.81,4
50053,10018,2025-02-22,cancelled,web,,120.86,2
50054,10019,2025-08-13,shipped,web,2025-08-18,203.68,5
50055,10019,2024-07-22,shipped,web,2024-07-24,163.95,6
50056,10019,2024-07-12,shipped,mobile,2024-07-20,1172.97,6
50057,10020,2025-05-02,shipped,store,2025-05-07,49.51,2
50058,10020,2025-06-15,shipped,mobile,2025-06-19,92.17,2
50059,10020,2025-06-08,shipped,mobile,2025-06-10,106.49,4
50060,10021,2024-12-26,shipped,store,2024-12-27,26.6,1
50061,10021,2023-11-11,shipped,store,2023-11-18,546.69,5
50062,10021,2022-10-15,shipped,mobile,2022-10-17,216.5,3
50063,10021,2023-12-21,shipped,web,2023-12-28,261.07,3
50064,10022,2024-10-10,cancelled,mobile,,138.52,2
50065,10022,2024-09-21,shipped,mobile,2024-09-27,694.99,6
50066,10022,2023-12-18,cancelled,web,,456.15,6
50067,10022,2023-04-18,shipped,mobile,2023-04-26,104.1,1
50068,10022,2024-06-28,shipped,mobile,2024-07-03,468.4,3
50069,10023,2025-08-07,shipped,mobile,2025-08-11,303.71,3
50070,10023,2025-05-02,refunded,web,2025-05-07,75.22,3
50071,10023,2025-05-14,shipped,mobile,2025-05-17,353.19,6
50072,10025,2024-06-01,pending,web,,143.54,2
50073,10025,2024-06-21,shipped,web,2024-06-29,406.28,2
50074,10025,2024-02-15,shipped,mobile,2024-02-16,440.38,4
50075,10025,2024-01-30,shipped,web,2024-02-01,223.43,4
50076,10025,2025-07-18,refunded,web,2025-07-19,524.71,3
50077,10026,2023-08-18,shipped,web,2023-08-19,548.53,6
50078,10026,2022-02-19,shipped,web,2022-02-21,178.84,2
50079,10026,2023-08-06,pending,web,,268.4,6
50080,10026,2022-02-08,shipped,web,2022-02-13,195.48,4
50081,10026,2024-11-14,pending,web,,201.91,3
50082,10028,2025-03-31,shipped,mobile,2025-04-08,437.43,5
50083,10028,2025-05-02,refunded,mobile,2025-05-05,441.1,4
50084,10028,2025-07-31,shipped,mobile,2025-08-02,150.2,2
50085,10028,2025-03-31,shipped,store,2025-04-08,251.26,5
50086,10028,2025-07-30,shipped,mobile,2025-08-06,38.2,1
50087,10028,2025-03-14,shipped,mobile,2025-03-15,386.44,4
50088,10029,2023-08-28,shipped,web,2023-08-29,459.24,6
50089,10029,2022-12-20,shipped,mobile,2022-12-26,59.06,3
50090,10029,2023-10-01,shipped,web,2023-10-05,54.63,1
50091,10029,2024-06-03,pending,mobile,,158.26,4
50092,10030,2025-03-30,refunded,mobile,2025-03-31,388.04,6
50093,10030,2025-08-12,pending,web,,246.9,4
50094,10031,2024-06-01,shipped,mobile,2024-06-09,194.62,2
50095,10032,2025-07-09,shipped,web,2025-07-13,129.81,2
50096,10032,2024-12-28,shipped,mobile,2024-12-30,182.7,6
50097,10032,2024-12-03,shipped,mobile,2024-12-06,676.65,4
50098,10032,2025-02-18,shipped,web,2025-02-24,90.02,2
50099,10033,2023-06-02,shipped,mobile,2023-06-08,15.68,1
50100,10033,2024-05-09,shipped,mobile,2024-05-17,184.34,3
50101,10034,2024-08-22,shipped,web,2024-08-30,24.9,1
50102,10034,2024-10-22,shipped,web,2024-10-27,360.35,6
50103,10034,2023-10-28,shipped,mobile,2023-11-04,17.46,1
50104,10034,2024-07-05,shipped,mobile,2024-07-06,309.2,4
50105,10034,2024-05-22,refunded,web,2024-05-25,630.73,5
50106,10034,2024-08-27,refunded,mobile,2024-09-01,32.92,1
50107,10035,2025-04-13,shipped,web,2025-04-18,113.99,3
50108,10036,2024-12-25,shipped,web,2024-12-29,409.89,5
50109,10037,2024-10-12,cancelled,web,,343.14,2
50110,10037,2024-11-29,shipped,mobile,2024-12-04,303.19,4
50111,10038,2025-01-30,shipped,mobile,2025-02-01,279.61,6
50112,10038,2025-02-22,refunded,mobile,2025-02-24,174.39,2
50113,10039,2023-11-21,shipped,web,2023-11-26,371.98,6
50114,10040,2025-06-02,shipped,mobile,2025-06-05,182.52,3
50115,10042,2024-05-27,pending,mobile,,266.75,6
50116,10042,2024-02-06,pending,web,,68.36,1
50117,10042,2024-11-08,cancelled,mobile,,307.47,5
50118,10042,2024-07-21,shipped,web,2024-07-28,356.56,5
50119,10042,2024-07-21,shipped,web,2024-07-27,351.1,4
50120,10042,2024-03-09,shipped,web,2024-03-13,193.54,3
50121,10042,2024-05-11,refunded,mobile,2024-05-14,127.57,3
50122,10042,2025-03-25,pending,web,,78.89,2
50123,10043,2025-07-15,shipped,web,2025-07-22,373.36,6
50124,10044,2022-04-05,shipped,mobile,2022-04-07,372.56,6
50125,10044,2025-08-17,shipped,web,2025-08-24,56.24,1
50126,10045,2024-03-22,shipped,web,2024-03-29,159.6,3
50127,10046,2024-10-15,shipped,store,2024-10-17,109.62,4
50128,10046,2025-04-02,shipped,mobile,2025-04-03,582.74,6
50129,10046,2025-07-14,shipped,web,2025-07-21,110.0,1
50130,10046,2025-08-08,shipped,mobile,2025-08-10,260.08,5
50131,10046,2024-08-24,shipped,mobile,2024-08-25,12.62,2
50132,10046,2024-08-31,shipped,web,2024-09-06,88.82,2
50133,10047,2025-05-22,shipped,web,2025-05-24,186.21,4
50134,10047,2025-08-11,refunded,mobile,2025-08-19,180.31,5
50135,10048,2025-02-23,shipped,mobile,2025-03-03,106.96,2
50136,10048,2024-11-25,cancelled,mobile,,254.44,6
50137,10048,2025-05-28,shipped,store,2025-06-01,166.34,3
50138,10048,2025-07-04,shipped,store,2025-07-09,13.84,1
50139,10048,2025-06-19,pending,mobile,,365.4,6
50140,10049,2025-05-05,cancelled,mobile,,115.18,4
50141,10050,2024-12-31,refunded,mobile,2025-01-06,15.86,1
50142,10050,2023-01-18,shipped,web,2023-01-22,17.94,1
50143,10050,2025-08-07,shipped,web,2025-08-15,308.67,5
50144,10051,2025-06-28,shipped,mobile,2025-07-03,311.73,3
50145,10052,2025-07-16,shipped,web,2025-07-24,343.91,6
50146,10053,2025-05-13,pending,mobile,,250.71,5
50147,10053,2025-07-11,shipped,web,2025-07-14,110.41,5
50148,10053,2025-01-01,pending,web,,46.94,1
50149,10054,2024-12-28,shipped,mobile,2025-01-02,128.58,3
50150,10054,2025-05-29,shipped,web,2025-06-03,86.81,3
50151,10054,2025-03-27,shipped,mobile,2025-04-03,373.01,6
50152,10054,2025-06-14,shipped,mobile,2025-06-19,368.03,6
50153,10054,2025-08-23,refunded,mobile,2025-08-24,18.99,1
50154,10054,2025-05-09,shipped,web,2025-05-10,436.07,5
50155,10055,2025-04-21,pending,web,,21.56,1
50156,10055,2024-11-30,shipped,web,2024-12-06,305.31,5
50157,10055,2024-09-20,shipped,mobile,2024-09-26,245.76,4
50158,10055,2022-12-20,cancelled,web,,241.38,4
50159,10055,2024-12-24,pending,mobile,,57.38,1
50160,10056,2024-03-17,shipped,mobile,2024-03-23,216.15,3
50161,10056,2022-06-18,refunded,web,2022-06-25,302.26,2
50162,10056,2023-06-21,refunded,mobile,2023-06-25,125.62,4
50163,10056,2023-02-06,shipped,web,2023-02-12,157.77,4
50164,10056,2023-05-18,pending,store,,68.76,2
50165,10057,2022-06-26,shipped,web,2022-06-29,818.63,5
50166,10057,2023-01-25,shipped,store,2023-01-28,138.84,3
50167,10057,2022-06-18,shipped,web,2022-06-24,67.08,1
50168,10058,2025-07-03,shipped,web,2025-07-09,92.4,1
50169,10058,2025-06-22,shipped,web,2025-06-26,516.66,4
50170,10058,2025-06-20,shipped,mobile,2025-06-24,376.9,3
50171,10058,2025-04-11,shipped,mobile,2025-04-17,132.93,5
50172,10059,2024-09-02,shipped,web,2024-09-07,326.48,4
50173,10059,2025-06-06,shipped,web,2025-06-10,216.55,5
50174,10059,2024-10-13,shipped,web,2024-10-17,34.44,1
50175,10060,2023-04-09,shipped,mobile,2023-04-10,30.21,1
50176,10060,2022-08-03,pending,web,,27.8,2
50177,10061,2022-12-18,shipped,web,2022-12-26,545.84,5
50178,10061,2023-10-09,refunded,web,2023-10-15,476.97,5
50179,10061,2023-11-14,shipped,web,2023-11-20,298.82,4
50180,10062,2024-06-04,shipped,web,2024-06-07,75.28,3
50181,10063,2025-07-13,refunded,web,2025-07-16,297.0,4
50182,10063,2024-07-07,refunded,web,2024-07-14,33.21,1
50183,10063,2025-08-17,pending,mobile,,80.85,3
50184,10063,2025-08-27,shipped,mobile,2025-08-30,88.68,1
50185,10063,2024-12-14,shipped,mobile,2024-12-18,386.78,6
50186,10063,2024-09-23,shipped,mobile,2024-09-30,50.22,1
50187,10064,2023-11-30,shipped,mobile,2023-12-05,200.28,1
50188,10064,2024-05-11,shipped,mobile,2024-05-14,186.11,3
50189,10065,2023-04-14,shipped,web,2023-04-15,47.31,2
50190,10065,2025-03-27,refunded,web,2025-04-02,386.64,2
50191,10065,2025-02-14,shipped,web,2025-02-16,457.43,6
50192,10066,2022-09-27,refunded,web,2022-10-05,71.03,2
50193,10067,2024-12-04,shipped,mobile,2024-12-08,871.75,5
50194,10067,2024-07-15,refunded,web,2024-07-23,214.38,6
50195,10067,2025-04-17,shipped,web,2025-04-24,99.73,3
50196,10067,2024-08-05,pending,mobile,,532.51,6
50197,10067,2024-09-14,shipped,web,2024-09-21,176.62,3
50198,10068,2023-10-31,shipped,mobile,2023-11-06,375.6,5
50199,10069,2024-08-02,shipped,store,2024-08-09,23.84,1
50200,10070,2025-07-15,pending,mobile,,380.17,6
50201,10071,2025-08-17,shipped,mobile,2025-08-21,221.05,6
50202,10071,2025-06-16,shipped,mobile,2025-06-21,394.57,5
50203,10072,2025-06-14,shipped,mobile,2025-06-21,108.06,1
50204,10072,2025-07-07,shipped,web,2025-07-13,191.4,4
50205,10073,2025-08-29,pending,web,,150.24,4
50206,10073,2025-08-18,pending,web,,79.81,4
50207,10073,2025-06-30,refunded,mobile,2025-07-02,417.13,4
50208,10073,2025-06-30,pending,mobile,,102.27,1
50209,10073,2025-07-13,shipped,mobile,2025-07-15,112.85,4
50210,10074,2024-10-17,pending,store,,193.28,3
50211,10075,2024-04-02,pending,mobile,,322.56,4
50212,10075,2024-06-14,pending,web,,14.47,1
50213,10076,2024-10-05,pending,mobile,,50.94,2
50214,10076,2025-03-06,shipped,mobile,2025-03-12,359.66,5
50215,10076,2021-11-30,cancelled,mobile,,149.73,4
50216,10078,2025-04-23,shipped,mobile,2025-04-25,491.37,5
50217,10078,2022-09-01,shipped,mobile,2022-09-08,52.22,2
50218,10078,2025-06-25,pending,mobile,,119.0,2
50219,10078,2023-06-10,shipped,web,2023-06-16,89.32,1
50220,10078,2022-10-10,pending,web,,271.51,6
50221,10079,2024-11-15,shipped,store,2024-11-22,141.6,4
50222,10079,2023-09-17,refunded,web,2023-09-20,364.42,6
50223,10079,2024-10-17,shipped,store,2024-10-19,11.04,1
50224,10079,2025-08-10,shipped,web,2025-08-11,34.18,1
50225,10079,2024-02-05,pending,mobile,,223.98,3
50226,10080,2024-09-08,refunded,store,2024-09-15,336.62,6
50227,10080,2025-05-13,refunded,store,2025-05-14,244.39,6
50228,10080,2025-02-08,shipped,web,2025-02-09,162.62,2
50229,10081,2025-03-24,shipped,mobile,2025-03-26,336.26,6
50230,10081,2025-08-13,shipped,web,2025-08-18,518.8,5
50231,10081,2024-04-11,refunded,web,2024-04-15,34.83,1
50232,10081,2024-11-21,pending,mobile,,216.49,4
50233,10081,2025-05-29,shipped,web,2025-06-01,473.87,6
50234,10082,2025-06-07,pending,mobile,,233.1,6
50235,10082,2024-02-03,refunded,mobile,2024-02-08,179.66,3
50236,10082,2025-01-10,pending,web,,589.85,5
50237,10083,2025-01-18,cancelled,web,,86.08,2
50238,10085,2024-05-09,shipped,web,2024-05-13,341.9,6
50239,10088,2025-04-12,shipped,web,2025-04-19,154.92,3
50240,10088,2025-01-06,shipped,web,2025-01-10,40.0,1
50241,10088,2025-07-15,refunded,web,2025-07-20,207.75,5
50242,10088,2025-03-04,refunded,web,2025-03-06,197.85,5
50243,10088,2025-02-13,shipped,web,2025-02-14,158.78,3
50244,10088,2025-06-19,shipped,web,2025-06-20,228.2,4
50245,10089,2025-07-05,shipped,web,2025-07-07,162.93,2
50246,10089,2025-05-13,shipped,mobile,2025-05-18,147.72,3
50247,10089,2024-12-06,shipped,mobile,2024-12-12,81.73,3
50248,10090,2024-11-10,pending,store,,255.06,4
50249,10090,2025-02-16,shipped,store,2025-02-21,207.48,3
50250,10090,2025-05-08,shipped,store,2025-05-13,80.02,3
50251,10090,2024-11-21,shipped,mobile,2024-11-25,191.28,6
50252,10090,2025-08-15,pending,store,,284.99,4
50253,10091,2025-03-27,pending,web,,75.25,3
50254,10091,2025-07-09,shipped,mobile,2025-07-11,217.19,5
50255,10093,2025-05-10,shipped,web,2025-05-16,17.96,1
50256,10093,2025-07-12,shipped,mobile,2025-07-19,473.37,4
50257,10094,2024-12-04,refunded,mobile,2024-12-12,10.94,1
50258,10095,2024-08-30,pending,web,,170.3,2
50259,10095,2022-04-02,shipped,web,2022-04-08,411.7,4
50260,10096,2025-06-22,cancelled,web,,575.19,6
50261,10096,2025-03-09,shipped,mobile,2025-03-14,165.3,5
50262,10096,2024-06-18,shipped,web,2024-06-23,109.16,2
50263,10098,2023-04-13,pending,web,,76.94,2
50264,10098,2023-07-13,shipped,mobile,2023-07-18,146.22,4
50265,10098,2023-08-19,refunded,web,2023-08-20,187.68,4
50266,10098,2023-03-25,shipped,web,2023-03-27,121.52,2
50267,10098,2023-05-15,refunded,store,2023-05-19,197.53,5
50268,10099,2023-11-13,shipped,web,2023-11-19,247.92,3
50269,10099,2023-11-08,shipped,web,2023-11-12,145.56,4
50270,10099,2024-07-31,shipped,mobile,2024-08-08,71.88,1
50271,10100,2025-07-07,refunded,mobile,2025-07-09,216.42,4
50272,10101,2025-03-01,shipped,store,2025-03-05,261.95,4
50273,10101,2024-01-03,shipped,mobile,2024-01-09,97.35,3
50274,10101,2023-10-25,shipped,web,2023-10-28,80.26,2
50275,10102,2024-08-19,shipped,web,2024-08-26,172.01,4
50276,10102,2025-02-13,shipped,web,2025-02-17,151.04,2
50277,10103,2023-12-18,shipped,web,2023-12-26,19.71,1
50278,10103,2022-04-06,shipped,web,2022-04-13,18.6,1
50279,10103,2023-06-13,shipped,web,2023-06-16,300.15,5
50280,10103,2021-11-04,shipped,web,2021-11-11,771.47,5
50281,10104,2025-08-17,pending,web,,366.28,5
50282,10106,2021-09-29,refunded,store,2021-10-05,84.92,2
50283,10106,2023-06-17,shipped,store,2023-06-24,121.18,3
50284,10107,2025-02-12,shipped,mobile,2025-02-19,267.08,6
50285,10107,2025-01-24,shipped,store,2025-01-31,22.86,1
50286,10108,2025-05-02,shipped,web,2025-05-09,258.26,6
50287,10108,2023-01-19,shipped,store,2023-01-20,397.02,5
50288,10108,2023-09-10,shipped,mobile,2023-09-12,28.29,1
50289,10109,2024-08-07,shipped,mobile,2024-08-09,152.65,3
50290,10109,2024-05-16,pending,web,,511.95,6
50291,10110,2025-03-04,shipped,store,2025-03-09,448.74,6
50292,10110,2024-05-28,shipped,store,2024-05-30,202.02,2
50293,10111,2025-08-30,cancelled,mobile,,651.01,6
50294,10111,2025-08-23,shipped,web,2025-08-31,363.5,4
50295,10111,2025-08-31,shipped,mobile,2025-09-04,220.23,5
50296,10111,2025-07-26,shipped,web,2025-07-30,44.14,1
50297,10111,2025-08-23,cancelled,mobile,,101.77,1
50298,10111,2025-07-14,pending,store,,283.3,5
50299,10111,2025-08-04,shipped,mobile,2025-08-05,98.2,1
50300,10114,2025-08-11,shipped,mobile,2025-08-15,354.71,4
50301,10115,2023-04-26,refunded,store,2023-04-27,126.12,1
50302,10115,2023-08-20,refunded,web,2023-08-21,287.79,6
50303,10117,2025-03-08,shipped,web,2025-03-15,140.15,4
50304,10118,2024-11-20,pending,web,,367.4,6
50305,10118,2025-04-04,refunded,mobile,2025-04-11,553.59,6
50306,10119,2023-12-26,shipped,web,2024-01-03,395.62,2
50307,10120,2025-07-02,shipped,web,2025-07-09,222.19,5
50308,10121,2022-02-19,shipped,web,2022-02-20,337.87,6
50309,10121,2024-08-28,pending,web,,55.18,2
50310,10121,2024-05-31,pending,web,,119.07,2
50311,10122,2022-09-04,shipped,mobile,2022-09-06,253.04,5
50312,10123,2025-02-25,cancelled,store,,122.78,4
50313,10123,2023-05-21,cancelled,web,,350.28,1
50314,10123,2023-09-14,cancelled,web,,14.1,1
50315,10124,2024-06-27,shipped,store,2024-07-01,434.21,5
50316,10124,2024-11-22,shipped,web,2024-11-28,98.83,3
50317,10125,2025-07-07,refunded,web,2025-07-13,450.31,6
50318,10125,2025-08-18,cancelled,store,,234.98,3
50319,10126,2024-08-22,shipped,store,2024-08-30,478.67,3
50320,10126,2024-10-02,shipped,store,2024-10-03,408.03,3
50321,10127,2025-04-11,pending,web,,183.2,3
50322,10127,2025-07-11,shipped,mobile,2025-07-16,451.55,6
50323,10127,2025-05-29,shipped,store,2025-05-31,51.38,2
50324,10128,2024-04-21,pending,web,,534.8,5
50325,10128,2024-10-15,shipped,web,2024-10-23,130.02,3
50326,10128,2025-04-24,shipped,store,2025-04-25,153.6,1
50327,10128,2023-06-24,shipped,web,2023-06-28,485.69,5
50328,10128,2024-08-15,shipped,web,2024-08-19,464.33,6
50329,10129,2023-05-31,shipped,mobile,2023-06-03,37.64,1
50330,10129,2024-01-17,shipped,mobile,2024-01-24,369.16,6
50331,10129,2022-09-03,pending,mobile,,163.85,2
50332,10130,2025-01-11,shipped,web,2025-01-16,253.41,3
50333,10130,2025-06-03,shipped,web,2025-06-06,255.13,6
50334,10131,2025-07-19,shipped,mobile,2025-07-23,184.22,6
50335,10131,2023-01-16,shipped,mobile,2023-01-24,80.04,3
50336,10131,2024-09-26,shipped,web,2024-10-04,44.07,2
50337,10131,2025-04-13,cancelled,mobile,,210.13,4
50338,10131,2024-09-09,pending,web,,391.67,5
50339,10132,2025-08-20,shipped,mobile,2025-08-26,133.24,3
50340,10134,2023-09-28,shipped,web,2023-10-05,210.91,6
50341,10135,2023-11-17,shipped,web,2023-11-21,19.64,1
50342,10135,2023-10-15,shipped,mobile,2023-10-21,498.15,5
50343,10136,2025-02-21,shipped,mobile,2025-02-25,892.41,5
50344,10136,2024-10-29,shipped,web,2024-10-31,122.61,2
50345,10136,2025-04-17,shipped,mobile,2025-04-23,168.87,2
50346,10136,2024-09-02,shipped,store,2024-09-05,720.28,3
50347,10138,2024-08-30,shipped,store,2024-09-03,133.69,3
50348,10139,2024-09-22,shipped,store,2024-09-28,41.0,1
50349,10139,2024-12-04,refunded,mobile,2024-12-11,146.32,4
50350,10139,2022-02-28,shipped,web,2022-03-04,185.13,2
50351,10139,2024-02-09,shipped,web,2024-02-12,215.36,5
50352,10139,2023-10-11,shipped,web,2023-10-12,244.53,4
50353,10139,2022-12-31,shipped,mobile,2023-01-03,326.17,3
50354,10140,2025-06-16,pending,web,,271.35,5
50355,10141,2025-05-07,shipped,store,2025-05-12,378.9,3
50356,10141,2024-03-24,refunded,store,2024-03-28,362.24,2
50357,10141,2024-07-08,pending,mobile,,519.64,6
50358,10141,2023-01-03,shipped,store,2023-01-05,291.47,4
50359,10141,2022-12-05,shipped,mobile,2022-12-08,47.42,2
50360,10143,2024-05-28,pending,web,,16.44,1
50361,10143,2025-07-19,pending,mobile,,269.92,4
50362,10143,2023-12-19,shipped,mobile,2023-12-26,335.72,5
50363,10143,2024-06-28,shipped,mobile,2024-07-06,70.22,1
50364,10144,2024-08-17,shipped,web,2024-08-25,59.29,2
50365,10144,2023-06-07,shipped,web,2023-06-13,140.03,3
50366,10144,2024-01-03,refunded,store,2024-01-11,228.91,2
50367,10144,2023-08-03,shipped,mobile,2023-08-09,212.05,3
50368,10144,2025-02-08,shipped,mobile,2025-02-12,364.08,5
50369,10144,2025-05-17,shipped,mobile,2025-05-22,226.93,6
50370,10145,2025-03-30,pending,web,,327.2,5
50371,10145,2024-12-14,shipped,store,2024-12-22,59.3,1
50372,10145,2024-10-22,shipped,mobile,2024-10-29,31.92,2
50373,10145,2025-08-30,shipped,web,2025-09-07,313.51,5
50374,10146,2023-04-13,shipped,store,2023-04-17,152.21,4
50375,10147,2023-01-09,shipped,mobile,2023-01-12,127.68,1
50376,10147,2022-12-13,shipped,web,2022-12-19,515.24,4
50377,10147,2024-02-01,shipped,web,2024-02-09,50.36,1
50378,10147,2024-02-24,shipped,mobile,2024-03-02,251.75,4
50379,10147,2023-05-13,shipped,web,2023-05-21,524.04,5
50380,10148,2025-08-03,shipped,mobile,2025-08-06,169.53,2
50381,10148,2025-07-04,shipped,web,2025-07-05,22.2,1
50382,10148,2024-09-21,shipped,web,2024-09-25,173.26,3
50383,10149,2024-07-26,shipped,web,2024-07-31,473.95,3
50384,10149,2024-03-03,shipped,web,2024-03-05,637.66,6
50385,10151,2025-07-21,refunded,mobile,2025-07-22,305.57,6
50386,10151,2025-08-28,shipped,web,2025-08-30,221.16,3
50387,10151,2025-08-21,shipped,mobile,2025-08-29,217.8,1
50388,10151,2025-08-01,shipped,web,2025-08-03,268.54,5
50389,10151,2025-06-11,shipped,web,2025-06-18,95.12,2
50390,10151,2025-08-08,shipped,mobile,2025-08-16,44.16,1
50391,10152,2024-05-16,shipped,web,2024-05-23,618.81,4
50392,10152,2024-01-09,shipped,mobile,2024-01-15,488.63,6
50393,10152,2025-05-21,refunded,web,2025-05-25,175.17,2
50394,10153,2025-06-06,shipped,web,2025-06-09,184.9,3
50395,10153,2024-04-01,shipped,web,2024-04-08,291.73,6
50396,10154,2024-08-07,cancelled,mobile,,110.4,2
50397,10154,2024-05-03,shipped,mobile,2024-05-09,218.63,4
50398,10155,2025-08-30,refunded,store,2025-09-04,5.18,1
50399,10155,2025-08-14,shipped,web,2025-08-22,121.83,3
50400,10156,2024-01-04,shipped,web,2024-01-08,35.96,2
50401,10156,2025-08-21,pending,web,,392.8,5
50402,10156,2024-06-19,shipped,web,2024-06-23,229.73,4
50403,10157,2022-08-07,shipped,web,2022-08-09,119.39,3
50404,10157,2024-12-01,refunded,store,2024-12-03,320.24,3
50405,10158,2022-08-19,shipped,mobile,2022-08-21,277.27,4
50406,10158,2024-02-15,refunded,mobile,2024-02-21,154.11,4
50407,10158,2024-05-18,shipped,web,2024-05-22,84.09,2
50408,10158,2023-03-15,cancelled,web,,46.34,1
50409,10158,2025-01-18,pending,web,,53.82,1
50410,10159,2024-10-30,shipped,web,2024-11-05,237.55,3
50411,10159,2024-07-09,shipped,mobile,2024-07-16,362.57,4
50412,10159,2024-01-28,shipped,web,2024-02-02,103.88,4
50413,10159,2025-04-09,shipped,web,2025-04-12,106.83,1
50414,10161,2024-10-30,shipped,mobile,2024-10-31,224.03,4
50415,10163,2024-07-27,shipped,web,2024-08-04,267.52,2
50416,10163,2024-09-22,shipped,web,2024-09-27,318.19,6
50417,10163,2025-01-24,shipped,mobile,2025-01-29,338.42,5
50418,10163,2023-12-27,pending,mobile,,116.08,4
50419,10163,2025-07-20,shipped,web,2025-07-25,148.6,2
50420,10164,2025-07-15,shipped,web,2025-07-22,180.72,1
50421,10164,2025-04-26,cancelled,store,,45.93,1
50422,10165,2025-02-10,shipped,web,2025-02-18,26.16,1
50423,10165,2025-07-06,shipped,web,2025-07-07,545.39,2
50424,10165,2025-05-05,shipped,web,2025-05-10,287.14,4
50425,10166,2023-11-23,shipped,mobile,2023-11-25,223.94,5
50426,10166,2025-04-13,shipped,mobile,2025-04-14,161.68,2
50427,10166,2024-07-31,refunded,web,2024-08-01,153.14,4
50428,10166,2023-09-03,pending,web,,54.58,3
50429,10166,2025-04-24,shipped,web,2025-05-02,333.63,4
50430,10166,2025-04-09,refunded,store,2025-04-13,107.29,4
50431,10166,2024-07-16,shipped,web,2024-07-19,136.44,2
50432,10167,2024-12-13,shipped,mobile,2024-12-20,103.81,5
50433,10167,2025-01-09,shipped,web,2025-01-11,74.37,3
50434,10167,2024-11-16,pending,mobile,,143.56,1
50435,10168,2022-05-19,shipped,web,2022-05-23,330.84,6
50436,10168,2024-04-03,shipped,web,2024-04-08,153.16,1
50437,10169,2024-07-23,shipped,web,2024-07-24,431.42,5
50438,10169,2025-05-13,refunded,web,2025-05-14,320.83,3
50439,10171,2024-04-16,shipped,mobile,2024-04-21,158.18,3
50440,10171,2024-06-11,shipped,store,2024-06-17,70.47,2
50441,10172,2022-06-07,shipped,web,2022-06-11,351.49,6
50442,10174,2024-12-07,refunded,mobile,2024-12-13,267.35,6
50443,10174,2024-02-01,pending,web,,176.5,3
50444,10175,2025-04-21,shipped,mobile,2025-04-28,19.19,1
50445,10175,2025-07-17,shipped,mobile,2025-07-23,519.32,4
50446,10176,2024-09-29,shipped,web,2024-10-04,119.2,1
50447,10177,2024-03-11,cancelled,web,,171.87,2
50448,10177,2025-05-19,refunded,mobile,2025-05-20,371.96,5
50449,10178,2023-11-13,shipped,web,2023-11-17,531.87,6
50450,10178,2023-10-27,refunded,store,2023-11-01,82.71,2
50451,10178,2025-02-18,shipped,mobile,2025-02-21,258.39,4
50452,10178,2023-11-03,pending,mobile,,340.44,4
50453,10178,2022-12-22,refunded,web,2022-12-28,401.11,6
50454,10178,2024-04-05,pending,mobile,,219.16,5
50455,10178,2025-07-21,shipped,mobile,2025-07-24,183.89,3
50456,10178,2023-07-24,shipped,mobile,2023-08-01,478.26,2
50457,10178,2023-05-05,shipped,web,2023-05-13,575.63,6
50458,10180,2024-12-08,pending,web,,33.43,1
50459,10180,2024-09-28,shipped,mobile,2024-10-05,71.99,2
50460,10180,2024-08-23,pending,web,,517.89,6
50461,10181,2025-05-10,refunded,web,2025-05-13,307.0,4
50462,10182,2023-09-03,refunded,web,2023-09-08,107.61,2
50463,10182,2024-03-19,pending,mobile,,35.32,1
50464,10183,2023-03-22,shipped,mobile,2023-03-30,62.8,1
50465,10183,2025-05-16,refunded,store,2025-05-18,216.86,3
50466,10183,2023-07-02,refunded,web,2023-07-03,342.85,6
50467,10183,2024-11-22,shipped,web,2024-11-30,316.9,3
50468,10184,2023-06-28,shipped,web,2023-07-06,574.36,6
50469,10184,2023-03-15,shipped,web,2023-03-20,108.33,2
50470,10184,2025-04-15,refunded,mobile,2025-04-20,87.75,4
50471,10186,2024-11-19,shipped,web,2024-11-21,47.42,1
50472,10187,2023-02-13,shipped,web,2023-02-20,138.04,3
50473,10187,2025-02-27,shipped,web,2025-03-05,236.33,4
50474,10188,2025-01-08,shipped,web,2025-01-12,163.24,2
50475,10188,2025-08-29,pending,mobile,,624.61,5
50476,10188,2025-08-25,shipped,mobile,2025-08-26,527.87,4
50477,10188,2025-01-16,shipped,web,2025-01-23,723.75,6
50478,10189,2025-06-23,cancelled,mobile,,746.12,1
50479,10190,2024-09-12,shipped,mobile,2024-09-14,216.88,3
50480,10192,2025-04-15,shipped,web,2025-04-18,277.23,4
50481,10192,2025-08-31,shipped,mobile,2025-09-01,155.44,3
50482,10193,2025-05-06,shipped,web,2025-05-10,545.14,6
50483,10195,2025-05-05,pending,store,,323.14,4
50484,10196,2023-08-14,shipped,store,2023-08-17,143.83,4
50485,10196,2022-03-28,shipped,mobile,2022-03-29,327.81,3
50486,10196,2025-05-22,pending,store,,32.28,1
50487,10197,2025-08-16,shipped,mobile,2025-08-20,107.64,1
50488,10198,2025-05-08,refunded,web,2025-05-16,279.07,6
50489,10198,2024-12-28,shipped,mobile,2025-01-01,225.68,3
50490,10198,2025-07-31,shipped,mobile,2025-08-08,213.35,3
50491,10198,2025-02-25,cancelled,mobile,,344.11,4
50492,10199,2025-05-10,shipped,web,2025-05-13,447.86,4
50493,10199,2025-08-29,refunded,mobile,2025-09-03,454.38,6
50494,10199,2023-06-26,shipped,mobile,2023-06-29,60.96,3
50495,10200,2024-05-24,shipped,mobile,2024-05-28,91.44,1
50496,10200,2024-04-06,refunded,store,2024-04-11,433.3,6
50497,10200,2023-01-15,shipped,mobile,2023-01-23,245.77,2
50498,10201,2025-01-30,pending,mobile,,514.95,4
50499,10202,2025-08-15,pending,mobile,,369.05,4
50500,10202,2025-08-06,cancelled,web,,307.21,6
50501,10202,2025-08-21,pending,mobile,,391.6,3
50502,10203,2023-01-20,shipped,mobile,2023-01-22,367.69,6
50503,10203,2021-09-29,shipped,web,2021-09-30,114.24,3
50504,10203,2022-04-23,shipped,mobile,2022-04-25,122.14,5
50505,10203,2023-08-06,shipped,web,2023-08-10,272.73,4
50506,10203,2023-10-15,shipped,web,2023-10-16,428.89,5
50507,10205,2023-11-03,pending,mobile,,469.95,6
50508,10205,2024-03-10,refunded,web,2024-03-15,455.93,4
50509,10205,2024-11-10,shipped,web,2024-11-13,268.91,4
50510,10205,2025-05-13,pending,web,,41.64,1
50511,10206,2023-11-15,shipped,mobile,2023-11-16,59.02,2
50512,10206,2025-06-14,pending,web,,468.22,6
50513,10206,2024-07-18,shipped,store,2024-07-20,54.52,1
50514,10206,2024-02-10,shipped,web,2024-02-13,259.47,2
50515,10206,2024-09-03,shipped,web,2024-09-06,161.94,3
50516,10207,2024-10-25,shipped,web,2024-10-29,408.94,5
50517,10208,2024-05-02,shipped,mobile,2024-05-04,71.06,2
50518,10208,2024-08-19,shipped,web,2024-08-21,126.45,1
50519,10208,2024-12-06,shipped,mobile,2024-12-07,316.06,3
50520,10210,2024-10-27,shipped,mobile,2024-11-02,571.88,6
50521,10210,2024-08-08,shipped,web,2024-08-16,95.44,2
50522,10210,2024-04-12,shipped,web,2024-04-14,116.08,2
50523,10210,2025-02-02,refunded,web,2025-02-07,740.97,4
50524,10210,2025-04-12,shipped,mobile,2025-04-18,41.6,2
50525,10211,2024-06-02,shipped,web,2024-06-04,216.15,4
50526,10211,2025-06-28,shipped,web,2025-07-06,256.02,6
50527,10211,2024-08-31,shipped,mobile,2024-09-08,399.11,6
50528,10211,2024-05-30,shipped,web,2024-06-05,239.61,4
50529,10211,2024-06-16,shipped,web,2024-06-19,188.67,3
50530,10211,2025-07-17,shipped,web,2025-07-18,91.89,2
50531,10212,2024-01-13,shipped,mobile,2024-01-14,105.89,2
50532,10212,2023-09-27,shipped,mobile,2023-10-02,198.81,3
50533,10212,2023-09-08,shipped,mobile,2023-09-11,79.98,2
50534,10212,2025-07-18,refunded,mobile,2025-07-22,52.8,1
50535,10212,2023-05-11,shipped,web,2023-05-18,177.88,3
50536,10214,2023-12-09,pending,store,,374.88,5
50537,10214,2023-10-03,shipped,store,2023-10-05,56.32,1
50538,10214,2025-02-09,shipped,web,2025-02-14,5.29,1
50539,10214,2024-12-25,pending,web,,508.68,5
50540,10215,2025-04-29,shipped,web,2025-05-05,431.03,5
50541,10215,2025-07-13,shipped,store,2025-07-19,135.36,1
50542,10215,2025-03-14,shipped,web,2025-03-22,235.91,5
50543,10216,2023-07-02,pending,web,,73.32,3
50544,10216,2023-04-07,shipped,web,2023-04-08,199.49,3
50545,10216,2025-01-07,shipped,mobile,2025-01-09,313.75,5
50546,10216,2024-04-10,shipped,web,2024-04-18,250.18,4
50547,10216,2024-02-09,shipped,mobile,2024-02-15,995.83,4
50548,10216,2024-09-17,shipped,mobile,2024-09-18,374.88,6
50549,10217,2023-07-02,shipped,web,2023-07-04,226.75,5
50550,10217,2023-09-20,shipped,mobile,2023-09-26,235.66,6
50551,10217,2025-04-08,pending,web,,330.33,5
50552,10218,2024-10-20,shipped,web,2024-10-21,91.44,2
50553,10220,2025-01-13,refunded,web,2025-01-19,238.51,3
50554,10220,2025-03-09,shipped,store,2025-03-11,68.94,1
50555,10222,2025-03-21,shipped,web,2025-03-27,213.15,2
50556,10222,2024-11-12,shipped,web,2024-11-19,9.96,1
50557,10222,2024-07-02,shipped,mobile,2024-07-03,524.72,3
50558,10222,2025-07-15,shipped,web,2025-07-17,214.77,5
50559,10223,2024-04-26,cancelled,mobile,,96.91,1
50560,10223,2023-12-07,pending,mobile,,289.78,3
50561,10223,2023-04-13,cancelled,mobile,,622.33,5
50562,10223,2025-01-22,shipped,web,2025-01-23,79.84,1
50563,10223,2025-01-07,shipped,web,2025-01-12,292.65,5
50564,10224,2025-02-10,shipped,mobile,2025-02-15,203.88,2
50565,10224,2025-02-11,shipped,mobile,2025-02-15,636.84,6
50566,10224,2025-07-05,shipped,mobile,2025-07-06,262.66,4
50567,10224,2025-08-02,shipped,store,2025-08-03,225.57,4
50568,10225,2025-04-15,shipped,web,2025-04-18,298.53,4
50569,10226,2025-07-12,shipped,web,2025-07-20,200.18,4
50570,10226,2025-01-19,shipped,store,2025-01-20,116.74,5
50571,10226,2024-01-09,shipped,web,2024-01-14,407.58,3
50572,10226,2025-04-23,shipped,mobile,2025-04-25,387.3,4
50573,10227,2025-05-09,shipped,store,2025-05-12,161.08,3
50574,10227,2025-07-13,shipped,store,2025-07-21,228.16,3
50575,10227,2025-04-06,shipped,mobile,2025-04-13,122.13,2
50576,10227,2023-08-08,shipped,store,2023-08-16,112.76,2
50577,10227,2024-02-08,shipped,mobile,2024-02-10,937.42,6
50578,10228,2023-07-18,shipped,mobile,2023-07-22,138.24,1
50579,10228,2024-12-11,pending,mobile,,219.78,5
50580,10229,2024-10-23,shipped,store,2024-10-26,78.26,2
50581,10229,2025-05-10,shipped,web,2025-05-15,282.35,5
50582,10230,2024-04-04,shipped,web,2024-04-08,197.44,5
50583,10230,2025-05-04,shipped,web,2025-05-12,300.58,5
50584,10232,2024-06-15,shipped,web,2024-06-22,213.21,5
50585,10232,2024-12-08,shipped,mobile,2024-12-12,529.68,6
50586,10232,2025-07-01,pending,mobile,,220.93,3
50587,10233,2024-08-10,shipped,web,2024-08-14,75.68,3
50588,10233,2024-10-03,shipped,mobile,2024-10-06,519.62,5
50589,10233,2025-06-03,refunded,web,2025-06-11,110.82,3
50590,10233,2024-08-02,shipped,mobile,2024-08-09,10.53,1
50591,10235,2025-06-27,shipped,web,2025-07-01,119.21,2
50592,10235,2024-07-12,shipped,web,2024-07-17,411.14,4
50593,10235,2023-05-05,shipped,web,2023-05-06,232.67,4
50594,10235,2024-10-27,refunded,store,2024-10-29,53.23,2
50595,10235,2025-07-01,shipped,web,2025-07-09,472.82,6
50596,10236,2024-06-11,shipped,web,2024-06-14,523.87,6
50597,10236,2025-08-30,refunded,mobile,2025-09-01,55.57,1
50598,10236,2024-08-08,shipped,mobile,2024-08-15,260.82,4
50599,10236,2024-11-24,shipped,web,2024-11-27,533.53,4
50600,10237,2024-06-09,shipped,mobile,2024-06-17,326.73,6
50601,10237,2025-01-16,shipped,web,2025-01-23,411.24,6
50602,10237,2025-03-30,shipped,web,2025-04-06,48.32,1
50603,10237,2024-05-30,shipped,web,2024-06-01,101.52,4
50604,10237,2024-04-10,shipped,web,2024-04-16,112.5,3
50605,10238,2025-01-12,shipped,web,2025-01-20,31.21,1
50606,10238,2024-10-09,shipped,web,2024-10-15,137.54,2
50607,10238,2024-04-08,shipped,mobile,2024-04-16,41.02,1
50608,10238,2025-02-23,pending,store,,128.91,4
50609,10239,2023-03-02,shipped,mobile,2023-03-09,200.92,3
50610,10239,2025-06-23,shipped,web,2025-06-28,329.45,5
50611,10239,2024-10-26,shipped,web,2024-10-27,406.08,4
50612,10239,2023-09-18,refunded,mobile,2023-09-22,538.26,5
50613,10239,2023-11-03,pending,mobile,,683.72,6
50614,10240,2024-01-07,shipped,store,2024-01-11,180.68,2
50615,10240,2024-03-19,shipped,web,2024-03-26,524.23,3
50616,10240,2024-02-13,shipped,web,2024-02-16,143.6,1
50617,10241,2023-10-09,shipped,web,2023-10-17,315.76,3
50618,10241,2024-03-03,shipped,mobile,2024-03-11,72.36,3
50619,10241,2024-09-16,shipped,mobile,2024-09-21,160.99,4
50620,10242,2023-05-21,shipped,web,2023-05-28,411.83,6
50621,10242,2024-04-30,pending,mobile,,149.22,5
50622,10242,2022-06-07,shipped,mobile,2022-06-09,469.64,5
50623,10244,2025-06-07,shipped,web,2025-06-08,262.42,2
50624,10244,2025-05-10,shipped,web,2025-05-12,55.36,2
50625,10246,2025-08-18,pending,store,,388.23,5
50626,10246,2025-06-10,pending,mobile,,161.12,2
50627,10246,2025-08-12,shipped,mobile,2025-08-14,276.4,5
50628,10247,2025-05-27,shipped,mobile,2025-06-02,350.17,4
50629,10247,2024-12-29,shipped,store,2024-12-30,345.18,6
50630,10249,2024-11-24,pending,web,,143.87,2
50631,10249,2025-08-03,shipped,web,2025-08-08,256.4,3
50632,10250,2022-10-29,shipped,web,2022-10-31,259.32,3
50633,10250,2024-07-04,pending,store,,140.7,4
50634,10250,2022-10-19,pending,web,,194.91,4
50635,10250,2023-09-08,shipped,web,2023-09-13,361.27,6
50636,10250,2025-08-20,shipped,mobile,2025-08-26,366.28,2
50637,10251,2024-02-19,shipped,web,2024-02-22,445.19,4
50638,10251,2025-08-26,shipped,web,2025-08-28,266.52,3
50639,10251,2024-08-14,shipped,web,2024-08-22,412.03,4
50640,10251,2023-11-01,pending,web,,431.18,6
50641,10252,2024-09-03,shipped,store,2024-09-11,414.38,5
50642,10252,2024-10-26,shipped,web,2024-11-03,390.56,4
50643,10253,2025-07-10,refunded,store,2025-07-16,152.48,1
50644,10253,2022-11-23,shipped,web,2022-11-27,135.65,4
50645,10256,2025-02-05,shipped,web,2025-02-11,420.74,6
50646,10256,2025-02-02,shipped,mobile,2025-02-10,145.16,3
50647,10257,2025-06-04,pending,mobile,,447.99,6
50648,10257,2025-04-18,shipped,web,2025-04-22,80.96,1
50649,10257,2025-02-26,shipped,mobile,2025-02-27,239.94,4
50650,10257,2025-05-27,refunded,mobile,2025-06-03,13.25,1
50651,10257,2025-04-01,shipped,store,2025-04-06,61.97,3
50652,10257,2024-06-12,shipped,mobile,2024-06-14,735.58,6
50653,10258,2025-08-19,refunded,mobile,2025-08-22,74.82,2
50654,10258,2025-08-10,shipped,web,2025-08-18,183.76,2
50655,10259,2022-02-05,shipped,mobile,2022-02-08,200.64,6
50656,10259,2022-11-16,shipped,mobile,2022-11-21,204.4,2
50657,10259,2024-11-10,refunded,web,2024-11-16,174.42,5
50658,10259,2025-04-12,shipped,mobile,2025-04-17,97.26,2
50659,10260,2024-12-14,shipped,web,2024-12-20,60.37,1
50660,10260,2023-12-09,pending,web,,160.95,3
50661,10260,2025-01-11,shipped,store,2025-01-14,306.57,6
50662,10260,2025-05-14,refunded,mobile,2025-05-20,367.83,4
50663,10260,2025-05-27,refunded,web,2025-06-04,236.55,4
50664,10262,2025-08-03,shipped,web,2025-08-05,590.82,6
50665,10263,2024-08-19,shipped,web,2024-08-26,256.75,2
50666,10264,2022-10-04,shipped,web,2022-10-09,221.73,6
50667,10265,2025-08-13,shipped,web,2025-08-19,98.23,3
50668,10266,2025-08-14,shipped,mobile,2025-08-16,191.64,1
50669,10266,2024-03-08,shipped,web,2024-03-12,311.93,6
50670,10267,2024-08-31,shipped,mobile,2024-09-01,142.44,1
50671,10268,2025-08-10,pending,web,,181.23,3
50672,10268,2025-08-25,refunded,web,2025-09-02,80.34,2
50673,10268,2025-08-09,pending,web,,535.92,5
50674,10269,2025-06-23,shipped,web,2025-07-01,250.3,6
50675,10270,2025-06-12,refunded,web,2025-06-17,167.81,3
50676,10270,2025-04-02,shipped,web,2025-04-10,161.31,4
50677,10271,2025-08-02,shipped,web,2025-08-10,144.86,3
50678,10272,2022-07-27,pending,web,,169.96,3
50679,10272,2023-09-29,shipped,store,2023-09-30,732.36,4
50680,10273,2023-03-10,shipped,web,2023-03-17,26.74,1
50681,10273,2023-10-10,pending,mobile,,63.13,2
50682,10274,2025-06-27,shipped,web,2025-06-28,81.6,2
50683,10274,2024-08-06,shipped,web,2024-08-14,604.94,3
50684,10274,2025-06-18,refunded,web,2025-06-21,19.89,1
50685,10274,2024-09-17,shipped,web,2024-09-22,21.48,1
50686,10276,2023-06-20,shipped,web,2023-06-27,272.79,4
50687,10276,2022-08-03,shipped,mobile,2022-08-06,200.18,5
50688,10277,2023-12-04,shipped,mobile,2023-12-08,305.58,4
50689,10277,2023-05-19,shipped,web,2023-05-21,145.14,3
50690,10277,2022-11-28,cancelled,mobile,,349.16,6
50691,10277,2025-01-23,shipped,mobile,2025-01-25,165.1,4
50692,10277,2024-12-02,pending,web,,176.2,2
50693,10278,2023-02-27,shipped,mobile,2023-03-06,411.45,6
50694,10279,2023-03-30,shipped,web,2023-04-03,445.89,5
50695,10279,2023-03-11,cancelled,web,,115.02,2
50696,10280,2023-06-22,shipped,store,2023-06-28,313.98,4
50697,10281,2025-06-13,shipped,mobile,2025-06-18,81.93,2
50698,10281,2024-10-25,shipped,web,2024-10-28,140.3,2
50699,10281,2025-07-14,shipped,web,2025-07-15,136.95,4
50700,10282,2025-05-31,shipped,store,2025-06-07,142.37,3
50701,10283,2024-11-07,shipped,store,2024-11-08,72.32,2
50702,10283,2024-09-23,pending,mobile,,186.2,5
50703,10284,2025-05-09,shipped,web,2025-05-12,208.02,5
50704,10284,2025-08-19,pending,mobile,,107.64,4
50705,10284,2025-05-29,shipped,web,2025-06-05,204.46,5
50706,10284,2025-08-29,shipped,web,2025-09-03,247.87,3
50707,10284,2025-02-28,shipped,web,2025-03-01,484.04,5
50708,10285,2025-03-07,shipped,web,2025-03-13,779.91,6
50709,10285,2024-01-02,pending,web,,292.28,4
50710,10285,2022-12-29,shipped,mobile,2023-01-01,264.18,3
50711,10285,2025-05-19,shipped,web,2025-05-21,74.64,3
50712,10285,2024-12-26,shipped,web,2025-01-01,234.18,4
50713,10286,2023-01-02,shipped,mobile,2023-01-10,191.99,3
50714,10288,2025-08-05,pending,mobile,,228.89,4
50715,10288,2025-08-12,shipped,mobile,2025-08-13,20.04,1
50716,10288,2025-08-27,shipped,web,2025-08-30,202.49,6
50717,10288,2025-08-28,shipped,web,2025-08-29,50.62,1
50718,10288,2025-08-09,shipped,mobile,2025-08-13,596.0,6
50719,10288,2025-08-21,shipped,web,2025-08-22,359.39,6
50720,10288,2025-08-19,shipped,web,2025-08-24,268.08,4
50721,10288,2025-08-14,shipped,mobile,2025-08-17,247.03,5
50722,10289,2022-12-28,shipped,mobile,2023-01-05,208.42,6
50723,10289,2023-08-11,shipped,store,2023-08-17,577.77,6
50724,10290,2025-06-21,shipped,mobile,2025-06-28,307.26,4
50725,10290,2025-01-21,shipped,web,2025-01-23,421.95,5
50726,10290,2025-03-26,cancelled,store,,218.11,5
50727,10291,2025-03-02,pending,web,,159.95,3
50728,10292,2025-03-15,shipped,web,2025-03-17,1594.74,5
50729,10292,2024-05-10,shipped,web,2024-05-11,233.78,5
50730,10292,2025-04-12,shipped,web,2025-04-13,169.87,4
50731,10293,2024-04-01,shipped,web,2024-04-05,612.8,4
50732,10295,2025-07-29,shipped,web,2025-07-31,159.02,2
50733,10295,2025-07-17,shipped,mobile,2025-07-23,455.43,5
50734,10295,2025-09-01,shipped,web,2025-09-05,164.23,2
50735,10297,2025-01-01,pending,web,,170.16,3
50736,10297,2024-07-12,refunded,web,2024-07-17,41.72,1
50737,10297,2024-09-03,shipped,mobile,2024-09-07,548.07,6
50738,10297,2024-08-19,shipped,mobile,2024-08-22,445.57,5
50739,10298,2025-03-18,refunded,web,2025-03-20,101.61,3
50740,10299,2025-08-02,pending,web,,124.23,2
50741,10300,2025-08-15,cancelled,mobile,,83.93,2
50742,10300,2025-08-07,pending,mobile,,615.9,6
50743,10300,2025-07-06,shipped,web,2025-07-09,157.84,2
50744,10300,2025-07-05,refunded,store,2025-07-11,350.6,1
50745,10300,2025-06-22,shipped,mobile,2025-06-30,53.84,1
50746,10301,2023-05-28,cancelled,web,,154.83,4
50747,10301,2024-12-17,shipped,web,2024-12-20,118.47,3
50748,10301,2025-03-08,pending,mobile,,558.37,6
50749,10302,2024-09-02,shipped,web,2024-09-06,225.03,2
50750,10302,2024-07-21,shipped,mobile,2024-07-22,276.74,3
50751,10303,2024-04-07,shipped,web,2024-04-09,422.8,5
50752,10303,2022-05-04,shipped,mobile,2022-05-12,295.13,4
50753,10304,2024-06-20,shipped,mobile,2024-06-23,319.36,3
50754,10304,2024-04-15,shipped,web,2024-04-18,131.27,4
50755,10304,2023-04-06,pending,mobile,,191.01,5
50756,10304,2024-09-25,shipped,web,2024-09-27,266.02,2
50757,10304,2023-04-21,shipped,mobile,2023-04-25,256.71,4
50758,10304,2025-07-12,shipped,mobile,2025-07-15,31.67,2
50759,10305,2024-06-15,shipped,web,2024-06-22,90.76,3
50760,10305,2024-08-02,shipped,web,2024-08-06,326.67,3
50761,10305,2025-05-31,shipped,mobile,2025-06-05,287.06,6
50762,10306,2024-05-10,shipped,mobile,2024-05-12,290.7,3
50763,10306,2024-09-09,pending,store,,286.31,6
50764,10306,2024-12-01,shipped,mobile,2024-12-03,787.1,6
50765,10306,2024-12-04,shipped,web,2024-12-11,368.66,6
50766,10307,2022-07-31,cancelled,mobile,,227.66,5
50767,10307,2024-03-20,shipped,web,2024-03-26,237.92,4
50768,10307,2024-12-30,shipped,mobile,2025-01-06,103.96,2
50769,10308,2025-01-13,shipped,web,2025-01-21,110.49,3
50770,10309,2024-12-09,pending,web,,493.35,6
50771,10309,2023-03-27,shipped,web,2023-04-03,731.2,6
50772,10309,2023-12-31,shipped,mobile,2024-01-01,30.66,1
50773,10309,2023-03-14,pending,web,,180.73,4
50774,10309,2024-01-12,shipped,web,2024-01-17,493.2,3
50775,10310,2023-05-22,shipped,web,2023-05-27,101.28,1
50776,10312,2025-05-17,pending,mobile,,278.26,6
50777,10313,2023-02-15,shipped,web,2023-02-17,277.4,3
50778,10313,2024-05-10,shipped,web,2024-05-18,247.47,6
50779,10314,2024-07-19,refunded,mobile,2024-07-23,138.98,4
50780,10314,2024-12-31,shipped,mobile,2025-01-07,156.74,3
50781,10314,2023-12-01,shipped,web,2023-12-04,221.34,4
50782,10316,2024-09-26,refunded,mobile,2024-09-28,228.74,3
50783,10317,2024-07-16,pending,web,,138.48,3
50784,10318,2023-03-11,cancelled,store,,391.66,5
50785,10318,2024-07-30,pending,mobile,,325.8,6
50786,10318,2024-06-24,refunded,store,2024-06-28,118.82,2
50787,10318,2025-04-07,cancelled,web,,69.7,2
50788,10318,2023-09-10,pending,mobile,,202.43,4
50789,10319,2025-05-09,shipped,web,2025-05-17,272.23,5
50790,10320,2024-12-25,shipped,store,2024-12-26,258.1,4
50791,10321,2025-06-19,shipped,web,2025-06-27,101.52,3
50792,10322,2025-05-03,cancelled,web,,485.06,5
50793,10322,2025-01-21,shipped,web,2025-01-23,285.63,5
50794,10323,2023-06-21,refunded,web,2023-06-26,259.61,5
50795,10323,2022-06-26,shipped,mobile,2022-07-03,95.74,3
50796,10324,2025-07-27,pending,mobile,,79.08,1
50797,10324,2025-06-16,shipped,web,2025-06-21,579.02,4
50798,10324,2025-07-28,refunded,store,2025-08-01,185.82,6
50799,10324,2025-06-04,shipped,web,2025-06-11,459.67,6
50800,10324,2025-07-08,shipped,store,2025-07-13,75.48,1
50801,10324,2025-08-22,shipped,mobile,2025-08-29,242.9,2
50802,10325,2025-08-10,pending,web,,432.05,5
50803,10325,2025-07-12,shipped,web,2025-07-19,54.86,2
50804,10326,2024-12-19,shipped,web,2024-12-20,43.8,1
50805,10326,2022-09-09,refunded,mobile,2022-09-10,316.33,5
50806,10327,2025-05-04,shipped,web,2025-05-10,762.42,5
50807,10327,2024-09-05,shipped,store,2024-09-12,316.45,6
50808,10327,2023-01-15,shipped,mobile,2023-01-20,12.39,1
50809,10327,2025-04-20,refunded,mobile,2025-04-22,129.82,4
50810,10329,2025-04-25,shipped,mobile,2025-04-26,231.77,6
50811,10329,2025-06-26,refunded,web,2025-06-29,339.27,6
50812,10331,2024-10-20,shipped,web,2024-10-28,108.48,2
50813,10331,2024-05-22,shipped,web,2024-05-25,15.08,1
50814,10331,2023-12-23,pending,mobile,,367.96,5
50815,10332,2025-05-29,shipped,mobile,2025-06-01,515.68,6
50816,10332,2025-08-14,shipped,mobile,2025-08-22,371.56,4
50817,10332,2025-06-19,shipped,mobile,2025-06-20,459.18,5
50818,10333,2024-07-05,pending,web,,524.93,6
50819,10333,2025-05-13,cancelled,web,,129.54,3
50820,10333,2025-03-24,shipped,web,2025-03-27,549.79,4
50821,10333,2025-01-02,shipped,web,2025-01-06,215.56,5
50822,10334,2025-01-10,shipped,web,2025-01-18,304.13,6
50823,10334,2024-11-01,pending,mobile,,113.94,4
50824,10335,2025-06-06,cancelled,store,,177.38,3
50825,10337,2025-03-21,pending,mobile,,320.45,5
50826,10337,2023-06-29,shipped,mobile,2023-07-05,113.6,3
50827,10337,2023-08-24,shipped,web,2023-08-29,340.69,4
50828,10337,2024-06-30,shipped,web,2024-07-06,422.49,6
50829,10338,2025-08-25,shipped,store,2025-08-28,87.98,1
50830,10338,2025-07-25,shipped,web,2025-07-30,183.21,5
50831,10339,2025-07-04,pending,web,,674.59,5
50832,10340,2024-12-12,shipped,mobile,2024-12-17,85.84,2
50833,10341,2024-07-16,shipped,web,2024-07-24,513.37,5
50834,10341,2024-06-26,refunded,web,2024-07-04,186.97,2
50835,10341,2025-05-11,shipped,web,2025-05-15,127.62,2
50836,10341,2024-12-10,cancelled,store,,338.93,5
50837,10341,2024-06-03,refunded,web,2024-06-04,23.6,1
50838,10342,2025-03-03,shipped,mobile,2025-03-07,687.44,4
50839,10342,2025-04-22,cancelled,mobile,,429.69,5
50840,10342,2025-01-06,shipped,web,2025-01-14,164.24,1
50841,10342,2025-06-11,shipped,web,2025-06-13,295.68,5
50842,10343,2024-09-22,shipped,store,2024-09-27,404.65,6
50843,10343,2023-06-28,shipped,store,2023-06-29,596.39,5
50844,10343,2024-11-11,shipped,store,2024-11-16,450.39,6
50845,10344,2025-03-04,shipped,mobile,2025-03-12,74.18,1
50846,10344,2025-08-08,shipped,web,2025-08-15,347.64,4
50847,10344,2025-06-19,shipped,mobile,2025-06-22,40.95,1
50848,10344,2025-05-20,refunded,mobile,2025-05-21,400.27,5
50849,10344,2025-04-10,shipped,web,2025-04-13,159.7,3
50850,10344,2025-05-03,pending,web,,200.74,5
50851,10344,2025-08-05,shipped,mobile,2025-08-08,106.35,1
50852,10344,2025-02-11,pending,mobile,,247.16,5
50853,10344,2025-05-07,shipped,web,2025-05-15,416.93,3
50854,10345,2025-02-06,shipped,store,2025-02-09,379.99,6
50855,10345,2025-07-13,shipped,mobile,2025-07-19,243.68,3
50856,10345,2025-01-26,shipped,mobile,2025-01-29,59.29,1
50857,10345,2025-01-01,cancelled,mobile,,152.38,3
50858,10346,2025-08-24,shipped,mobile,2025-08-25,253.19,5
50859,10347,2025-04-09,shipped,mobile,2025-04-11,48.4,1
50860,10347,2024-10-17,pending,mobile,,109.43,5
50861,10347,2025-02-06,pending,web,,70.46,2
50862,10347,2025-07-17,shipped,mobile,2025-07-18,401.54,4
50863,10347,2024-07-21,shipped,mobile,2024-07-28,154.68,1
50864,10347,2025-02-03,shipped,mobile,2025-02-10,74.02,2
50865,10348,2025-04-25,shipped,mobile,2025-04-30,549.08,5
50866,10350,2022-12-16,shipped,web,2022-12-22,572.83,6
50867,10350,2022-11-21,shipped,mobile,2022-11-22,206.17,4
50868,10350,2025-06-06,cancelled,store,,150.01,5
50869,10350,2023-06-14,shipped,web,2023-06-20,539.12,3
50870,10350,2024-07-10,pending,web,,158.41,4
50871,10350,2025-06-03,shipped,mobile,2025-06-05,529.63,6
50872,10350,2022-09-01,shipped,store,2022-09-02,412.37,5
50873,10351,2022-06-15,shipped,web,2022-06-20,71.12,2
50874,10351,2023-06-22,shipped,store,2023-06-23,324.05,6
50875,10351,2023-10-06,refunded,mobile,2023-10-14,112.39,3
50876,10351,2025-08-07,shipped,web,2025-08-08,31.81,1
50877,10351,2023-02-18,shipped,mobile,2023-02-24,249.82,5
50878,10351,2024-05-19,shipped,mobile,2024-05-22,270.56,1
50879,10352,2022-06-11,shipped,web,2022-06-19,645.99,4
50880,10352,2022-03-13,shipped,web,2022-03-15,353.26,4
50881,10352,2023-11-01,shipped,web,2023-11-04,418.22,5
50882,10352,2023-11-12,shipped,web,2023-11-20,225.68,5
50883,10353,2025-07-06,pending,mobile,,386.38,6
50884,10353,2023-05-20,shipped,mobile,2023-05-22,21.8,1
50885,10354,2024-09-10,shipped,web,2024-09-18,84.45,2
50886,10354,2022-06-25,shipped,web,2022-07-02,68.11,2
50887,10354,2023-04-06,shipped,web,2023-04-08,229.13,3
50888,10354,2022-01-09,shipped,mobile,2022-01-16,129.94,3
50889,10354,2024-10-29,shipped,mobile,2024-11-02,556.14,5
50890,10354,2025-06-13,shipped,web,2025-06-21,333.83,2
50891,10354,2025-04-27,shipped,mobile,2025-05-01,314.28,5
50892,10355,2024-08-31,shipped,web,2024-09-08,754.29,6
50893,10356,2025-01-28,shipped,mobile,2025-01-30,326.39,4
50894,10356,2022-12-04,shipped,mobile,2022-12-05,243.56,6
50895,10357,2024-06-29,pending,mobile,,309.58,4
50896,10357,2024-07-30,cancelled,web,,156.94,2
50897,10357,2024-04-01,shipped,store,2024-04-06,91.2,2
50898,10358,2025-06-08,shipped,web,2025-06-10,181.42,5
50899,10358,2025-08-04,shipped,web,2025-08-10,524.59,3
50900,10358,2025-06-25,shipped,mobile,2025-06-28,573.57,3
50901,10358,2025-02-05,shipped,web,2025-02-07,422.02,3
50902,10359,2024-01-15,shipped,web,2024-01-18,520.69,5
50903,10360,2024-06-11,shipped,mobile,2024-06-17,411.2,5
50904,10360,2025-01-14,shipped,web,2025-01-20,83.09,1
50905,10361,2024-03-25,shipped,store,2024-03-29,12.4,1
50906,10361,2024-12-31,shipped,web,2025-01-02,45.61,1
50907,10361,2025-06-03,shipped,store,2025-06-07,157.85,3
50908,10361,2025-06-23,shipped,web,2025-06-27,345.16,4
50909,10362,2024-09-09,pending,web,,213.94,4
50910,10362,2025-01-15,refunded,web,2025-01-16,268.1,3
50911,10362,2022-12-06,shipped,web,2022-12-13,38.49,1
50912,10362,2024-12-28,shipped,web,2025-01-05,263.35,6
50913,10363,2024-11-05,pending,web,,98.68,1
50914,10364,2025-08-16,shipped,mobile,2025-08-22,209.98,4
50915,10364,2025-05-14,shipped,web,2025-05-18,9.17,1
50916,10365,2025-03-08,shipped,web,2025-03-09,70.41,1
50917,10366,2023-05-04,shipped,web,2023-05-08,190.47,3
50918,10366,2025-06-23,shipped,web,2025-07-01,508.88,5
50919,10366,2025-02-20,pending,web,,397.99,6
50920,10366,2024-04-29,shipped,mobile,2024-05-01,214.05,3
50921,10366,2023-12-28,shipped,web,2024-01-05,356.99,6
50922,10366,2023-11-22,pending,store,,97.6,1
50923,10366,2024-12-17,shipped,mobile,2024-12-22,443.32,3
50924,10367,2024-06-12,shipped,mobile,2024-06-18,17.1,1
50925,10367,2025-03-21,shipped,mobile,2025-03-24,155.4,3
50926,10367,2024-12-21,refunded,web,2024-12-29,133.83,3
50927,10367,2025-06-12,pending,mobile,,203.88,4
50928,10367,2024-05-27,cancelled,mobile,,24.33,1
50929,10367,2024-05-16,shipped,store,2024-05-23,126.3,5
50930,10370,2025-03-26,shipped,store,2025-03-31,198.51,5
50931,10370,2024-06-01,shipped,mobile,2024-06-07,137.53,4
50932,10370,2024-10-31,refunded,mobile,2024-11-03,293.14,5
50933,10370,2024-03-13,shipped,web,2024-03-18,77.04,4
50934,10371,2025-08-23,shipped,web,2025-08-30,105.27,3
50935,10372,2024-01-06,shipped,mobile,2024-01-12,74.92,1
50936,10373,2025-02-20,shipped,web,2025-02-28,325.28,3
50937,10373,2022-08-04,shipped,mobile,2022-08-11,23.22,1
50938,10374,2023-11-17,refunded,mobile,2023-11-19,138.88,3
50939,10375,2025-06-17,refunded,mobile,2025-06-23,667.64,6
50940,10376,2023-02-28,shipped,mobile,2023-03-03,197.35,3
50941,10376,2025-01-14,shipped,web,2025-01-16,367.87,6
50942,10376,2025-02-27,shipped,web,2025-03-05,857.12,5
50943,10377,2024-05-02,cancelled,mobile,,53.92,2
50944,10378,2025-08-24,shipped,web,2025-08-25,532.86,6
50945,10378,2025-07-14,shipped,mobile,2025-07-22,88.54,2
50946,10378,2025-07-07,shipped,web,2025-07-08,96.14,2
50947,10378,2025-08-26,shipped,web,2025-08-31,169.16,4
50948,10378,2025-07-09,shipped,web,2025-07-12,61.2,1
50949,10378,2025-07-02,shipped,web,2025-07-05,375.7,6
50950,10379,2024-01-29,shipped,mobile,2024-02-03,81.08,1
50951,10380,2024-03-17,shipped,web,2024-03-25,136.07,3
50952,10380,2022-11-06,shipped,web,2022-11-14,178.19,5
50953,10380,2024-02-08,pending,mobile,,371.16,5
50954,10380,2023-02-04,shipped,store,2023-02-05,371.13,3
50955,10381,2025-04-09,shipped,web,2025-04-17,446.44,6
50956,10381,2025-02-05,shipped,mobile,2025-02-07,182.46,6
50957,10381,2025-07-28,cancelled,web,,319.55,6
50958,10381,2025-01-31,shipped,web,2025-02-08,340.6,5
50959,10381,2025-06-24,shipped,web,2025-06-25,140.93,2
50960,10381,2025-06-10,refunded,web,2025-06-12,187.38,6
50961,10381,2024-10-05,shipped,web,2024-10-12,274.32,2
50962,10382,2022-06-15,shipped,mobile,2022-06-16,23.55,1
50963,10383,2025-02-04,shipped,web,2025-02-12,178.59,4
50964,10384,2024-11-20,pending,mobile,,72.0,2
50965,10384,2024-08-07,shipped,store,2024-08-10,554.72,5
50966,10384,2024-07-09,cancelled,mobile,,330.2,6
50967,10384,2024-07-19,shipped,store,2024-07-27,236.88,2
50968,10384,2025-07-05,shipped,web,2025-07-12,186.89,5
50969,10384,2024-12-21,shipped,mobile,2024-12-28,231.88,5
50970,10384,2024-12-16,pending,web,,302.52,2
50971,10385,2024-06-30,shipped,mobile,2024-07-06,116.5,3
50972,10385,2025-07-03,shipped,mobile,2025-07-11,315.85,6
50973,10385,2024-11-16,cancelled,store,,105.82,2
50974,10386,2024-06-05,shipped,web,2024-06-10,166.2,5
50975,10389,2024-09-21,shipped,mobile,2024-09-28,249.74,3
50976,10389,2024-07-06,shipped,store,2024-07-07,114.41,2
50977,10389,2022-11-08,shipped,web,2022-11-13,98.24,1
50978,10390,2025-04-25,shipped,mobile,2025-05-02,398.91,4
50979,10390,2025-01-16,pending,web,,414.79,6
50980,10390,2025-06-12,shipped,web,2025-06-16,27.6,1
50981,10391,2025-01-25,pending,web,,244.59,4
50982,10391,2025-07-08,shipped,web,2025-07-12,176.98,2
50983,10392,2022-12-03,shipped,mobile,2022-12-08,195.23,5
50984,10392,2021-10-17,refunded,mobile,2021-10-25,305.3,3
50985,10393,2023-08-24,shipped,mobile,2023-08-27,411.3,4
50986,10393,2023-07-28,pending,web,,239.03,3
50987,10393,2023-05-26,shipped,web,2023-05-28,514.87,4
50988,10394,2025-07-22,shipped,mobile,2025-07-30,63.13,2
50989,10394,2024-06-23,shipped,mobile,2024-06-30,16.5,1
50990,10394,2023-05-20,shipped,web,2023-05-25,356.98,4
50991,10394,2023-12-05,shipped,mobile,2023-12-08,247.21,2
50992,10395,2025-08-04,shipped,web,2025-08-07,201.97,4
50993,10395,2025-08-02,shipped,web,2025-08-09,325.98,6
50994,10395,2025-08-11,shipped,store,2025-08-18,143.24,2
50995,10395,2025-08-29,shipped,web,2025-08-31,307.86,6
50996,10395,2025-08-07,cancelled,web,,531.12,5
50997,10397,2025-07-05,shipped,mobile,2025-07-11,430.68,4
50998,10397,2024-12-20,shipped,web,2024-12-23,291.27,5
50999,10397,2024-11-11,pending,mobile,,230.52,3
51000,10398,2024-07-01,pending,web,,44.01,2
51001,10399,2023-11-04,refunded,web,2023-11-07,270.33,4
51002,10399,2023-05-27,shipped,mobile,2023-05-30,380.26,6
51003,10399,2024-06-12,refunded,web,2024-06-14,75.54,1
51004,10400,2025-06-11,shipped,mobile,2025-06-17,54.93,1
51005,10401,2024-11-19,cancelled,web,,82.68,2
51006,10402,2022-12-05,shipped,mobile,2022-12-11,209.09,3
51007,10403,2024-10-03,refunded,mobile,2024-10-11,274.92,1
51008,10403,2024-03-19,refunded,web,2024-03-25,387.82,3
51009,10403,2023-05-24,shipped,web,2023-05-25,46.87,2
51010,10403,2023-09-06,pending,mobile,,32.25,1
51011,10403,2024-02-02,shipped,mobile,2024-02-10,432.37,6
51012,10404,2025-07-04,shipped,web,2025-07-11,76.31,1
51013,10404,2023-06-13,shipped,web,2023-06-16,237.17,4
51014,10405,2024-08-09,shipped,mobile,2024-08-16,382.12,4
51015,10405,2023-05-29,shipped,web,2023-06-01,277.82,3
51016,10405,2024-03-16,pending,web,,657.57,6
51017,10406,2025-04-22,shipped,web,2025-04-23,150.96,3
51018,10406,2024-03-28,shipped,mobile,2024-03-31,591.75,5
51019,10406,2025-07-16,shipped,mobile,2025-07-17,394.3,5
51020,10406,2024-09-22,shipped,mobile,2024-09-29,379.94,5
51021,10406,2023-11-23,shipped,web,2023-11-29,774.49,6
51022,10407,2023-06-25,shipped,web,2023-06-29,217.23,3
51023,10408,2025-04-12,shipped,web,2025-04-14,314.72,5
51024,10408,2025-07-06,shipped,web,2025-07-09,101.36,2
51025,10408,2025-07-26,refunded,web,2025-07-31,201.87,4
51026,10409,2025-06-17,cancelled,mobile,,342.0,6
51027,10409,2024-04-28,cancelled,mobile,,233.78,4
51028,10410,2024-03-26,shipped,mobile,2024-03-31,33.88,2
51029,10412,2024-08-29,shipped,store,2024-09-06,257.72,6
51030,10413,2024-10-29,shipped,mobile,2024-10-30,294.36,6
51031,10415,2022-12-27,pending,mobile,,203.84,5
51032,10415,2024-04-18,shipped,mobile,2024-04-21,355.06,6
51033,10415,2022-12-28,cancelled,store,,713.17,5
51034,10416,2024-06-06,refunded,web,2024-06-13,542.0,3
51035,10417,2025-01-24,pending,mobile,,362.54,4
51036,10417,2025-02-18,shipped,web,2025-02-25,62.04,1
51037,10418,2025-06-16,shipped,web,2025-06-24,456.26,6
51038,10419,2025-08-31,shipped,mobile,2025-09-03,104.09,3
51039,10419,2025-07-17,shipped,mobile,2025-07-21,139.28,4
51040,10419,2024-05-06,shipped,mobile,2024-05-08,251.33,4
51041,10420,2023-10-16,shipped,web,2023-10-22,322.49,6
51042,10421,2024-02-28,shipped,web,2024-03-05,385.62,6
51043,10421,2024-08-20,shipped,web,2024-08-23,40.2,2
51044,10421,2025-06-29,shipped,mobile,2025-07-04,1107.01,5
51045,10421,2024-09-30,shipped,store,2024-10-05,62.32,2
51046,10422,2024-01-04,pending,mobile,,381.06,4
51047,10423,2025-08-22,pending,web,,7.77,1
51048,10423,2024-11-04,pending,web,,28.06,1
51049,10423,2025-03-12,shipped,store,2025-03-16,187.04,1
51050,10423,2025-04-13,cancelled,store,,181.16,2
51051,10423,2024-06-11,cancelled,web,,166.38,4
51052,10423,2025-04-23,shipped,web,2025-04-28,254.2,6
51053,10424,2025-04-26,shipped,web,2025-04-27,92.04,1
51054,10424,2024-08-13,shipped,mobile,2024-08-14,262.49,4
51055,10424,2024-11-19,pending,web,,82.99,2
51056,10424,2025-03-23,shipped,mobile,2025-03-25,53.66,3
51057,10426,2025-08-06,shipped,mobile,2025-08-12,26.06,2
51058,10426,2025-03-22,shipped,mobile,2025-03-26,101.72,2
51059,10426,2025-04-01,cancelled,store,,292.75,4
51060,10426,2025-05-12,shipped,web,2025-05-14,398.08,5
51061,10427,2025-02-12,shipped,web,2025-02-18,462.55,4
51062,10427,2023-06-26,shipped,web,2023-06-29,101.47,3
51063,10428,2022-06-08,cancelled,mobile,,121.32,3
51064,10428,2023-05-18,shipped,web,2023-05-25,30.31,1
51065,10429,2025-06-06,pending,web,,256.41,5
51066,10430,2024-10-08,refunded,mobile,2024-10-16,431.0,6
51067,10430,2023-04-18,shipped,web,2023-04-24,217.34,3
51068,10430,2023-07-27,shipped,web,2023-07-31,309.35,6
51069,10430,2023-11-10,shipped,web,2023-11-11,326.96,6
51070,10430,2025-06-06,shipped,web,2025-06-11,92.56,2
51071,10430,2025-02-24,refunded,web,2025-03-01,65.83,2
51072,10431,2023-12-09,shipped,web,2023-12-15,172.37,4
51073,10431,2023-06-29,shipped,web,2023-07-06,420.56,5
51074,10431,2025-05-18,shipped,mobile,2025-05-24,584.32,5
51075,10433,2023-03-31,shipped,web,2023-04-05,23.91,1
51076,10433,2023-02-01,refunded,store,2023-02-08,407.93,6
51077,10433,2024-09-25,shipped,web,2024-09-29,127.52,3
51078,10433,2023-08-01,shipped,web,2023-08-08,191.0,4
51079,10434,2023-01-08,pending,mobile,,96.66,4
51080,10434,2022-07-20,shipped,web,2022-07-25,37.28,1
51081,10435,2024-02-28,shipped,store,2024-03-06,76.34,1
51082,10436,2025-01-20,shipped,web,2025-01-21,493.35,6
51083,10436,2023-06-07,pending,web,,124.98,1
51084,10436,2023-08-31,shipped,mobile,2023-09-02,116.11,2
51085,10436,2024-07-15,refunded,web,2024-07-18,284.76,6
51086,10438,2025-06-19,shipped,mobile,2025-06-23,172.67,4
51087,10438,2024-12-02,cancelled,web,,450.29,6
51088,10438,2025-09-01,shipped,mobile,2025-09-07,188.82,5
51089,10439,2025-08-30,shipped,mobile,2025-09-06,315.38,3
51090,10439,2024-03-03,shipped,web,2024-03-06,211.43,4
51091,10439,2024-09-26,cancelled,store,,323.67,5
51092,10440,2023-01-25,cancelled,mobile,,539.71,6
51093,10440,2022-09-12,shipped,web,2022-09-20,450.27,5
51094,10440,2025-06-17,refunded,mobile,2025-06-25,453.36,5
51095,10441,2025-01-07,shipped,mobile,2025-01-13,198.89,4
51096,10443,2024-07-06,shipped,mobile,2024-07-10,398.55,5
51097,10443,2025-01-17,shipped,mobile,2025-01-18,187.59,1
51098,10443,2024-12-06,shipped,web,2024-12-12,217.38,5
51099,10444,2025-05-29,refunded,web,2025-05-30,228.27,4
51100,10444,2024-08-14,shipped,mobile,2024-08-22,210.64,1
51101,10445,2024-11-18,shipped,web,2024-11-24,64.64,2
51102,10445,2024-10-22,refunded,web,2024-10-23,533.32,4
51103,10446,2023-07-04,shipped,web,2023-07-10,155.5,2
51104,10446,2023-06-19,pending,web,,315.26,6
51105,10447,2024-11-21,cancelled,store,,405.86,6
51106,10448,2024-10-03,shipped,mobile,2024-10-11,399.88,6
51107,10448,2025-08-29,shipped,web,2025-09-05,217.05,3
51108,10448,2025-06-24,shipped,mobile,2025-07-02,474.99,4
51109,10448,2025-02-11,pending,web,,985.96,5
51110,10448,2025-07-17,shipped,web,2025-07-19,12.68,1
51111,10449,2025-03-24,shipped,web,2025-03-25,316.25,6
51112,10450,2025-03-05,shipped,web,2025-03-12,102.92,1
51113,10450,2024-08-03,shipped,mobile,2024-08-07,76.18,4
51114,10450,2024-04-09,shipped,web,2024-04-14,211.61,2
51115,10450,2024-04-17,shipped,mobile,2024-04-18,485.24,6
51116,10450,2024-06-17,shipped,mobile,2024-06-22,145.61,3
51117,10450,2025-08-11,shipped,web,2025-08-17,225.14,6
51118,10450,2025-02-16,cancelled,mobile,,354.58,4
51119,10451,2025-07-09,cancelled,mobile,,278.81,3
51120,10451,2025-08-21,shipped,web,2025-08-27,614.33,6
51121,10451,2025-08-02,shipped,store,2025-08-09,1965.86,6
51122,10451,2025-05-08,shipped,web,2025-05-10,377.6,3
51123,10451,2025-08-31,shipped,web,2025-09-01,891.07,5
51124,10452,2023-02-05,shipped,web,2023-02-09,243.38,5
51125,10453,2025-06-25,shipped,mobile,2025-07-01,214.31,5
51126,10453,2025-06-28,shipped,store,2025-07-01,149.69,3
51127,10454,2024-07-28,cancelled,web,,265.8,5
51128,10454,2024-12-28,shipped,mobile,2025-01-02,150.11,4
51129,10454,2025-04-29,shipped,mobile,2025-05-05,347.98,5
51130,10454,2025-02-06,shipped,web,2025-02-14,556.78,4
51131,10454,2023-10-04,shipped,mobile,2023-10-12,26.99,1
51132,10454,2025-08-28,shipped,mobile,2025-09-04,398.98,6
51133,10454,2024-03-22,pending,mobile,,277.6,6
51134,10454,2024-01-01,shipped,mobile,2024-01-02,762.46,3
51135,10454,2025-03-30,shipped,mobile,2025-04-06,62.58,2
51136,10455,2024-06-07,shipped,web,2024-06-10,575.1,5
51137,10455,2024-01-06,shipped,web,2024-01-13,209.04,5
51138,10455,2025-08-24,shipped,web,2025-08-30,350.47,5
51139,10456,2024-10-22,shipped,web,2024-10-25,454.19,6
51140,10456,2022-07-13,shipped,store,2022-07-15,444.12,6
51141,10456,2022-07-08,pending,web,,418.98,6
51142,10457,2025-08-29,shipped,web,2025-09-03,273.27,2
51143,10457,2025-08-16,shipped,web,2025-08-18,197.2,3
51144,10458,2023-04-07,shipped,mobile,2023-04-13,74.55,1
51145,10458,2023-04-02,shipped,web,2023-04-04,561.03,6
51146,10458,2025-01-23,pending,mobile,,434.84,4
51147,10459,2025-08-30,shipped,web,2025-08-31,140.8,1
51148,10460,2025-08-03,shipped,mobile,2025-08-08,198.24,3
51149,10461,2025-08-16,shipped,web,2025-08-22,79.25,4
51150,10462,2025-07-06,shipped,mobile,2025-07-09,242.27,4
51151,10462,2023-09-07,shipped,store,2023-09-13,252.6,4
51152,10462,2022-12-20,shipped,mobile,2022-12-25,673.7,5
51153,10462,2022-11-04,shipped,mobile,2022-11-06,139.42,5
51154,10462,2023-10-20,pending,web,,260.1,5
51155,10462,2024-10-10,shipped,mobile,2024-10-17,52.83,2
51156,10463,2023-04-09,refunded,web,2023-04-14,396.06,6
51157,10463,2022-02-05,shipped,store,2022-02-06,217.1,4
51158,10463,2023-07-31,shipped,web,2023-08-06,576.75,5
51159,10463,2022-09-09,shipped,web,2022-09-14,314.83,4
51160,10463,2023-09-24,shipped,mobile,2023-09-27,602.79,3
51161,10463,2022-11-05,pending,web,,98.9,3
51162,10463,2024-04-27,shipped,mobile,2024-04-28,173.88,1
51163,10465,2025-05-28,pending,mobile,,279.63,3
51164,10466,2023-06-23,shipped,mobile,2023-06-24,193.38,5
51165,10466,2025-02-22,shipped,mobile,2025-03-02,432.05,6
51166,10467,2022-05-12,shipped,mobile,2022-05-15,574.46,4
51167,10467,2024-05-07,cancelled,mobile,,323.41,3
51168,10467,2022-10-20,shipped,mobile,2022-10-23,75.43,2
51169,10467,2022-11-08,shipped,web,2022-11-14,155.63,4
51170,10467,2022-12-31,shipped,mobile,2023-01-07,393.57,6
51171,10467,2023-08-01,shipped,mobile,2023-08-06,155.2,4
51172,10467,2024-12-13,shipped,mobile,2024-12-14,250.66,3
51173,10468,2025-03-23,cancelled,store,,152.27,4
51174,10468,2024-12-30,shipped,mobile,2025-01-02,739.01,6
51175,10468,2024-08-15,shipped,mobile,2024-08-22,245.27,4
51176,10468,2024-10-15,cancelled,mobile,,395.73,4
51177,10469,2025-06-11,refunded,mobile,2025-06-17,148.43,2
51178,10470,2024-04-10,refunded,web,2024-04-13,361.81,5
51179,10471,2025-03-04,shipped,web,2025-03-07,543.66,2
51180,10471,2025-01-20,shipped,web,2025-01-21,509.95,6
51181,10472,2025-01-11,pending,mobile,,189.24,3
51182,10472,2025-04-11,refunded,store,2025-04-15,52.12,1
51183,10474,2024-11-05,shipped,web,2024-11-13,156.2,2
51184,10474,2024-06-11,shipped,mobile,2024-06-14,413.01,4
51185,10474,2025-07-15,refunded,web,2025-07-17,279.88,3
51186,10474,2025-04-26,shipped,store,2025-05-02,192.53,3
51187,10474,2025-03-28,refunded,mobile,2025-03-29,144.84,3
51188,10475,2025-08-20,shipped,web,2025-08-22,355.45,3
51189,10475,2025-08-25,refunded,store,2025-09-02,72.22,4
51190,10475,2025-06-01,pending,mobile,,274.3,5
51191,10476,2024-07-20,refunded,mobile,2024-07-28,229.91,4
51192,10476,2025-05-29,shipped,web,2025-06-03,8.16,1
51193,10476,2025-03-30,pending,web,,326.27,5
51194,10476,2024-07-27,shipped,web,2024-08-01,88.18,1
51195,10476,2025-02-17,shipped,web,2025-02-22,315.46,3
51196,10477,2025-02-09,pending,web,,37.84,1
51197,10478,2024-12-03,refunded,web,2024-12-07,19.2,1
51198,10478,2024-10-28,shipped,web,2024-10-30,73.51,3
51199,10478,2025-08-17,shipped,web,2025-08-24,126.72,4
51200,10479,2024-09-21,shipped,mobile,2024-09-28,218.81,6
51201,10480,2025-08-17,cancelled,mobile,,93.04,2
51202,10481,2024-12-27,pending,mobile,,57.51,1
51203,10482,2025-04-06,shipped,web,2025-04-10,113.61,3
51204,10484,2023-01-12,pending,store,,397.66,6
51205,10485,2023-11-19,pending,mobile,,322.01,6
51206,10485,2025-06-18,pending,mobile,,437.24,2
51207,10485,2025-05-12,pending,store,,295.32,5
51208,10486,2025-07-03,shipped,mobile,2025-07-11,373.32,4
51209,10486,2025-06-05,shipped,store,2025-06-06,356.7,6
51210,10487,2025-02-24,shipped,mobile,2025-02-28,309.42,3
51211,10488,2025-08-21,shipped,web,2025-08-22,194.17,3
51212,10488,2025-07-24,shipped,mobile,2025-07-25,93.96,1
51213,10489,2023-05-11,shipped,web,2023-05-16,55.95,1
51214,10489,2024-05-18,shipped,web,2024-05-20,161.31,4
51215,10489,2023-10-25,shipped,web,2023-11-02,74.61,1
51216,10489,2022-11-19,shipped,store,2022-11-21,176.5,4
51217,10489,2023-10-20,shipped,web,2023-10-21,173.75,5
51218,10491,2023-02-21,shipped,store,2023-03-01,150.71,3
51219,10491,2022-03-10,shipped,web,2022-03-16,271.74,2
51220,10492,2023-11-20,shipped,mobile,2023-11-23,121.78,4
51221,10492,2025-02-17,shipped,web,2025-02-19,85.62,2
51222,10493,2025-07-21,shipped,web,2025-07-27,254.54,6
51223,10493,2024-10-18,refunded,mobile,2024-10-20,761.99,6
51224,10493,2025-06-03,shipped,store,2025-06-09,28.11,1
51225,10493,2024-05-26,shipped,store,2024-06-02,127.44,3
51226,10495,2024-12-10,shipped,web,2024-12-13,244.21,4
51227,10495,2024-09-19,refunded,web,2024-09-23,52.52,2
51228,10495,2025-03-04,pending,mobile,,128.7,1
51229,10496,2024-06-07,pending,web,,235.02,4
51230,10496,2024-06-19,shipped,store,2024-06-23,151.1,6
51231,10496,2023-11-23,pending,web,,635.45,4
51232,10496,2025-05-31,shipped,store,2025-06-04,243.5,3
51233,10497,2024-05-16,shipped,web,2024-05-22,53.76,3
51234,10497,2024-02-22,shipped,mobile,2024-02-25,413.3,6
51235,10497,2025-06-01,shipped,web,2025-06-02,309.05,5
51236,10498,2025-08-30,shipped,web,2025-09-04,360.74,5
51237,10498,2025-07-29,refunded,mobile,2025-08-02,324.28,2
51238,10498,2025-08-13,shipped,web,2025-08-21,462.97,6
51239,10498,2025-07-20,cancelled,web,,97.77,3
51240,10498,2025-07-11,shipped,web,2025-07-15,801.13,6
51241,10499,2022-07-27,shipped,store,2022-07-29,163.52,4
51242,10499,2021-11-06,shipped,mobile,2021-11-12,272.71,4
51243,10501,2024-09-22,shipped,web,2024-09-28,320.02,5
51244,10501,2025-05-04,shipped,mobile,2025-05-08,225.93,6
51245,10501,2025-07-30,shipped,web,2025-08-07,78.56,1
51246,10501,2023-10-06,cancelled,store,,98.44,3
51247,10502,2024-05-01,shipped,web,2024-05-06,554.62,5
51248,10503,2025-02-21,shipped,web,2025-02-22,182.06,3
51249,10503,2023-07-15,shipped,web,2023-07-17,477.17,6
51250,10503,2025-08-30,shipped,mobile,2025-09-07,227.4,4
51251,10504,2025-08-07,shipped,mobile,2025-08-09,320.85,5
51252,10504,2025-02-10,pending,web,,351.23,6
51253,10504,2025-03-26,refunded,web,2025-03-30,284.12,4
51254,10505,2025-03-14,shipped,mobile,2025-03-22,713.17,5
51255,10505,2025-07-26,shipped,mobile,2025-08-03,789.74,6
51256,10506,2025-07-05,shipped,web,2025-07-12,387.05,5
51257,10506,2025-08-31,refunded,store,2025-09-08,73.11,2
51258,10506,2025-08-28,shipped,store,2025-09-04,102.82,2
51259,10506,2025-08-18,shipped,web,2025-08-26,241.22,6
51260,10508,2025-06-16,shipped,store,2025-06-18,117.2,3
51261,10508,2025-07-12,shipped,mobile,2025-07-19,31.54,1
51262,10508,2025-08-25,shipped,web,2025-08-28,150.57,3
51263,10508,2025-08-04,shipped,web,2025-08-06,300.68,4
51264,10509,2023-09-18,shipped,web,2023-09-21,176.38,4
51265,10509,2024-03-05,cancelled,web,,276.36,6
51266,10509,2025-03-14,pending,mobile,,281.93,6
51267,10510,2025-02-02,shipped,store,2025-02-08,195.86,5
51268,10512,2023-07-07,shipped,mobile,2023-07-09,398.16,3
51269,10512,2023-06-11,shipped,web,2023-06-14,324.88,3
51270,10513,2025-01-19,shipped,web,2025-01-21,41.0,1
51271,10513,2025-05-04,shipped,web,2025-05-05,396.24,5
51272,10514,2025-08-06,shipped,web,2025-08-14,171.14,4
51273,10514,2025-08-01,shipped,mobile,2025-08-02,184.38,4
51274,10514,2025-08-19,pending,web,,353.04,6
51275,10514,2025-08-17,shipped,mobile,2025-08-22,24.52,1
51276,10514,2025-08-14,shipped,web,2025-08-20,91.3,2
51277,10514,2025-08-14,refunded,mobile,2025-08-20,58.4,1
51278,10515,2024-10-06,shipped,store,2024-10-09,275.76,5
51279,10516,2023-09-12,shipped,web,2023-09-16,17.82,1
51280,10517,2025-09-01,shipped,web,2025-09-03,258.88,3
51281,10517,2025-08-18,cancelled,web,,23.04,1
51282,10517,2025-06-25,shipped,store,2025-07-03,18.57,1
51283,10517,2025-08-06,pending,mobile,,218.22,2
51284,10517,2025-06-28,shipped,mobile,2025-06-29,126.48,2
51285,10517,2025-08-13,refunded,web,2025-08-18,204.18,4
51286,10518,2024-05-16,shipped,web,2024-05-20,209.69,4
51287,10518,2024-02-11,shipped,mobile,2024-02-19,208.76,3
51288,10518,2025-02-21,pending,web,,296.82,3
51289,10518,2024-05-29,shipped,web,2024-06-05,80.38,2
51290,10518,2023-10-02,shipped,web,2023-10-03,54.37,3
51291,10520,2024-11-19,shipped,web,2024-11-27,70.65,2
51292,10520,2025-01-27,refunded,web,2025-02-03,127.58,3
51293,10520,2025-06-26,shipped,web,2025-07-01,115.18,2
51294,10520,2025-01-25,pending,store,,310.38,2
51295,10520,2024-09-13,shipped,web,2024-09-17,153.49,2
51296,10520,2025-08-30,refunded,web,2025-09-01,286.4,5
51297,10521,2023-12-07,cancelled,web,,310.22,5
51298,10523,2023-08-18,shipped,mobile,2023-08-24,232.66,6
51299,10523,2023-02-28,shipped,mobile,2023-03-07,99.99,2
51300,10524,2025-08-23,shipped,web,2025-08-24,268.79,4
51301,10524,2025-04-27,shipped,mobile,2025-05-04,393.47,6
51302,10526,2025-08-06,shipped,store,2025-08-10,38.1,2
51303,10527,2024-09-26,refunded,web,2024-10-03,60.6,2
51304,10527,2024-09-03,pending,web,,571.4,4
51305,10527,2023-08-06,shipped,web,2023-08-10,286.89,3
51306,10528,2023-05-06,shipped,mobile,2023-05-10,995.56,6
51307,10528,2024-05-21,shipped,store,2024-05-26,225.8,2
51308,10529,2025-06-15,cancelled,web,,158.82,3
51309,10530,2023-03-26,shipped,web,2023-03-27,372.41,5
51310,10530,2022-12-30,shipped,web,2022-12-31,360.98,6
51311,10531,2024-09-13,shipped,web,2024-09-18,91.64,2
51312,10531,2024-10-16,pending,mobile,,10.79,1
51313,10531,2022-08-03,shipped,web,2022-08-07,68.86,3
51314,10531,2024-04-03,shipped,mobile,2024-04-10,717.68,6
51315,10532,2022-10-01,pending,web,,25.96,1
51316,10533,2025-03-08,shipped,store,2025-03-10,470.83,5
51317,10533,2025-06-23,shipped,mobile,2025-06-26,222.92,6
51318,10533,2025-04-17,shipped,mobile,2025-04-23,407.45,6
51319,10533,2025-03-08,shipped,mobile,2025-03-15,219.72,4
51320,10533,2025-05-16,pending,web,,194.11,3
51321,10534,2025-04-04,shipped,web,2025-04-12,537.7,5
51322,10534,2024-09-24,shipped,web,2024-10-02,323.59,3
51323,10534,2023-06-30,shipped,mobile,2023-07-05,298.48,3
51324,10534,2025-07-14,shipped,web,2025-07-15,384.61,6
51325,10534,2024-05-12,shipped,mobile,2024-05-19,299.26,6
51326,10535,2024-10-22,shipped,web,2024-10-23,578.29,6
51327,10535,2024-03-19,refunded,mobile,2024-03-22,489.71,6
51328,10535,2024-09-22,shipped,web,2024-09-28,522.65,5
51329,10535,2024-05-27,pending,mobile,,246.62,3
51330,10536,2025-04-02,shipped,web,2025-04-04,582.01,6
51331,10537,2023-11-23,shipped,web,2023-11-25,137.04,4
51332,10537,2023-10-08,shipped,web,2023-10-09,212.49,4
51333,10537,2024-06-17,shipped,mobile,2024-06-23,108.05,2
51334,10537,2023-11-13,refunded,mobile,2023-11-17,14.04,1
51335,10537,2023-04-20,refunded,web,2023-04-24,307.26,6
51336,10537,2025-03-01,shipped,web,2025-03-06,319.5,4
51337,10537,2024-07-05,pending,mobile,,660.45,6
51338,10537,2023-04-25,shipped,mobile,2023-04-26,271.21,4
51339,10537,2025-04-13,refunded,mobile,2025-04-20,162.39,3
51340,10537,2023-06-25,shipped,mobile,2023-07-01,722.46,5
51341,10537,2023-05-04,shipped,mobile,2023-05-10,180.64,1
51342,10537,2024-07-21,shipped,store,2024-07-26,160.96,1
51343,10538,2023-04-10,shipped,mobile,2023-04-13,240.09,6
51344,10538,2022-02-22,shipped,web,2022-02-26,98.48,1
51345,10538,2023-06-20,shipped,web,2023-06-27,67.78,3
51346,10539,2025-05-29,refunded,mobile,2025-06-03,65.2,2
51347,10539,2025-01-21,shipped,mobile,2025-01-27,41.35,1
51348,10540,2022-10-21,shipped,store,2022-10-28,27.98,1
51349,10540,2024-07-14,shipped,web,2024-07-17,237.41,3
51350,10540,2023-05-04,shipped,store,2023-05-06,37.28,1
51351,10540,2025-04-02,shipped,mobile,2025-04-07,28.55,2
51352,10541,2023-11-21,shipped,web,2023-11-22,329.86,4
51353,10541,2023-12-08,pending,web,,502.88,5
51354,10543,2024-11-23,refunded,web,2024-11-30,214.95,3
51355,10543,2024-09-20,shipped,web,2024-09-27,129.5,4
51356,10545,2024-05-15,pending,mobile,,44.49,1
51357,10546,2025-05-26,refunded,mobile,2025-06-01,16.48,1
51358,10546,2025-06-26,refunded,mobile,2025-07-03,445.44,6
51359,10548,2024-09-21,shipped,mobile,2024-09-27,206.84,3
51360,10548,2025-02-06,shipped,mobile,2025-02-11,133.75,2
51361,10549,2025-06-12,refunded,web,2025-06-16,76.2,1
51362,10550,2025-05-28,shipped,web,2025-06-02,343.61,6
51363,10551,2025-06-05,shipped,web,2025-06-06,36.48,2
51364,10552,2025-07-21,pending,mobile,,57.51,1
51365,10552,2025-06-29,shipped,mobile,2025-07-05,94.13,3
51366,10553,2025-08-07,pending,mobile,,59.61,1
51367,10553,2025-08-18,pending,mobile,,85.92,2
51368,10553,2025-04-27,shipped,web,2025-04-28,214.41,5
51369,10555,2025-08-29,shipped,web,2025-08-31,787.52,5
51370,10556,2023-11-03,shipped,mobile,2023-11-05,109.14,3
51371,10556,2023-06-15,shipped,mobile,2023-06-19,298.41,5
51372,10556,2022-10-21,shipped,web,2022-10-25,108.66,3
51373,10556,2023-02-20,shipped,mobile,2023-02-28,114.87,2
51374,10558,2025-08-01,shipped,mobile,2025-08-06,540.57,6
51375,10558,2025-05-22,shipped,mobile,2025-05-27,329.99,5
51376,10558,2025-08-04,pending,store,,425.39,4
51377,10558,2025-07-21,shipped,mobile,2025-07-25,208.04,6
51378,10559,2025-03-08,refunded,web,2025-03-09,228.46,6
51379,10559,2025-05-19,pending,web,,271.22,6
51380,10559,2024-04-19,shipped,web,2024-04-25,918.36,6
51381,10559,2024-06-01,shipped,web,2024-06-09,122.44,1
51382,10560,2025-04-03,cancelled,web,,278.92,2
51383,10560,2025-03-04,refunded,store,2025-03-06,243.43,3
51384,10560,2025-03-31,shipped,mobile,2025-04-06,376.65,6
51385,10560,2025-02-24,shipped,mobile,2025-02-25,108.96,1
51386,10562,2024-08-16,refunded,web,2024-08-19,71.28,1
51387,10562,2024-10-31,shipped,mobile,2024-11-04,269.01,6
51388,10562,2025-08-19,shipped,store,2025-08-25,162.62,1
51389,10563,2025-07-18,shipped,mobile,2025-07-22,469.42,3
51390,10563,2025-03-10,shipped,mobile,2025-03-14,179.39,3
51391,10564,2025-06-11,shipped,mobile,2025-06-18,110.82,1
51392,10564,2024-12-27,shipped,web,2024-12-31,706.45,5
51393,10565,2025-08-26,shipped,web,2025-09-01,334.92,6
51394,10565,2025-07-01,shipped,store,2025-07-05,26.76,1
51395,10565,2025-08-24,shipped,mobile,2025-08-28,254.8,3
51396,10565,2025-06-13,refunded,web,2025-06-20,174.78,4
51397,10565,2025-06-18,shipped,web,2025-06-25,322.12,4
51398,10565,2025-06-03,pending,web,,97.53,1
51399,10566,2025-04-16,refunded,mobile,2025-04-24,9.84,1
51400,10566,2025-04-10,shipped,web,2025-04-14,331.7,3
51401,10566,2025-08-18,shipped,web,2025-08-19,153.87,3
51402,10566,2025-05-05,shipped,web,2025-05-06,26.6,1
51403,10566,2025-05-21,shipped,web,2025-05-26,110.28,5
51404,10566,2025-03-18,shipped,mobile,2025-03-22,464.29,4
51405,10566,2025-04-09,shipped,mobile,2025-04-17,154.4,4
51406,10566,2025-02-19,refunded,mobile,2025-02-25,772.4,4
51407,10566,2025-06-13,shipped,web,2025-06-20,341.45,5
51408,10566,2025-07-24,pending,mobile,,66.58,2
51409,10567,2024-05-31,shipped,store,2024-06-05,638.74,5
51410,10567,2024-07-04,shipped,web,2024-07-10,255.54,5
51411,10568,2023-02-17,shipped,mobile,2023-02-25,314.33,4
51412,10568,2023-06-03,shipped,web,2023-06-11,269.05,5
51413,10568,2023-03-05,shipped,mobile,2023-03-12,708.04,5
51414,10569,2025-07-12,shipped,web,2025-07-15,562.53,6
51415,10569,2024-09-29,shipped,mobile,2024-10-02,159.62,3
51416,10570,2025-08-28,refunded,web,2025-09-02,315.29,3
51417,10570,2025-07-15,shipped,web,2025-07-18,493.97,5
51418,10571,2024-10-04,shipped,mobile,2024-10-11,488.99,3
51419,10571,2024-06-12,refunded,store,2024-06-20,518.7,5
51420,10572,2024-02-02,shipped,web,2024-02-07,332.23,4
51421,10573,2025-08-04,pending,web,,142.83,5
51422,10573,2025-08-05,shipped,web,2025-08-11,193.7,3
51423,10574,2025-07-14,shipped,web,2025-07-22,180.5,3
51424,10575,2024-09-05,shipped,web,2024-09-12,31.71,1
51425,10575,2025-07-28,shipped,web,2025-07-29,511.54,5
51426,10575,2025-07-24,shipped,web,2025-07-31,123.52,4
51427,10575,2024-11-11,shipped,mobile,2024-11-16,292.97,6
51428,10575,2025-08-10,shipped,web,2025-08-18,139.79,3
51429,10576,2025-08-18,shipped,web,2025-08-24,300.84,4
51430,10576,2025-05-09,cancelled,web,,26.39,2
51431,10577,2024-03-18,pending,store,,44.04,2
51432,10577,2022-11-13,refunded,web,2022-11-21,396.6,5
51433,10578,2024-09-28,refunded,mobile,2024-10-05,288.88,2
51434,10578,2023-01-15,shipped,mobile,2023-01-19,166.12,2
51435,10578,2022-07-26,shipped,web,2022-07-30,83.72,2
51436,10578,2022-10-10,shipped,web,2022-10-16,155.21,2
51437,10579,2025-08-25,shipped,web,2025-08-31,213.87,5
51438,10579,2024-08-21,cancelled,mobile,,39.3,1
51439,10579,2024-10-06,shipped,web,2024-10-12,240.25,4
51440,10579,2024-06-28,cancelled,web,,221.99,3
51441,10580,2024-07-10,shipped,web,2024-07-13,582.05,6
51442,10580,2024-05-06,pending,mobile,,166.45,5
51443,10580,2024-06-08,shipped,web,2024-06-16,215.37,3
51444,10580,2025-08-15,shipped,web,2025-08-20,405.15,6
51445,10581,2025-07-03,shipped,mobile,2025-07-04,60.04,2
51446,10581,2025-06-14,pending,web,,433.58,4
51447,10581,2025-04-23,shipped,web,2025-04-24,101.16,2
51448,10581,2025-07-04,shipped,store,2025-07-10,67.44,1
51449,10581,2025-07-20,shipped,web,2025-07-22,170.79,3
51450,10582,2025-03-31,shipped,mobile,2025-04-02,3.03,1
51451,10582,2023-11-13,shipped,web,2023-11-14,119.13,5
51452,10582,2023-10-17,shipped,mobile,2023-10-25,177.72,4
51453,10582,2024-12-01,shipped,web,2024-12-02,309.48,4
51454,10582,2025-06-24,shipped,mobile,2025-06-30,133.03,2
51455,10582,2024-05-08,shipped,web,2024-05-13,171.6,5
51456,10584,2024-12-19,refunded,mobile,2024-12-21,479.84,5
51457,10585,2025-06-23,shipped,mobile,2025-06-29,396.8,5
51458,10585,2024-07-06,shipped,mobile,2024-07-08,376.88,5
51459,10585,2025-05-20,shipped,store,2025-05-24,245.25,5
51460,10585,2025-06-01,shipped,mobile,2025-06-07,207.85,5
51461,10586,2025-08-27,shipped,web,2025-08-29,345.63,4
51462,10586,2025-07-16,shipped,mobile,2025-07-20,52.55,2
51463,10586,2025-07-22,pending,web,,80.82,2
51464,10586,2025-08-05,shipped,store,2025-08-11,244.17,4
51465,10586,2025-08-13,pending,web,,304.06,2
51466,10588,2022-11-16,pending,web,,63.0,1
51467,10588,2022-11-24,shipped,web,2022-11-25,174.55,3
51468,10588,2022-04-25,shipped,web,2022-05-01,307.0,5
51469,10588,2022-05-16,shipped,web,2022-05-17,145.95,4
51470,10591,2022-03-06,pending,web,,233.32,5
51471,10591,2025-05-13,pending,web,,487.64,6
51472,10591,2023-12-27,shipped,web,2024-01-04,141.2,3
51473,10592,2023-01-27,shipped,mobile,2023-02-02,30.36,1
51474,10592,2025-05-29,shipped,web,2025-06-02,41.32,1
51475,10592,2023-02-08,shipped,web,2023-02-15,184.81,4
51476,10592,2024-06-28,shipped,web,2024-07-05,115.61,4
51477,10593,2024-09-05,shipped,web,2024-09-06,36.81,1
51478,10593,2024-08-03,pending,store,,96.34,1
51479,10594,2025-03-27,shipped,web,2025-04-03,148.68,1
51480,10596,2024-08-28,shipped,store,2024-08-30,26.72,1
51481,10597,2025-05-21,shipped,mobile,2025-05-23,416.24,3
51482,10597,2023-10-23,pending,store,,46.38,1
51483,10597,2025-01-22,shipped,web,2025-01-25,23.43,1
51484,10597,2025-08-29,shipped,mobile,2025-08-30,242.96,1
51485,10598,2025-05-12,shipped,mobile,2025-05-16,569.11,6
51486,10598,2025-06-02,refunded,mobile,2025-06-09,268.52,4
51487,10598,2025-04-09,cancelled,mobile,,283.16,3
51488,10598,2025-07-08,pending,mobile,,527.66,3
51489,10601,2024-11-06,shipped,mobile,2024-11-13,612.77,6
51490,10601,2025-06-06,shipped,web,2025-06-07,204.04,3
51491,10601,2025-08-06,shipped,mobile,2025-08-12,226.16,3
51492,10601,2025-05-27,shipped,web,2025-05-29,360.8,5
51493,10601,2025-01-03,shipped,web,2025-01-07,149.94,3
51494,10601,2024-11-05,shipped,mobile,2024-11-06,593.98,6
51495,10601,2025-02-09,shipped,mobile,2025-02-12,100.24,2
51496,10602,2024-03-11,pending,web,,100.2,3
51497,10603,2024-09-21,shipped,web,2024-09-22,120.85,2
51498,10604,2025-05-11,pending,mobile,,173.46,1
51499,10605,2024-08-15,pending,store,,120.42,2
51500,10605,2025-04-05,shipped,store,2025-04-12,263.64,4
51501,10605,2025-05-30,shipped,mobile,2025-06-05,54.57,3
51502,10605,2024-09-29,shipped,web,2024-10-03,156.05,2
51503,10606,2023-04-20,shipped,mobile,2023-04-24,349.35,4
51504,10606,2022-04-15,shipped,web,2022-04-22,394.29,3
51505,10606,2024-06-12,shipped,web,2024-06-18,103.74,1
51506,10606,2023-11-09,shipped,web,2023-11-14,242.39,6
51507,10606,2022-10-06,shipped,mobile,2022-10-13,44.06,2
51508,10607,2025-08-17,refunded,web,2025-08-24,85.57,3
51509,10611,2025-08-12,shipped,mobile,2025-08-20,542.18,6
51510,10611,2024-08-19,cancelled,web,,230.7,2
51511,10612,2023-05-11,shipped,mobile,2023-05-14,298.31,4
51512,10613,2024-06-30,shipped,mobile,2024-07-03,249.89,5
51513,10613,2023-02-11,shipped,mobile,2023-02-12,348.92,5
51514,10613,2025-02-18,shipped,mobile,2025-02-20,291.98,5
51515,10613,2024-03-15,pending,web,,453.11,4
51516,10613,2025-05-15,shipped,mobile,2025-05-20,137.24,1
51517,10613,2024-04-12,shipped,web,2024-04-15,324.5,6
51518,10614,2025-07-14,shipped,web,2025-07-17,223.69,4
51519,10614,2024-12-08,shipped,web,2024-12-12,212.38,2
51520,10616,2025-04-01,shipped,mobile,2025-04-07,141.16,1
51521,10617,2023-05-25,shipped,mobile,2023-05-27,210.96,1
51522,10618,2025-06-18,pending,store,,309.78,5
51523,10618,2024-11-13,shipped,store,2024-11-19,170.55,2
51524,10618,2024-11-15,shipped,web,2024-11-23,306.34,4
51525,10618,2024-09-11,shipped,web,2024-09-19,242.68,3
51526,10619,2024-05-11,shipped,web,2024-05-13,191.52,2
51527,10619,2024-05-31,shipped,store,2024-06-03,295.06,3
51528,10619,2023-12-24,shipped,mobile,2023-12-26,242.56,3
51529,10619,2024-11-29,pending,mobile,,121.23,3
51530,10619,2023-11-22,shipped,web,2023-11-26,78.7,2
51531,10620,2024-06-07,shipped,web,2024-06-13,110.94,1
51532,10620,2025-03-19,shipped,web,2025-03-25,317.23,6
51533,10620,2024-05-05,shipped,mobile,2024-05-12,317.56,4
51534,10622,2023-03-24,shipped,mobile,2023-03-30,17.1,1
51535,10622,2025-05-10,shipped,web,2025-05-15,53.52,1
51536,10623,2024-02-01,refunded,web,2024-02-04,248.06,6
51537,10624,2025-04-06,shipped,web,2025-04-14,253.59,6
51538,10624,2024-12-12,shipped,mobile,2024-12-17,689.33,6
51539,10624,2025-08-25,pending,web,,77.59,3
51540,10625,2023-07-04,shipped,mobile,2023-07-12,359.52,6
51541,10625,2025-08-27,shipped,mobile,2025-09-02,123.28,1
51542,10625,2023-06-02,shipped,web,2023-06-04,6.74,1
51543,10625,2024-11-28,shipped,web,2024-12-04,486.27,6
51544,10625,2024-12-02,shipped,store,2024-12-10,69.08,2
51545,10626,2025-06-18,cancelled,web,,266.72,5
51546,10626,2024-11-20,shipped,mobile,2024-11-21,114.12,2
51547,10626,2025-03-20,shipped,web,2025-03-24,293.69,5
51548,10626,2025-06-24,pending,web,,268.35,5
51549,10626,2025-04-29,shipped,store,2025-05-07,88.89,1
51550,10626,2024-10-23,shipped,mobile,2024-10-30,48.04,1
51551,10627,2024-11-22,shipped,web,2024-11-29,4.01,1
51552,10627,2023-03-15,shipped,store,2023-03-19,252.59,6
51553,10628,2024-04-08,shipped,web,2024-04-14,17.55,1
51554,10628,2023-09-04,shipped,web,2023-09-06,234.19,5
51555,10628,2024-11-25,shipped,store,2024-12-02,432.56,6
51556,10628,2024-05-06,shipped,store,2024-05-08,110.07,2
51557,10629,2025-08-04,shipped,mobile,2025-08-06,79.25,2
51558,10629,2025-08-02,pending,web,,92.63,2
51559,10629,2025-07-07,pending,mobile,,155.26,3
51560,10630,2024-07-10,shipped,web,2024-07-12,550.48,6
51561,10631,2023-08-28,refunded,web,2023-08-29,147.06,2
51562,10632,2024-10-18,shipped,web,2024-10-21,62.48,2
51563,10633,2023-09-06,shipped,web,2023-09-12,406.82,4
51564,10633,2025-07-21,shipped,web,2025-07-28,266.93,2
51565,10633,2025-02-20,pending,web,,59.78,2
51566,10633,2024-01-07,shipped,store,2024-01-13,150.09,4
51567,10633,2024-12-22,shipped,mobile,2024-12-29,367.76,6
51568,10633,2023-12-19,shipped,mobile,2023-12-20,396.91,6
51569,10634,2025-03-04,shipped,store,2025-03-08,610.33,6
51570,10634,2025-02-05,shipped,web,2025-02-06,487.72,6
51571,10635,2024-11-15,shipped,web,2024-11-16,170.71,2
51572,10635,2024-01-02,pending,mobile,,240.07,5
51573,10635,2024-10-22,pending,web,,143.67,3
51574,10635,2024-02-13,shipped,web,2024-02-14,198.16,5
51575,10635,2023-11-18,shipped,web,2023-11-24,282.72,3
51576,10635,2024-10-17,shipped,mobile,2024-10-22,541.24,5
51577,10636,2025-08-15,refunded,mobile,2025-08-19,122.64,1
51578,10636,2025-07-19,pending,mobile,,221.72,4
51579,10638,2025-04-19,shipped,web,2025-04-20,72.93,2
51580,10638,2025-08-27,pending,mobile,,289.67,4
51581,10639,2024-08-23,shipped,mobile,2024-08-30,227.7,4
51582,10639,2024-03-10,shipped,store,2024-03-18,125.81,5
51583,10640,2025-01-21,shipped,web,2025-01-28,538.04,6
51584,10641,2024-05-12,cancelled,web,,310.93,5
51585,10641,2025-08-13,shipped,web,2025-08-14,188.19,3
51586,10641,2023-12-01,shipped,web,2023-12-02,89.12,2
51587,10642,2025-01-26,shipped,web,2025-01-29,71.8,2
51588,10642,2025-05-22,shipped,web,2025-05-26,433.07,6
51589,10642,2025-04-16,shipped,mobile,2025-04-24,51.27,1
51590,10642,2025-01-31,shipped,web,2025-02-03,133.84,3
51591,10643,2023-06-10,shipped,web,2023-06-13,58.36,1
51592,10643,2024-07-07,refunded,mobile,2024-07-09,66.6,1
51593,10643,2023-08-22,shipped,web,2023-08-30,463.18,5
51594,10644,2025-08-22,shipped,web,2025-08-24,99.46,1
51595,10644,2025-08-12,shipped,web,2025-08-13,127.92,1
51596,10644,2025-05-02,refunded,store,2025-05-03,239.38,6
51597,10644,2025-04-03,pending,mobile,,312.49,6
51598,10646,2025-04-11,shipped,web,2025-04-14,124.13,3
51599,10647,2025-06-02,shipped,store,2025-06-06,181.8,5
51600,10647,2025-06-04,shipped,mobile,2025-06-05,37.72,1
51601,10647,2025-06-14,shipped,web,2025-06-15,249.56,4
51602,10649,2025-08-10,shipped,web,2025-08-13,27.45,1
51603,10649,2025-07-02,shipped,mobile,2025-07-04,346.29,3
51604,10649,2025-07-10,shipped,web,2025-07-16,150.4,3
51605,10649,2025-08-18,shipped,mobile,2025-08-26,57.86,2
51606,10649,2025-04-16,pending,web,,178.8,5
51607,10650,2023-11-07,shipped,store,2023-11-14,663.37,5
51608,10650,2023-09-01,pending,mobile,,121.0,2
51609,10651,2025-08-23,shipped,web,2025-08-25,584.93,4
51610,10653,2024-07-16,refunded,store,2024-07-18,173.88,5
51611,10653,2025-01-16,pending,web,,228.08,1
51612,10654,2022-08-30,shipped,web,2022-09-03,55.26,2
51613,10654,2025-06-09,shipped,store,2025-06-11,161.69,3
51614,10655,2024-02-18,shipped,web,2024-02-21,276.25,4
51615,10655,2024-04-14,pending,web,,503.51,6
51616,10655,2024-09-22,shipped,mobile,2024-09-27,52.46,1
51617,10655,2023-11-13,shipped,web,2023-11-17,417.11,6
51618,10656,2023-08-19,shipped,mobile,2023-08-25,84.76,4
51619,10656,2023-07-10,shipped,mobile,2023-07-16,125.86,2
51620,10657,2025-07-23,cancelled,web,,239.24,5
51621,10657,2025-03-03,shipped,mobile,2025-03-09,239.21,4
51622,10659,2025-05-04,cancelled,mobile,,125.69,4
51623,10660,2024-11-11,shipped,mobile,2024-11-13,358.3,6
51624,10660,2022-02-06,shipped,mobile,2022-02-13,51.74,1
51625,10660,2024-07-27,shipped,web,2024-07-28,529.13,6
51626,10661,2023-08-03,pending,web,,148.13,3
51627,10661,2025-01-22,cancelled,web,,207.51,3
51628,10661,2025-05-24,shipped,store,2025-05-25,503.52,4
51629,10662,2025-07-15,shipped,store,2025-07-17,435.23,3
51630,10662,2025-08-28,shipped,web,2025-08-30,882.23,6
51631,10662,2023-11-09,shipped,mobile,2023-11-17,158.22,2
51632,10662,2023-03-01,shipped,mobile,2023-03-08,118.99,4
51633,10662,2023-06-15,shipped,mobile,2023-06-19,113.75,2
51634,10662,2023-07-01,cancelled,web,,328.52,6
51635,10663,2025-06-03,pending,web,,37.14,1
51636,10663,2025-07-02,shipped,web,2025-07-08,235.18,3
51637,10663,2025-06-23,shipped,web,2025-06-27,217.42,4
51638,10664,2025-07-13,shipped,mobile,2025-07-16,213.38,2
51639,10665,2024-05-03,shipped,mobile,2024-05-11,235.03,5
51640,10665,2025-04-11,shipped,web,2025-04-19,233.92,5
51641,10665,2025-02-17,shipped,store,2025-02-18,283.65,5
51642,10666,2024-10-27,shipped,mobile,2024-10-28,421.15,4
51643,10666,2025-05-17,shipped,mobile,2025-05-23,16.01,1
51644,10666,2025-03-09,shipped,mobile,2025-03-11,446.95,6
51645,10666,2024-08-13,shipped,store,2024-08-16,127.44,3
51646,10666,2025-02-09,pending,web,,47.74,2
51647,10666,2025-05-16,shipped,mobile,2025-05-24,413.27,4
51648,10667,2025-05-31,shipped,web,2025-06-06,431.13,4
51649,10667,2024-09-27,shipped,mobile,2024-10-02,363.46,3
51650,10668,2024-12-20,shipped,mobile,2024-12-23,401.83,5
51651,10668,2025-04-19,shipped,web,2025-04-20,60.6,1
51652,10669,2024-08-03,shipped,mobile,2024-08-08,232.37,4
51653,10671,2025-03-14,shipped,store,2025-03-22,264.31,3
51654,10671,2023-10-06,shipped,web,2023-10-13,26.52,1
51655,10672,2024-10-01,refunded,store,2024-10-04,491.77,4
51656,10672,2024-10-29,shipped,web,2024-11-05,287.06,5
51657,10672,2025-08-22,shipped,mobile,2025-08-23,218.75,2
51658,10672,2025-04-13,shipped,mobile,2025-04-20,510.94,6
51659,10673,2025-04-13,shipped,mobile,2025-04-15,419.34,4
51660,10673,2024-11-19,shipped,mobile,2024-11-25,189.92,2
51661,10674,2023-12-29,refunded,web,2023-12-31,288.69,3
51662,10674,2024-11-10,shipped,web,2024-11-14,142.0,4
51663,10674,2024-04-28,shipped,mobile,2024-05-01,57.56,1
51664,10675,2024-08-07,shipped,mobile,2024-08-12,321.0,2
51665,10675,2024-06-26,shipped,web,2024-07-04,590.23,6
51666,10675,2024-12-28,pending,mobile,,83.65,3
51667,10675,2024-04-13,refunded,web,2024-04-16,212.11,3
51668,10675,2023-08-24,shipped,web,2023-08-31,135.64,3
51669,10676,2022-11-23,shipped,web,2022-12-01,370.24,4
51670,10676,2023-04-24,shipped,mobile,2023-04-25,308.86,3
51671,10676,2023-11-07,shipped,web,2023-11-09,135.08,4
51672,10677,2025-08-03,shipped,web,2025-08-04,317.61,6
51673,10678,2025-07-10,shipped,mobile,2025-07-14,128.65,2
51674,10678,2024-04-04,refunded,mobile,2024-04-12,221.37,3
51675,10678,2025-06-29,shipped,web,2025-07-01,337.57,6
51676,10678,2024-10-19,shipped,mobile,2024-10-25,267.92,2
51677,10679,2023-12-29,shipped,web,2024-01-05,271.68,5
51678,10680,2025-08-04,shipped,web,2025-08-10,242.89,3
51679,10681,2024-08-13,cancelled,web,,238.83,6
51680,10681,2023-02-27,shipped,mobile,2023-03-05,403.8,4
51681,10683,2025-06-05,shipped,web,2025-06-07,509.81,2
51682,10683,2025-07-27,shipped,mobile,2025-07-30,146.76,2
51683,10684,2024-03-05,shipped,web,2024-03-12,80.97,1
51684,10684,2022-04-06,shipped,mobile,2022-04-13,303.12,6
51685,10684,2023-11-02,shipped,mobile,2023-11-08,293.93,4
51686,10685,2025-06-08,pending,mobile,,43.82,2
51687,10686,2025-07-09,shipped,mobile,2025-07-12,67.84,2
51688,10687,2024-12-20,shipped,mobile,2024-12-28,355.91,4
51689,10687,2025-02-26,shipped,mobile,2025-03-05,26.49,1
51690,10687,2024-12-10,shipped,mobile,2024-12-14,15.52,1
51691,10688,2022-04-29,shipped,mobile,2022-05-01,19.78,1
51692,10688,2023-07-13,refunded,mobile,2023-07-14,337.13,6
51693,10688,2025-01-24,shipped,web,2025-01-25,363.6,4
51694,10688,2024-09-18,shipped,mobile,2024-09-26,477.62,4
51695,10688,2025-05-31,pending,web,,81.03,2
51696,10689,2025-04-10,shipped,web,2025-04-11,94.74,3
51697,10689,2024-11-21,pending,mobile,,30.16,1
51698,10689,2025-04-21,shipped,web,2025-04-29,363.43,6
51699,10689,2024-11-13,shipped,mobile,2024-11-15,519.61,6
51700,10689,2025-07-07,shipped,web,2025-07-14,220.4,2
51701,10690,2025-08-01,pending,mobile,,64.92,1
51702,10690,2025-08-28,shipped,web,2025-08-30,135.27,3
51703,10690,2025-08-01,pending,mobile,,477.16,4
51704,10690,2025-08-24,shipped,mobile,2025-08-31,312.89,4
51705,10691,2025-03-21,shipped,web,2025-03-25,206.37,6
51706,10692,2024-04-01,pending,mobile,,309.14,6
51707,10692,2025-02-14,pending,mobile,,447.39,5
51708,10692,2025-04-20,shipped,mobile,2025-04-22,382.78,6
51709,10693,2025-08-30,shipped,web,2025-09-05,256.61,3
51710,10693,2025-08-09,shipped,mobile,2025-08-14,291.52,4
51711,10693,2025-07-05,shipped,mobile,2025-07-07,118.14,4
51712,10693,2025-08-12,pending,mobile,,48.39,2
51713,10693,2025-08-31,shipped,store,2025-09-06,434.25,6
51714,10693,2025-08-29,shipped,web,2025-09-04,237.9,2
51715,10695,2024-06-18,shipped,web,2024-06-26,495.29,6
51716,10695,2023-12-30,shipped,web,2024-01-02,107.6,2
51717,10695,2025-06-21,shipped,web,2025-06-25,279.14,3
51718,10695,2024-09-01,pending,web,,329.06,4
51719,10696,2024-07-04,refunded,web,2024-07-09,528.66,5
51720,10696,2025-06-28,pending,web,,265.53,5
51721,10696,2025-05-02,shipped,mobile,2025-05-03,529.45,3
51722,10699,2025-06-26,pending,store,,75.78,2
51723,10699,2024-07-07,shipped,mobile,2024-07-11,151.76,2
51724,10699,2023-02-05,shipped,mobile,2023-02-08,492.64,5
51725,10699,2022-05-27,refunded,web,2022-06-02,314.07,3
51726,10700,2025-06-12,refunded,store,2025-06-19,571.02,5
51727,10700,2024-11-26,shipped,web,2024-12-01,24.89,2
51728,10700,2024-11-24,shipped,web,2024-11-27,270.94,4
51729,10700,2023-02-15,shipped,mobile,2023-02-17,79.51,3
51730,10701,2024-04-20,shipped,web,2024-04-22,207.44,4
51731,10701,2022-07-11,pending,mobile,,236.75,4
51732,10701,2022-06-11,pending,web,,94.89,2
51733,10701,2022-09-11,shipped,web,2022-09-18,25.38,1
51734,10703,2025-06-24,shipped,web,2025-06-30,465.45,4
51735,10703,2025-07-03,shipped,web,2025-07-09,205.87,5
51736,10704,2024-04-22,cancelled,web,,86.2,1
51737,10705,2024-12-22,pending,web,,146.72,1
51738,10705,2025-02-19,shipped,store,2025-02-24,187.88,3
51739,10705,2025-04-08,shipped,web,2025-04-13,124.61,2
51740,10706,2024-08-09,shipped,mobile,2024-08-15,5.76,1
51741,10707,2024-06-02,shipped,web,2024-06-09,38.76,1
51742,10707,2023-10-20,shipped,web,2023-10-24,83.84,3
51743,10707,2024-06-01,cancelled,web,,44.85,2
51744,10707,2023-04-15,shipped,store,2023-04-23,415.36,5
51745,10708,2023-11-28,shipped,web,2023-12-06,559.45,2
51746,10708,2025-08-28,shipped,mobile,2025-08-29,375.5,4
51747,10708,2023-12-08,pending,web,,246.97,3
51748,10708,2023-05-28,shipped,mobile,2023-05-29,60.32,2
51749,10708,2025-06-23,shipped,store,2025-06-26,303.04,6
51750,10708,2023-03-15,shipped,mobile,2023-03-20,136.03,3
51751,10708,2024-01-22,shipped,mobile,2024-01-23,42.96,2
51752,10708,2023-01-26,shipped,web,2023-02-02,363.59,4
51753,10708,2024-07-02,shipped,web,2024-07-05,190.44,2
51754,10709,2025-02-18,shipped,web,2025-02-24,272.66,4
51755,10709,2025-08-06,shipped,mobile,2025-08-09,526.69,3
51756,10709,2024-10-20,shipped,store,2024-10-22,79.26,2
51757,10710,2024-06-26,shipped,web,2024-06-30,105.32,2
51758,10710,2024-05-22,shipped,mobile,2024-05-25,58.93,3
51759,10710,2024-08-11,pending,web,,235.93,5
51760,10711,2022-03-18,shipped,web,2022-03-20,441.67,6
51761,10712,2024-07-18,shipped,mobile,2024-07-26,131.64,1
51762,10712,2023-04-02,refunded,web,2023-04-09,180.34,3
51763,10712,2025-02-07,shipped,web,2025-02-13,172.68,5
51764,10714,2025-08-12,shipped,web,2025-08-19,173.34,2
51765,10716,2025-07-18,shipped,web,2025-07-22,77.73,1
51766,10716,2025-08-25,shipped,web,2025-08-26,116.4,4
51767,10716,2025-07-11,shipped,web,2025-07-16,149.88,1
51768,10717,2023-04-28,shipped,web,2023-05-02,300.1,5
51769,10717,2025-07-01,shipped,web,2025-07-08,230.22,5
51770,10717,2023-12-13,pending,web,,82.39,3
51771,10717,2023-08-24,shipped,web,2023-08-29,206.71,3
51772,10718,2025-07-25,refunded,web,2025-08-02,45.36,1
51773,10719,2023-11-22,pending,mobile,,179.92,5
51774,10719,2024-11-26,shipped,mobile,2024-11-29,509.46,6
51775,10720,2023-09-25,pending,mobile,,294.09,3
51776,10720,2023-12-23,pending,mobile,,326.81,6
51777,10720,2023-06-04,shipped,web,2023-06-10,416.84,6
51778,10720,2025-04-05,cancelled,mobile,,130.76,2
51779,10720,2024-04-23,shipped,mobile,2024-04-26,188.75,5
51780,10721,2024-03-07,refunded,web,2024-03-10,767.34,6
51781,10721,2025-03-25,shipped,web,2025-04-02,517.25,3
51782,10721,2024-12-03,shipped,mobile,2024-12-05,418.57,5
51783,10722,2025-08-09,shipped,web,2025-08-12,198.81,3
51784,10723,2025-03-03,shipped,mobile,2025-03-11,255.35,5
51785,10723,2024-11-17,shipped,web,2024-11-23,132.64,3
51786,10723,2024-12-17,shipped,mobile,2024-12-21,156.57,3
51787,10723,2024-05-20,pending,web,,316.42,6
51788,10723,2024-06-02,shipped,web,2024-06-08,113.18,3
51789,10723,2025-08-08,shipped,web,2025-08-13,99.64,1
51790,10723,2024-03-04,shipped,web,2024-03-06,311.02,4
51791,10724,2024-05-13,shipped,mobile,2024-05-17,297.21,5
51792,10724,2024-02-14,refunded,mobile,2024-02-17,20.21,1
51793,10724,2023-07-13,shipped,mobile,2023-07-15,102.28,4
51794,10724,2024-11-01,shipped,mobile,2024-11-08,252.95,2
51795,10724,2025-08-28,shipped,mobile,2025-08-30,173.16,4
51796,10725,2024-08-26,shipped,mobile,2024-09-02,13.78,1
51797,10726,2024-07-02,shipped,web,2024-07-06,149.05,4
51798,10726,2021-10-16,shipped,mobile,2021-10-23,47.62,1
51799,10726,2025-07-25,shipped,web,2025-07-28,230.59,3
51800,10726,2024-06-13,shipped,web,2024-06-16,423.1,5
51801,10726,2024-07-31,cancelled,mobile,,436.56,1
51802,10726,2022-12-10,shipped,web,2022-12-11,131.76,3
51803,10726,2021-12-03,shipped,store,2021-12-04,9.42,1
51804,10727,2025-07-07,shipped,store,2025-07-11,174.09,3
51805,10727,2025-05-26,shipped,mobile,2025-05-31,241.68,5
51806,10727,2025-05-15,pending,web,,330.15,5
51807,10728,2024-04-16,pending,mobile,,41.16,1
51808,10729,2023-10-06,shipped,web,2023-10-08,372.38,4
51809,10730,2025-01-24,shipped,store,2025-01-31,387.16,6
51810,10730,2024-12-07,pending,mobile,,82.34,2
51811,10730,2024-01-18,pending,mobile,,107.07,2
51812,10730,2025-05-08,shipped,mobile,2025-05-16,199.76,1
51813,10730,2024-04-26,shipped,web,2024-04-27,63.0,1
51814,10730,2025-06-18,shipped,web,2025-06-22,132.4,3
51815,10730,2025-06-24,shipped,mobile,2025-07-01,191.98,5
51816,10730,2023-05-04,shipped,store,2023-05-05,310.79,4
51817,10731,2024-03-14,shipped,mobile,2024-03-22,149.46,3
51818,10731,2023-09-19,refunded,store,2023-09-24,53.39,2
51819,10732,2024-10-17,cancelled,store,,244.29,6
51820,10732,2024-09-18,shipped,web,2024-09-25,334.17,6
51821,10733,2022-12-14,cancelled,web,,388.35,5
51822,10733,2022-04-03,shipped,web,2022-04-09,520.27,5
51823,10733,2023-01-19,refunded,mobile,2023-01-20,61.4,1
51824,10733,2021-11-15,shipped,mobile,2021-11-23,702.78,5
51825,10733,2024-10-16,shipped,mobile,2024-10-21,127.4,2
51826,10733,2024-03-01,shipped,web,2024-03-07,445.96,4
51827,10734,2024-02-26,shipped,mobile,2024-02-28,64.36,1
51828,10734,2025-07-04,shipped,mobile,2025-07-05,167.05,4
51829,10734,2023-08-28,refunded,web,2023-09-05,223.88,3
51830,10734,2024-06-04,shipped,web,2024-06-12,424.55,6
51831,10734,2024-12-25,shipped,web,2024-12-26,343.58,3
51832,10734,2024-05-21,shipped,mobile,2024-05-25,184.39,3
51833,10735,2024-10-30,shipped,mobile,2024-10-31,333.88,4
51834,10736,2025-05-11,shipped,web,2025-05-19,162.67,3
51835,10736,2024-09-08,shipped,web,2024-09-16,149.08,4
51836,10736,2025-07-22,shipped,store,2025-07-23,66.53,2
51837,10736,2024-06-05,shipped,web,2024-06-12,297.4,2
51838,10736,2023-09-25,pending,web,,61.8,1
51839,10737,2024-08-29,shipped,mobile,2024-09-05,508.41,5
51840,10738,2025-08-13,pending,mobile,,481.04,2
51841,10738,2025-01-23,shipped,web,2025-01-30,143.18,2
51842,10739,2025-06-01,shipped,web,2025-06-07,584.97,4
51843,10739,2025-06-09,shipped,store,2025-06-11,34.69,1
51844,10740,2024-10-14,shipped,mobile,2024-10-18,197.0,2
51845,10741,2024-12-29,pending,web,,246.82,6
51846,10741,2025-02-15,shipped,mobile,2025-02-17,170.07,4
51847,10741,2022-03-03,shipped,web,2022-03-04,30.18,1
51848,10741,2023-12-23,refunded,mobile,2023-12-29,45.88,1
51849,10742,2024-10-04,refunded,store,2024-10-12,56.3,1
51850,10742,2024-09-09,pending,mobile,,424.02,6
51851,10742,2025-06-08,refunded,web,2025-06-14,106.97,3
51852,10742,2025-08-04,shipped,mobile,2025-08-05,62.36,1
51853,10743,2023-06-25,shipped,web,2023-06-26,243.07,2
51854,10743,2022-01-13,shipped,mobile,2022-01-21,432.84,6
51855,10743,2023-02-16,shipped,store,2023-02-20,126.39,2
51856,10743,2023-04-29,shipped,mobile,2023-05-04,170.2,5
51857,10744,2025-02-09,shipped,web,2025-02-17,133.12,4
51858,10744,2024-05-16,shipped,mobile,2024-05-21,86.02,2
51859,10744,2025-05-29,refunded,mobile,2025-06-01,191.61,4
51860,10744,2025-02-03,shipped,web,2025-02-05,251.92,5
51861,10746,2025-06-20,shipped,mobile,2025-06-26,250.7,2
51862,10746,2025-08-27,shipped,mobile,2025-09-01,98.24,4
51863,10746,2025-06-15,shipped,web,2025-06-19,80.79,2
51864,10746,2025-08-21,shipped,mobile,2025-08-24,221.45,5
51865,10746,2025-08-14,pending,web,,349.28,2
51866,10747,2024-12-02,cancelled,store,,282.83,6
51867,10747,2025-05-11,pending,web,,365.96,5
51868,10747,2023-11-21,shipped,web,2023-11-29,309.51,4
51869,10748,2025-05-11,refunded,web,2025-05-18,435.55,5
51870,10748,2025-08-10,shipped,mobile,2025-08-11,112.57,3
51871,10748,2025-06-20,shipped,web,2025-06-23,326.9,6
51872,10748,2025-06-13,pending,store,,12.26,1
51873,10748,2025-07-15,shipped,mobile,2025-07-21,342.96,6
51874,10748,2025-05-25,cancelled,web,,254.46,4
51875,10751,2024-03-17,pending,web,,108.4,2
51876,10752,2022-10-22,shipped,mobile,2022-10-23,351.64,5
51877,10754,2025-08-27,cancelled,mobile,,65.84,3
51878,10754,2025-08-21,shipped,web,2025-08-28,296.11,6
51879,10754,2025-08-05,shipped,web,2025-08-07,263.94,3
51880,10756,2022-05-10,shipped,mobile,2022-05-17,629.09,6
51881,10757,2023-03-23,refunded,mobile,2023-03-30,102.21,2
51882,10757,2025-01-27,shipped,mobile,2025-01-29,120.36,3
51883,10757,2022-10-30,pending,mobile,,34.17,2
51884,10757,2023-02-09,refunded,mobile,2023-02-10,460.26,2
51885,10757,2023-01-10,shipped,web,2023-01-11,397.29,5
51886,10757,2022-12-16,shipped,web,2022-12-21,67.6,2
51887,10757,2022-09-19,pending,web,,323.08,6
51888,10757,2025-07-14,shipped,web,2025-07-19,18.5,2
51889,10757,2023-02-14,shipped,web,2023-02-17,985.45,6
51890,10759,2025-05-04,cancelled,web,,426.5,3
51891,10759,2025-05-30,shipped,mobile,2025-05-31,131.26,2
51892,10759,2025-05-28,shipped,mobile,2025-05-30,57.48,2
51893,10759,2025-04-07,shipped,web,2025-04-11,445.56,3
51894,10759,2025-09-01,shipped,web,2025-09-05,957.47,3
51895,10759,2025-06-13,pending,mobile,,359.81,3
51896,10759,2025-03-07,shipped,mobile,2025-03-12,399.56,4
51897,10759,2025-07-17,cancelled,web,,87.45,3
51898,10759,2025-05-18,shipped,web,2025-05-26,224.05,5
51899,10760,2024-06-04,shipped,mobile,2024-06-08,286.49,4
51900,10760,2023-10-30,pending,web,,119.91,1
51901,10760,2023-05-21,shipped,mobile,2023-05-28,42.4,1
51902,10760,2024-01-23,shipped,web,2024-01-24,73.18,1
51903,10760,2023-05-10,pending,store,,376.37,5
51904,10761,2024-11-14,pending,mobile,,27.48,1
51905,10761,2023-03-12,shipped,web,2023-03-16,611.08,6
51906,10761,2025-04-05,shipped,mobile,2025-04-11,128.58,4
51907,10761,2024-09-24,shipped,web,2024-10-01,374.12,6
51908,10761,2023-10-18,shipped,web,2023-10-25,233.19,5
51909,10763,2024-01-09,shipped,mobile,2024-01-12,291.85,5
51910,10763,2024-01-14,shipped,web,2024-01-21,88.77,2
51911,10764,2023-12-15,shipped,web,2023-12-23,463.91,4
51912,10765,2025-02-03,shipped,mobile,2025-02-04,421.64,3
51913,10767,2025-07-30,shipped,mobile,2025-08-05,359.99,5
51914,10767,2025-05-27,shipped,web,2025-05-31,200.98,5
51915,10767,2024-12-20,shipped,store,2024-12-24,36.4,1
51916,10767,2025-06-13,shipped,store,2025-06-17,309.45,3
51917,10767,2024-09-21,shipped,mobile,2024-09-29,408.84,5
51918,10767,2025-08-02,shipped,mobile,2025-08-03,123.39,2
51919,10768,2025-03-24,shipped,mobile,2025-03-27,108.78,2
51920,10769,2025-02-05,pending,web,,168.5,5
51921,10769,2022-12-16,pending,web,,491.74,5
51922,10770,2024-10-14,refunded,web,2024-10-20,17.76,1
51923,10770,2024-12-08,shipped,mobile,2024-12-14,34.8,1
51924,10771,2024-08-13,shipped,mobile,2024-08-19,100.76,2
51925,10772,2024-11-26,shipped,mobile,2024-11-27,448.97,6
51926,10774,2022-11-05,shipped,mobile,2022-11-11,185.1,4
51927,10775,2023-08-08,pending,web,,105.92,2
51928,10775,2023-05-27,shipped,store,2023-05-31,87.26,2
51929,10775,2023-10-09,shipped,mobile,2023-10-11,521.88,4
51930,10776,2025-05-29,shipped,mobile,2025-06-01,226.9,5
51931,10776,2025-07-02,refunded,mobile,2025-07-10,186.96,1
51932,10776,2025-05-10,shipped,web,2025-05-11,201.18,3
51933,10777,2023-12-19,shipped,web,2023-12-27,295.82,6
51934,10778,2025-05-29,refunded,web,2025-06-06,653.98,5
51935,10779,2023-08-16,cancelled,web,,436.9,6
51936,10779,2024-08-26,shipped,web,2024-09-01,102.35,3
51937,10779,2023-06-15,shipped,web,2023-06-16,239.63,3
51938,10779,2023-03-28,pending,web,,305.12,5
51939,10780,2025-07-24,pending,web,,529.93,3
51940,10780,2024-05-18,refunded,mobile,2024-05-25,174.09,1
51941,10780,2025-05-09,shipped,mobile,2025-05-10,302.61,6
51942,10780,2025-01-25,refunded,web,2025-01-31,285.5,3
51943,10780,2024-07-01,shipped,mobile,2024-07-06,552.55,6
51944,10780,2025-04-14,shipped,mobile,2025-04-20,361.12,5
51945,10781,2025-04-29,pending,mobile,,59.6,1
51946,10782,2024-05-11,shipped,web,2024-05-19,214.7,5
51947,10782,2025-08-01,shipped,mobile,2025-08-07,63.0,1
51948,10784,2023-09-24,shipped,mobile,2023-10-02,102.29,2
51949,10784,2023-06-08,shipped,web,2023-06-09,502.98,6
51950,10784,2023-12-11,refunded,mobile,2023-12-18,205.14,4
51951,10784,2023-01-29,shipped,web,2023-02-04,32.56,1
51952,10785,2025-03-14,shipped,web,2025-03-19,265.67,6
51953,10786,2025-05-03,shipped,web,2025-05-04,283.59,6
51954,10787,2025-06-06,shipped,web,2025-06-13,65.96,2
51955,10787,2024-12-12,shipped,web,2024-12-17,89.91,3
51956,10787,2024-09-24,pending,web,,317.06,5
51957,10789,2025-07-07,pending,mobile,,352.38,2
51958,10790,2025-06-14,shipped,web,2025-06-22,486.41,6
51959,10791,2024-06-16,cancelled,store,,114.16,2
51960,10791,2024-01-24,shipped,mobile,2024-01-27,191.29,4
51961,10792,2022-06-23,pending,web,,500.26,6
51962,10792,2024-04-03,shipped,store,2024-04-08,228.18,4
51963,10793,2025-02-08,shipped,web,2025-02-11,149.94,3
51964,10793,2023-12-31,shipped,web,2024-01-02,769.09,6
51965,10793,2023-11-15,shipped,mobile,2023-11-20,378.2,4
51966,10794,2025-06-12,shipped,web,2025-06-17,265.19,5
51967,10795,2025-03-22,shipped,store,2025-03-30,368.62,6
51968,10795,2024-05-16,shipped,mobile,2024-05-21,172.74,4
51969,10795,2024-05-31,shipped,web,2024-06-07,392.96,5
51970,10796,2025-03-20,shipped,web,2025-03-22,664.28,4
51971,10796,2024-11-13,shipped,store,2024-11-15,115.23,2
51972,10796,2025-06-17,refunded,mobile,2025-06-18,633.55,4
51973,10796,2024-12-30,shipped,web,2025-01-05,317.17,5
51974,10796,2025-02-02,shipped,web,2025-02-06,514.72,3
51975,10796,2025-01-21,shipped,mobile,2025-01-29,84.68,2
51976,10796,2025-02-14,shipped,mobile,2025-02-19,106.42,2
51977,10797,2025-02-10,refunded,mobile,2025-02-16,358.99,4
51978,10797,2025-06-29,shipped,web,2025-07-05,96.72,1
51979,10797,2025-08-19,pending,mobile,,218.14,3
51980,10797,2025-03-22,shipped,store,2025-03-27,290.98,5
51981,10800,2025-08-23,shipped,mobile,2025-08-24,54.84,1
51982,10800,2025-04-04,pending,web,,32.18,1
51983,10800,2025-03-16,shipped,store,2025-03-23,203.2,5
51984,10801,2025-07-14,shipped,web,2025-07-20,608.08,6
51985,10801,2022-09-01,shipped,mobile,2022-09-02,343.04,5
51986,10801,2024-01-06,shipped,web,2024-01-10,248.99,3
51987,10801,2025-02-08,shipped,web,2025-02-09,356.21,6
51988,10802,2024-03-29,shipped,mobile,2024-04-03,246.88,1
51989,10802,2023-03-02,shipped,mobile,2023-03-09,184.61,3
51990,10802,2025-06-26,refunded,web,2025-06-27,477.54,6
51991,10802,2025-03-31,shipped,web,2025-04-04,37.62,1
51992,10802,2025-08-03,shipped,web,2025-08-07,16.94,1
51993,10802,2025-08-04,shipped,web,2025-08-12,158.4,2
51994,10803,2025-05-25,pending,mobile,,355.1,6
51995,10803,2023-01-01,shipped,mobile,2023-01-02,120.93,1
51996,10803,2023-11-24,cancelled,web,,15.74,1
51997,10804,2024-03-22,shipped,web,2024-03-23,239.74,4
51998,10804,2025-08-18,shipped,mobile,2025-08-19,197.5,5
51999,10804,2024-03-10,shipped,mobile,2024-03-17,96.18,2
52000,10806,2024-05-05,shipped,web,2024-05-11,355.82,5
52001,10806,2023-07-24,shipped,web,2023-07-27,303.45,3
52002,10806,2023-08-15,cancelled,mobile,,28.5,1
52003,10806,2025-03-01,shipped,web,2025-03-06,262.09,5
52004,10806,2023-08-12,refunded,web,2023-08-15,155.97,4
52005,10806,2025-02-06,shipped,store,2025-02-10,184.34,4
52006,10807,2025-02-10,shipped,web,2025-02-14,275.21,5
52007,10808,2024-12-27,shipped,web,2024-12-30,213.89,3
52008,10810,2023-07-01,shipped,mobile,2023-07-02,56.2,2
52009,10810,2022-05-07,shipped,mobile,2022-05-09,64.65,2
52010,10811,2024-05-23,shipped,mobile,2024-05-28,330.21,6
52011,10811,2025-08-10,shipped,store,2025-08-11,560.32,5
52012,10811,2023-12-08,pending,web,,199.28,6
52013,10811,2024-07-24,shipped,store,2024-07-29,593.43,4
52014,10811,2023-11-01,shipped,web,2023-11-09,59.96,2
52015,10811,2025-06-27,shipped,web,2025-07-01,319.36,6
52016,10811,2024-03-31,shipped,web,2024-04-06,1027.09,6
52017,10811,2024-12-23,shipped,web,2024-12-26,305.43,4
52018,10811,2024-10-14,pending,mobile,,180.39,4
52019,10811,2024-09-22,shipped,mobile,2024-09-29,381.59,2
52020,10813,2025-07-09,shipped,store,2025-07-10,272.3,6
52021,10814,2024-09-10,refunded,mobile,2024-09-14,74.93,2
52022,10814,2024-11-18,refunded,store,2024-11-25,118.64,4
52023,10814,2025-08-13,shipped,web,2025-08-17,424.15,5
52024,10814,2024-10-02,shipped,web,2024-10-05,64.56,1
52025,10814,2025-08-02,shipped,web,2025-08-04,308.96,5
52026,10815,2023-02-02,refunded,web,2023-02-03,100.1,4
52027,10816,2024-11-12,shipped,web,2024-11-14,82.82,3
52028,10816,2024-12-09,shipped,web,2024-12-13,108.79,3
52029,10817,2023-06-24,shipped,web,2023-07-02,245.6,1
52030,10818,2024-11-18,cancelled,web,,410.8,6
52031,10818,2025-05-26,shipped,store,2025-06-01,555.99,6
52032,10818,2024-01-16,shipped,store,2024-01-24,200.96,2
52033,10818,2025-04-28,shipped,mobile,2025-04-30,465.46,6
52034,10818,2024-08-31,shipped,mobile,2024-09-07,91.63,2
52035,10819,2025-07-09,shipped,mobile,2025-07-15,112.04,3
52036,10819,2024-09-28,shipped,web,2024-09-29,372.65,6
52037,10819,2024-08-31,shipped,web,2024-09-02,415.2,6
52038,10819,2024-04-17,pending,web,,138.38,2
52039,10820,2025-03-30,shipped,store,2025-04-05,91.35,2
52040,10820,2025-05-01,shipped,web,2025-05-08,204.01,4
52041,10820,2024-10-17,shipped,web,2024-10-24,463.89,6
52042,10821,2024-11-27,pending,mobile,,147.96,2
52043,10823,2024-07-25,shipped,web,2024-07-26,547.97,3
52044,10824,2025-05-20,shipped,mobile,2025-05-28,6.43,1
52045,10824,2025-08-24,shipped,web,2025-08-28,198.66,3
52046,10824,2025-08-10,pending,store,,191.06,5
52047,10825,2025-03-31,pending,mobile,,62.14,1
52048,10825,2025-08-29,shipped,web,2025-08-31,397.01,6
52049,10826,2022-08-10,shipped,web,2022-08-14,283.04,3
52050,10827,2023-10-09,shipped,mobile,2023-10-11,106.4,1
52051,10828,2024-12-23,pending,mobile,,407.89,6
52052,10828,2024-12-22,shipped,web,2024-12-23,61.07,2
52053,10829,2025-04-19,shipped,mobile,2025-04-27,121.85,3
52054,10830,2024-11-21,shipped,web,2024-11-26,13.65,1
52055,10831,2024-12-24,shipped,web,2024-12-26,516.18,3
52056,10832,2023-10-12,cancelled,mobile,,181.18,5
52057,10832,2023-07-11,shipped,web,2023-07-12,91.64,2
52058,10834,2025-02-02,shipped,mobile,2025-02-07,106.18,3
52059,10834,2024-02-03,refunded,web,2024-02-09,20.85,1
52060,10834,2025-07-24,shipped,store,2025-07-28,108.52,2
52061,10834,2025-04-29,shipped,mobile,2025-05-07,690.76,6
52062,10834,2024-06-22,shipped,mobile,2024-06-26,114.56,4
52063,10835,2025-08-01,shipped,mobile,2025-08-07,361.18,5
52064,10836,2023-08-26,pending,web,,29.27,1
52065,10836,2022-07-21,shipped,store,2022-07-22,89.33,3
52066,10836,2022-12-12,shipped,web,2022-12-17,407.71,4
52067,10836,2023-11-30,refunded,store,2023-12-03,148.3,3
52068,10837,2024-11-08,shipped,web,2024-11-12,94.45,1
52069,10837,2024-11-19,shipped,mobile,2024-11-20,93.72,1
52070,10838,2025-07-29,shipped,mobile,2025-08-01,14.46,2
52071,10840,2025-08-15,shipped,store,2025-08-18,34.6,1
52072,10840,2025-08-24,pending,web,,286.72,6
52073,10840,2025-06-29,shipped,web,2025-07-04,247.21,4
52074,10841,2024-09-20,shipped,web,2024-09-26,235.2,4
52075,10841,2025-06-29,shipped,store,2025-06-30,77.93,3
52076,10841,2024-11-02,shipped,web,2024-11-05,287.94,4
52077,10842,2025-04-30,shipped,web,2025-05-03,124.97,2
52078,10842,2025-03-04,shipped,store,2025-03-10,25.42,1
52079,10842,2025-07-04,pending,web,,207.97,6
52080,10843,2024-05-10,shipped,store,2024-05-11,124.38,1
52081,10843,2022-10-20,pending,mobile,,205.65,3
52082,10843,2023-04-13,shipped,mobile,2023-04-21,170.27,3
52083,10843,2021-12-07,shipped,mobile,2021-12-10,324.12,5
52084,10845,2022-10-31,shipped,web,2022-11-07,405.28,6
52085,10845,2022-11-09,refunded,web,2022-11-15,93.14,2
52086,10845,2023-04-09,shipped,web,2023-04-10,458.1,5
52087,10846,2025-01-21,shipped,mobile,2025-01-24,385.65,5
52088,10848,2024-08-28,shipped,web,2024-08-31,39.74,2
52089,10848,2025-08-01,shipped,mobile,2025-08-03,150.04,2
52090,10849,2024-10-16,cancelled,store,,359.19,5
52091,10849,2025-02-22,shipped,store,2025-02-23,41.06,3
52092,10849,2023-12-23,shipped,web,2023-12-29,358.48,4
52093,10850,2025-03-02,shipped,web,2025-03-10,196.5,3
52094,10851,2024-09-14,shipped,web,2024-09-22,47.88,1
52095,10851,2025-02-27,shipped,mobile,2025-03-05,228.43,3
52096,10851,2023-09-14,shipped,mobile,2023-09-21,472.73,4
52097,10852,2025-01-10,shipped,mobile,2025-01-17,200.55,3
52098,10852,2024-06-19,shipped,web,2024-06-25,64.81,2
52099,10852,2025-01-13,shipped,web,2025-01-17,50.6,3
52100,10852,2024-02-10,shipped,mobile,2024-02-18,56.59,1
52101,10852,2024-07-09,refunded,mobile,2024-07-16,399.55,6
52102,10852,2025-02-26,shipped,web,2025-03-01,536.45,6
52103,10852,2024-07-08,shipped,mobile,2024-07-11,26.41,2
52104,10853,2023-11-29,shipped,mobile,2023-12-02,69.4,1
52105,10853,2024-10-24,shipped,mobile,2024-10-29,60.1,1
52106,10853,2023-06-18,shipped,web,2023-06-20,37.88,1
52107,10854,2024-07-12,shipped,web,2024-07-17,235.3,4
52108,10854,2024-12-01,shipped,mobile,2024-12-09,292.73,4
52109,10854,2025-05-26,pending,web,,97.28,2
52110,10854,2024-11-22,shipped,mobile,2024-11-29,122.62,3
52111,10855,2025-06-23,pending,store,,148.56,2
52112,10855,2025-06-03,pending,mobile,,309.54,4
52113,10855,2025-04-09,shipped,mobile,2025-04-15,562.53,6
52114,10855,2025-03-09,cancelled,web,,410.44,6
52115,10856,2024-01-23,shipped,mobile,2024-01-30,313.76,6
52116,10856,2023-11-08,pending,web,,38.43,1
52117,10858,2024-10-24,pending,web,,109.89,3
52118,10858,2023-05-28,shipped,web,2023-06-02,151.28,1
52119,10858,2023-09-28,shipped,web,2023-09-30,56.88,2
52120,10858,2025-01-02,shipped,web,2025-01-10,215.12,4
52121,10860,2024-03-26,shipped,mobile,2024-03-31,212.26,2
52122,10861,2025-03-17,refunded,web,2025-03-19,44.54,1
52123,10862,2025-04-11,pending,store,,247.14,4
52124,10862,2025-04-10,refunded,mobile,2025-04-18,40.67,2
52125,10862,2025-03-31,pending,mobile,,50.62,2
52126,10862,2025-08-07,refunded,store,2025-08-12,178.2,4
52127,10863,2025-02-12,cancelled,web,,429.46,5
52128,10863,2025-02-03,pending,mobile,,464.45,6
52129,10863,2024-10-26,pending,mobile,,234.6,3
52130,10863,2025-08-11,shipped,mobile,2025-08-15,277.29,4
52131,10864,2024-08-25,shipped,mobile,2024-08-26,90.88,2
52132,10865,2023-08-13,shipped,web,2023-08-16,541.88,4
52133,10865,2023-11-11,cancelled,mobile,,558.48,6
52134,10865,2022-10-13,shipped,mobile,2022-10-20,297.1,3
52135,10865,2025-02-15,shipped,mobile,2025-02-20,73.1,1
52136,10866,2025-06-05,shipped,mobile,2025-06-07,101.54,3
52137,10866,2025-01-04,shipped,mobile,2025-01-12,536.25,5
52138,10866,2025-03-29,shipped,web,2025-03-31,509.99,5
52139,10866,2025-03-01,shipped,web,2025-03-07,498.55,6
52140,10866,2025-08-29,pending,mobile,,50.34,1
52141,10866,2025-06-27,shipped,store,2025-07-01,410.68,2
52142,10866,2025-07-18,shipped,mobile,2025-07-22,330.54,3
52143,10868,2023-11-26,pending,mobile,,379.46,4
52144,10868,2024-09-25,shipped,web,2024-09-27,562.95,6
52145,10868,2024-07-23,shipped,web,2024-07-31,191.39,6
52146,10869,2025-02-24,shipped,mobile,2025-03-01,244.98,2
52147,10869,2023-03-06,shipped,mobile,2023-03-07,34.89,1
52148,10869,2024-04-06,shipped,store,2024-04-11,193.08,3
52149,10870,2025-04-23,shipped,mobile,2025-04-27,177.96,2
52150,10871,2024-05-10,shipped,web,2024-05-15,77.07,3
52151,10871,2024-11-20,shipped,web,2024-11-26,220.65,6
52152,10872,2023-09-10,shipped,web,2023-09-15,268.86,3
52153,10872,2022-10-22,shipped,mobile,2022-10-25,135.12,2
52154,10873,2023-08-27,pending,mobile,,138.22,2
52155,10873,2023-07-11,shipped,mobile,2023-07-13,114.38,2
52156,10873,2023-11-18,cancelled,mobile,,104.46,2
52157,10873,2023-09-10,shipped,web,2023-09-12,274.1,3
52158,10874,2025-06-16,shipped,mobile,2025-06-19,468.86,4
52159,10874,2025-06-19,pending,mobile,,46.28,1
52160,10874,2025-01-09,shipped,mobile,2025-01-16,376.88,5
52161,10874,2025-03-18,shipped,web,2025-03-22,319.62,4
52162,10874,2025-07-20,cancelled,web,,199.45,4
52163,10875,2024-07-28,shipped,web,2024-08-01,128.84,3
52164,10876,2025-08-31,refunded,web,2025-09-06,281.98,3
52165,10876,2023-11-03,shipped,web,2023-11-10,405.32,6
52166,10876,2025-08-04,shipped,web,2025-08-11,237.3,5
52167,10877,2025-06-20,shipped,mobile,2025-06-24,336.02,6
52168,10877,2022-09-13,shipped,web,2022-09-16,399.68,6
52169,10878,2023-01-17,pending,web,,99.9,1
52170,10878,2024-02-27,shipped,mobile,2024-03-03,284.83,4
52171,10878,2025-05-28,shipped,mobile,2025-06-04,195.12,2
52172,10879,2023-10-13,shipped,mobile,2023-10-20,361.85,6
52173,10879,2024-05-18,shipped,web,2024-05-19,449.88,6
52174,10879,2024-01-28,shipped,store,2024-02-05,141.01,3
52175,10879,2024-06-05,shipped,web,2024-06-07,330.28,4
52176,10879,2024-10-05,shipped,web,2024-10-08,239.11,5
52177,10879,2025-04-20,shipped,web,2025-04-22,416.52,5
52178,10879,2025-03-20,shipped,mobile,2025-03-28,96.95,2
52179,10879,2025-04-07,shipped,mobile,2025-04-09,21.47,1
52180,10881,2024-10-02,shipped,mobile,2024-10-03,136.26,2
52181,10881,2024-04-07,shipped,web,2024-04-15,228.12,1
52182,10881,2024-02-28,shipped,web,2024-03-02,46.58,1
52183,10881,2025-04-06,shipped,store,2025-04-13,260.61,5
52184,10881,2024-05-09,refunded,web,2024-05-17,397.87,5
52185,10881,2025-02-25,shipped,web,2025-02-27,354.37,6
52186,10881,2024-07-29,pending,web,,37.92,2
52187,10882,2023-01-04,shipped,mobile,2023-01-11,532.56,3
52188,10882,2024-07-30,shipped,web,2024-08-01,360.08,4
52189,10883,2025-03-28,shipped,web,2025-04-02,53.42,2
52190,10884,2025-03-22,shipped,web,2025-03-28,7.64,1
52191,10884,2025-03-11,shipped,web,2025-03-15,448.55,4
52192,10884,2023-07-07,shipped,web,2023-07-09,354.82,5
52193,10884,2024-04-13,shipped,mobile,2024-04-21,147.93,4
52194,10885,2024-07-07,shipped,web,2024-07-11,30.45,1
52195,10885,2022-10-23,shipped,mobile,2022-10-29,940.67,4
52196,10885,2023-02-15,shipped,web,2023-02-17,810.12,6
52197,10885,2024-07-11,shipped,mobile,2024-07-17,272.9,3
52198,10885,2024-02-24,pending,mobile,,303.88,5
52199,10886,2025-07-11,shipped,mobile,2025-07-16,223.48,2
52200,10886,2025-05-16,shipped,mobile,2025-05-24,69.24,4
52201,10886,2025-05-16,shipped,web,2025-05-22,322.75,4
52202,10886,2025-03-04,shipped,web,2025-03-12,247.45,5
52203,10886,2025-01-18,shipped,web,2025-01-22,372.34,4
52204,10886,2025-04-12,pending,web,,288.44,2
52205,10888,2025-06-12,shipped,web,2025-06-13,232.18,4
52206,10888,2025-07-25,shipped,mobile,2025-07-28,863.1,6
52207,10888,2025-07-06,shipped,web,2025-07-10,116.71,2
52208,10889,2025-03-20,shipped,web,2025-03-25,282.26,6
52209,10891,2024-12-30,shipped,web,2025-01-02,339.78,2
52210,10891,2024-08-06,refunded,mobile,2024-08-09,209.34,3
52211,10892,2024-05-20,shipped,web,2024-05-25,661.07,6
52212,10892,2025-06-26,refunded,web,2025-07-04,217.16,3
52213,10895,2022-08-14,shipped,mobile,2022-08-19,340.69,4
52214,10895,2023-06-20,refunded,web,2023-06-26,32.48,1
52215,10895,2025-07-05,shipped,mobile,2025-07-09,368.84,6
52216,10895,2025-04-02,shipped,mobile,2025-04-04,589.78,3
52217,10895,2023-05-31,shipped,mobile,2023-06-06,289.52,4
52218,10895,2024-12-28,pending,store,,40.62,1
52219,10896,2025-06-05,shipped,web,2025-06-10,155.27,3
52220,10896,2025-04-26,shipped,web,2025-05-03,541.22,4
52221,10896,2025-07-18,shipped,store,2025-07-26,408.35,4
52222,10897,2024-08-12,shipped,mobile,2024-08-16,94.84,1
52223,10897,2025-06-21,shipped,web,2025-06-22,18.48,1
52224,10898,2022-10-19,pending,web,,150.77,3
52225,10899,2024-03-13,shipped,store,2024-03-17,373.29,5
52226,10899,2023-11-15,shipped,mobile,2023-11-22,481.27,5
52227,10899,2023-08-19,shipped,store,2023-08-22,221.27,5
52228,10899,2025-04-24,shipped,mobile,2025-04-30,445.68,2
52229,10899,2023-02-13,shipped,mobile,2023-02-19,344.59,6
52230,10899,2025-01-13,pending,mobile,,307.09,5
52231,10899,2024-02-02,shipped,web,2024-02-07,35.09,1
52232,10899,2025-06-21,pending,store,,112.48,1
52233,10899,2023-09-10,pending,mobile,,68.03,2
52234,10901,2024-05-15,refunded,mobile,2024-05-22,493.68,6
52235,10901,2024-07-26,shipped,web,2024-07-28,47.46,2
52236,10901,2022-11-27,shipped,mobile,2022-12-04,135.11,4
52237,10901,2025-06-15,shipped,store,2025-06-22,357.34,6
52238,10901,2022-03-16,shipped,web,2022-03-18,125.4,4
52239,10901,2023-07-20,shipped,store,2023-07-24,67.8,2
52240,10901,2025-05-31,cancelled,store,,95.06,2
52241,10902,2023-01-30,pending,mobile,,76.41,2
52242,10903,2024-04-24,shipped,web,2024-05-02,595.02,6
52243,10903,2024-02-24,shipped,mobile,2024-02-26,114.77,4
52244,10904,2025-08-03,pending,web,,527.63,5
52245,10904,2024-02-27,shipped,mobile,2024-03-06,120.14,2
52246,10904,2023-12-23,shipped,web,2023-12-25,99.0,1
52247,10904,2024-06-28,refunded,mobile,2024-07-03,153.34,2
52248,10904,2024-03-26,pending,mobile,,186.1,5
52249,10905,2024-11-03,pending,web,,210.24,1
52250,10907,2024-06-27,pending,web,,335.84,5
52251,10908,2023-06-13,shipped,mobile,2023-06-14,90.88,3
52252,10908,2024-12-20,shipped,web,2024-12-21,192.57,4
52253,10908,2025-06-08,shipped,web,2025-06-10,738.42,6
52254,10908,2025-08-04,cancelled,mobile,,110.08,4
52255,10908,2025-06-19,shipped,mobile,2025-06-23,213.38,5
52256,10908,2025-05-16,shipped,store,2025-05-23,333.62,3
52257,10908,2024-01-25,pending,web,,476.52,2
52258,10908,2025-05-10,shipped,web,2025-05-15,64.75,2
52259,10909,2024-09-28,shipped,web,2024-10-02,149.48,2
52260,10909,2024-07-21,pending,store,,118.53,1
52261,10909,2024-07-21,shipped,web,2024-07-28,460.23,6
52262,10910,2025-07-13,shipped,mobile,2025-07-20,250.59,4
52263,10910,2023-06-20,shipped,web,2023-06-26,162.29,5
52264,10910,2023-09-03,shipped,web,2023-09-07,650.7,4
52265,10910,2025-04-06,shipped,mobile,2025-04-09,352.55,4
52266,10911,2025-05-24,shipped,store,2025-06-01,257.73,5
52267,10912,2025-07-17,shipped,web,2025-07-24,204.04,2
52268,10913,2025-04-30,pending,store,,243.69,5
52269,10913,2025-05-11,shipped,web,2025-05-17,782.03,6
52270,10913,2025-03-25,refunded,store,2025-04-02,123.99,1
52271,10914,2023-07-21,refunded,mobile,2023-07-22,443.6,4
52272,10914,2023-09-13,shipped,web,2023-09-16,92.93,2
52273,10914,2024-04-19,shipped,web,2024-04-21,118.95,2
52274,10915,2024-11-09,shipped,mobile,2024-11-13,129.76,1
52275,10915,2022-04-28,pending,web,,86.78,2
52276,10916,2023-10-17,refunded,store,2023-10-25,248.02,4
52277,10916,2024-05-02,shipped,web,2024-05-03,275.64,2
52278,10918,2024-11-03,shipped,mobile,2024-11-11,304.12,4
52279,10918,2025-07-21,shipped,mobile,2025-07-26,185.53,4
52280,10919,2025-08-09,shipped,mobile,2025-08-10,328.11,5
52281,10919,2025-08-06,shipped,web,2025-08-07,122.44,3
52282,10919,2024-10-21,shipped,web,2024-10-29,372.11,5
52283,10919,2024-02-12,pending,store,,242.82,5
52284,10921,2025-03-20,refunded,mobile,2025-03-24,183.49,3
52285,10922,2025-01-23,shipped,mobile,2025-01-27,386.08,5
52286,10922,2024-03-17,shipped,web,2024-03-21,121.23,4
52287,10922,2024-04-08,shipped,web,2024-04-09,51.17,2
52288,10922,2025-07-29,shipped,mobile,2025-07-31,169.8,5
52289,10923,2023-03-18,pending,mobile,,759.12,5
52290,10924,2022-11-03,shipped,web,2022-11-04,368.66,6
52291,10925,2025-05-05,shipped,mobile,2025-05-13,242.38,5
52292,10925,2023-06-19,shipped,web,2023-06-27,264.67,5
52293,10925,2024-09-12,refunded,mobile,2024-09-17,270.84,4
52294,10925,2023-08-30,shipped,web,2023-09-03,45.56,1
52295,10925,2025-07-22,shipped,web,2025-07-24,97.91,2
52296,10925,2023-12-30,shipped,web,2024-01-06,193.0,6
52297,10925,2023-04-30,shipped,store,2023-05-03,15.19,1
52298,10925,2025-03-16,shipped,mobile,2025-03-17,157.92,3
52299,10925,2024-04-23,pending,store,,541.94,6
52300,10927,2024-06-14,shipped,web,2024-06-22,160.96,5
52301,10928,2025-02-26,shipped,web,2025-03-06,1038.15,6
52302,10928,2025-07-24,shipped,web,2025-07-25,42.88,1
52303,10928,2025-03-03,shipped,store,2025-03-05,210.3,4
52304,10928,2025-01-11,pending,web,,189.45,2
52305,10929,2025-04-22,pending,mobile,,397.61,5
52306,10929,2025-06-10,shipped,web,2025-06-15,268.55,6
52307,10929,2025-03-18,shipped,mobile,2025-03-23,122.8,1
52308,10929,2025-05-19,shipped,web,2025-05-21,354.1,4
52309,10929,2025-05-22,cancelled,store,,394.81,4
52310,10930,2024-10-15,shipped,mobile,2024-10-18,32.4,1
52311,10930,2024-09-04,pending,mobile,,166.05,2
52312,10931,2025-06-02,shipped,web,2025-06-10,28.92,2
52313,10931,2025-08-26,shipped,mobile,2025-09-02,203.71,4
52314,10931,2025-03-22,shipped,mobile,2025-03-29,188.85,3
52315,10931,2025-03-07,shipped,store,2025-03-12,20.48,1
52316,10932,2025-07-03,shipped,mobile,2025-07-10,264.04,1
52317,10932,2025-05-17,shipped,mobile,2025-05-21,23.85,1
52318,10932,2025-02-21,shipped,mobile,2025-03-01,90.38,2
52319,10933,2022-11-28,shipped,mobile,2022-12-03,444.96,6
52320,10933,2024-08-02,shipped,web,2024-08-09,209.2,4
52321,10934,2025-04-17,shipped,web,2025-04-22,384.04,4
52322,10934,2024-10-01,shipped,mobile,2024-10-03,93.54,3
52323,10934,2024-03-31,shipped,mobile,2024-04-07,226.31,3
52324,10935,2025-08-09,pending,web,,46.87,2
52325,10935,2025-07-20,shipped,web,2025-07-22,20.8,1
52326,10935,2025-08-21,refunded,web,2025-08-28,137.46,3
52327,10936,2025-03-16,shipped,web,2025-03-18,326.46,3
52328,10936,2025-01-18,shipped,web,2025-01-25,382.04,5
52329,10937,2022-06-20,shipped,mobile,2022-06-21,177.02,3
52330,10937,2023-04-26,shipped,web,2023-04-28,261.13,2
52331,10938,2025-07-01,shipped,web,2025-07-09,35.11,2
52332,10938,2024-06-07,pending,web,,40.58,1
52333,10938,2025-01-24,refunded,web,2025-01-28,586.42,5
52334,10938,2025-02-02,shipped,web,2025-02-03,237.06,5
52335,10938,2024-03-13,shipped,web,2024-03-21,242.85,5
52336,10938,2025-01-11,shipped,mobile,2025-01-14,37.0,1
52337,10938,2023-08-03,shipped,mobile,2023-08-11,181.86,3
52338,10938,2025-05-22,shipped,web,2025-05-26,391.05,5
52339,10938,2024-03-01,shipped,web,2024-03-02,197.8,1
52340,10939,2023-11-04,shipped,mobile,2023-11-09,309.24,5
52341,10939,2023-08-31,shipped,web,2023-09-05,167.6,1
52342,10939,2025-06-13,shipped,mobile,2025-06-21,182.35,2
52343,10939,2022-07-04,shipped,web,2022-07-08,20.99,1
52344,10940,2025-02-01,shipped,mobile,2025-02-07,343.06,4
52345,10941,2024-10-08,pending,web,,577.22,3
52346,10941,2024-11-15,shipped,web,2024-11-21,128.64,2
52347,10941,2024-09-10,shipped,web,2024-09-16,110.25,3
52348,10941,2025-05-17,shipped,web,2025-05-25,165.74,4
52349,10941,2025-07-06,shipped,store,2025-07-12,40.72,1
52350,10942,2025-07-10,shipped,web,2025-07-11,98.36,2
52351,10943,2025-02-09,shipped,web,2025-02-13,178.86,6
52352,10944,2025-08-01,shipped,web,2025-08-07,254.42,6
52353,10944,2024-09-30,pending,mobile,,216.34,4
52354,10944,2024-07-30,shipped,web,2024-08-01,24.32,1
52355,10944,2023-03-19,shipped,web,2023-03-25,256.96,4
52356,10944,2024-06-29,shipped,web,2024-07-06,132.91,5
52357,10945,2025-07-25,refunded,web,2025-07-31,167.1,2
52358,10946,2024-10-25,shipped,web,2024-10-28,197.75,3
52359,10947,2025-03-11,shipped,mobile,2025-03-19,100.86,4
52360,10947,2025-05-05,shipped,mobile,2025-05-08,60.82,2
52361,10947,2025-02-12,pending,web,,246.85,3
52362,10948,2025-03-07,shipped,web,2025-03-13,496.53,6
52363,10948,2025-01-18,shipped,web,2025-01-25,362.68,6
52364,10948,2025-01-10,shipped,mobile,2025-01-16,317.53,4
52365,10949,2025-04-29,shipped,store,2025-04-30,168.02,4
52366,10949,2025-07-28,refunded,web,2025-08-05,270.58,2
52367,10949,2024-11-24,refunded,mobile,2024-11-27,187.05,3
52368,10949,2025-01-12,shipped,store,2025-01-17,19.2,1
52369,10949,2024-12-09,shipped,mobile,2024-12-16,94.71,2
52370,10949,2025-06-13,pending,web,,376.01,5
52371,10949,2025-06-24,cancelled,web,,698.71,5
52372,10950,2025-07-20,shipped,web,2025-07-25,119.49,2
52373,10950,2025-05-11,shipped,web,2025-05-14,86.46,3
52374,10950,2025-06-05,shipped,web,2025-06-12,329.35,3
52375,10950,2025-03-04,cancelled,web,,312.73,3
52376,10951,2025-04-17,shipped,mobile,2025-04-19,32.12,2
52377,10952,2023-09-07,pending,web,,321.25,6
52378,10952,2025-06-03,shipped,web,2025-06-06,242.75,5
52379,10955,2024-09-25,shipped,store,2024-09-29,393.23,5
52380,10955,2024-06-23,shipped,mobile,2024-06-27,291.15,5
52381,10956,2023-03-17,shipped,web,2023-03-24,10.95,1
52382,10956,2024-05-26,shipped,web,2024-06-02,41.76,1
52383,10957,2025-07-17,pending,mobile,,332.07,6
52384,10957,2025-07-17,shipped,mobile,2025-07-24,267.02,4
52385,10957,2024-06-09,shipped,web,2024-06-12,16.47,1
52386,10957,2024-08-03,shipped,mobile,2024-08-05,7.45,1
52387,10958,2025-08-14,pending,mobile,,455.43,6
52388,10958,2025-07-28,pending,web,,66.72,2
52389,10958,2025-07-18,shipped,mobile,2025-07-19,272.6,5
52390,10958,2025-08-16,shipped,mobile,2025-08-19,187.47,4
52391,10958,2025-07-24,shipped,store,2025-07-29,409.52,6
52392,10959,2025-08-02,shipped,web,2025-08-08,89.53,3
52393,10959,2025-07-14,shipped,mobile,2025-07-21,480.07,6
52394,10959,2025-08-31,pending,web,,468.74,4
52395,10959,2025-07-19,shipped,web,2025-07-23,609.57,6
52396,10959,2025-07-01,shipped,web,2025-07-05,413.65,3
52397,10959,2025-07-26,shipped,store,2025-07-28,121.44,4
52398,10960,2023-12-20,shipped,mobile,2023-12-27,548.41,5
52399,10961,2025-07-17,pending,mobile,,247.47,2
52400,10961,2025-08-11,shipped,web,2025-08-15,52.7,1
52401,10961,2025-08-30,shipped,mobile,2025-08-31,68.0,1
52402,10961,2025-08-17,shipped,mobile,2025-08-18,285.91,4
52403,10961,2025-08-01,shipped,mobile,2025-08-08,76.22,2
52404,10962,2025-06-01,shipped,web,2025-06-08,152.0,3
52405,10962,2025-04-04,refunded,mobile,2025-04-08,265.86,6
52406,10962,2024-07-31,cancelled,mobile,,111.88,2
52407,10962,2024-10-16,shipped,web,2024-10-20,327.25,4
52408,10962,2025-02-23,shipped,web,2025-02-28,44.02,2
52409,10962,2025-05-10,shipped,mobile,2025-05-13,34.08,1
52410,10962,2025-03-10,shipped,mobile,2025-03-12,48.75,1
52411,10962,2025-07-08,refunded,store,2025-07-10,143.01,3
52412,10963,2024-08-08,shipped,mobile,2024-08-09,90.0,3
52413,10963,2025-06-20,shipped,mobile,2025-06-27,58.55,3
52414,10964,2025-05-04,refunded,web,2025-05-09,440.54,6
52415,10965,2024-06-30,shipped,web,2024-07-05,22.3,1
52416,10965,2023-01-25,shipped,web,2023-01-30,23.09,1
52417,10966,2023-06-14,shipped,web,2023-06-20,730.7,5
52418,10966,2023-02-08,shipped,mobile,2023-02-14,100.71,3
52419,10966,2023-02-26,pending,mobile,,346.56,6
52420,10967,2024-02-12,shipped,store,2024-02-15,144.06,2
52421,10967,2023-09-26,shipped,mobile,2023-10-01,188.88,1
52422,10968,2023-06-07,shipped,web,2023-06-11,67.6,1
52423,10968,2023-04-28,shipped,web,2023-05-06,355.94,5
52424,10968,2024-07-28,pending,mobile,,14.21,1
52425,10969,2025-06-06,shipped,mobile,2025-06-08,350.95,6
52426,10969,2024-07-05,shipped,store,2024-07-06,232.66,4
52427,10969,2022-10-26,shipped,web,2022-10-27,201.14,3
52428,10970,2025-06-29,shipped,web,2025-07-04,102.34,2
52429,10971,2025-05-26,shipped,web,2025-05-30,181.79,2
52430,10971,2024-10-31,pending,web,,167.97,3
52431,10972,2024-04-04,shipped,web,2024-04-10,342.75,3
52432,10973,2023-10-22,shipped,web,2023-10-25,292.5,4
52433,10973,2023-08-10,shipped,web,2023-08-17,151.6,3
52434,10974,2023-06-03,shipped,web,2023-06-10,255.19,5
52435,10974,2024-09-27,shipped,web,2024-09-28,111.3,1
52436,10975,2024-11-07,cancelled,store,,56.76,2
52437,10976,2025-07-13,shipped,web,2025-07-14,389.22,4
52438,10976,2025-03-28,shipped,mobile,2025-04-03,67.5,1
52439,10976,2025-03-15,shipped,mobile,2025-03-17,124.23,3
52440,10976,2025-04-14,shipped,mobile,2025-04-22,147.17,3
52441,10978,2025-03-27,shipped,mobile,2025-04-04,267.34,2
52442,10978,2024-01-25,shipped,mobile,2024-01-28,238.33,5
52443,10978,2024-05-05,shipped,mobile,2024-05-12,187.4,4
52444,10979,2024-02-25,shipped,mobile,2024-03-03,560.13,6
52445,10979,2025-01-19,refunded,store,2025-01-24,154.76,3
52446,10979,2024-01-13,shipped,mobile,2024-01-19,234.51,6
52447,10980,2025-03-17,shipped,store,2025-03-23,256.02,6
52448,10980,2025-04-28,shipped,web,2025-04-29,100.53,4
52449,10980,2025-06-22,shipped,mobile,2025-06-25,418.0,3
52450,10980,2025-02-28,shipped,mobile,2025-03-07,148.15,6
52451,10981,2023-06-26,shipped,web,2023-07-02,255.23,6
52452,10981,2024-06-26,shipped,web,2024-07-03,359.4,4
52453,10982,2023-01-08,pending,web,,640.63,6
52454,10982,2023-08-21,shipped,store,2023-08-28,251.88,5
52455,10982,2025-02-19,shipped,mobile,2025-02-21,318.3,4
52456,10982,2024-08-05,shipped,mobile,2024-08-07,62.88,2
52457,10983,2023-03-08,refunded,store,2023-03-13,161.24,1
52458,10983,2023-04-26,shipped,mobile,2023-05-01,213.64,3
52459,10983,2023-10-27,refunded,web,2023-10-28,187.3,6
52460,10983,2023-03-11,shipped,web,2023-03-17,89.79,2
52461,10983,2025-07-09,shipped,mobile,2025-07-14,581.75,6
52462,10985,2023-11-16,pending,mobile,,353.44,6
52463,10985,2024-04-10,shipped,web,2024-04-13,95.91,2
52464,10985,2023-12-20,shipped,store,2023-12-24,488.76,4
52465,10985,2024-02-24,shipped,mobile,2024-02-29,24.98,1
52466,10985,2024-02-27,shipped,mobile,2024-03-01,350.96,6
52467,10986,2025-08-17,shipped,mobile,2025-08-25,625.99,6
52468,10986,2025-08-23,shipped,web,2025-08-31,170.73,3
52469,10987,2023-12-27,shipped,mobile,2024-01-01,144.83,6
52470,10987,2025-02-17,shipped,store,2025-02-25,312.2,5
52471,10987,2024-02-22,shipped,mobile,2024-02-28,98.95,3
52472,10987,2023-09-08,shipped,web,2023-09-12,225.76,5
52473,10988,2024-07-10,shipped,web,2024-07-11,242.8,6
52474,10988,2025-07-29,refunded,mobile,2025-07-30,79.33,2
52475,10989,2025-02-10,shipped,web,2025-02-16,299.02,6
52476,10990,2025-08-29,shipped,web,2025-08-31,414.95,6
52477,10991,2023-12-08,pending,web,,106.41,2
52478,10991,2023-09-22,shipped,web,2023-09-29,108.09,4
52479,10991,2024-07-18,pending,web,,42.92,1
52480,10991,2025-02-05,shipped,web,2025-02-10,218.46,4
52481,10992,2024-01-24,shipped,web,2024-01-25,32.02,1
52482,10992,2024-06-28,shipped,mobile,2024-07-03,277.38,3
52483,10993,2024-12-24,shipped,web,2024-12-27,182.67,4
52484,10994,2024-06-28,shipped,web,2024-07-01,64.14,1
52485,10994,2025-08-10,pending,store,,285.77,4
52486,10994,2025-03-30,shipped,web,2025-04-04,243.74,3
52487,10994,2024-09-14,shipped,mobile,2024-09-20,263.17,3
52488,10994,2025-01-16,shipped,mobile,2025-01-23,449.55,5
52489,10995,2025-01-05,pending,mobile,,166.59,3
52490,10995,2024-10-10,shipped,web,2024-10-13,687.94,6
52491,10996,2023-04-02,shipped,web,2023-04-05,399.5,4
52492,10997,2024-10-22,shipped,web,2024-10-23,637.05,4
52493,10997,2024-09-21,shipped,mobile,2024-09-29,215.84,5
52494,10997,2024-10-30,shipped,mobile,2024-11-01,403.02,6
52495,10997,2025-04-05,shipped,store,2025-04-07,596.67,3
52496,10999,2022-03-01,shipped,web,2022-03-08,202.63,5
52497,10999,2023-03-18,shipped,web,2023-03-19,404.8,3
52498,10999,2025-03-25,refunded,web,2025-03-29,244.45,3
52499,11000,2024-12-23,shipped,store,2024-12-29,157.67,5
52500,11000,2025-08-22,shipped,mobile,2025-08-27,494.0,6
52501,11000,2025-06-24,shipped,mobile,2025-06-26,151.3,2
52502,11000,2025-06-07,shipped,web,2025-06-14,258.06,4
52503,11001,2025-03-26,shipped,web,2025-04-01,26.56,2
52504,11001,2025-02-27,shipped,web,2025-03-03,397.47,6
52505,11001,2025-07-29,shipped,web,2025-08-06,111.23,4
52506,11001,2025-05-07,cancelled,web,,164.04,1
52507,11002,2024-09-30,shipped,web,2024-10-05,558.99,4
52508,11003,2025-06-22,shipped,mobile,2025-06-30,12.24,1
52509,11003,2025-07-01,shipped,mobile,2025-07-03,172.76,3
52510,11004,2024-11-10,shipped,web,2024-11-12,291.29,4
52511,11005,2025-05-23,shipped,web,2025-05-28,436.62,3
52512,11006,2024-07-11,pending,store,,232.26,4
52513,11006,2023-04-22,shipped,web,2023-04-26,273.66,2
52514,11006,2023-02-26,shipped,mobile,2023-03-04,250.3,2
52515,11006,2023-10-27,shipped,store,2023-11-01,536.35,6
52516,11008,2025-03-11,shipped,web,2025-03-19,422.21,4
52517,11009,2024-02-20,shipped,web,2024-02-22,98.12,2
52518,11009,2024-04-12,shipped,mobile,2024-04-15,195.24,4
52519,11010,2023-12-04,shipped,mobile,2023-12-08,12.92,1
52520,11010,2024-02-23,shipped,web,2024-03-01,422.15,5
52521,11010,2025-01-16,shipped,mobile,2025-01-20,336.66,5
52522,11010,2021-12-23,pending,mobile,,39.94,1
52523,11011,2025-06-17,shipped,web,2025-06-23,437.1,2
52524,11012,2025-07-03,pending,web,,430.1,6
52525,11012,2023-08-10,shipped,web,2023-08-12,225.14,3
52526,11012,2022-06-24,pending,web,,275.99,5
52527,11012,2024-04-30,shipped,store,2024-05-06,73.68,1
52528,11013,2024-02-09,shipped,web,2024-02-16,283.44,3
52529,11013,2023-09-13,refunded,mobile,2023-09-16,95.15,3
52530,11014,2024-05-09,shipped,web,2024-05-10,73.67,3
52531,11014,2025-06-09,shipped,web,2025-06-15,63.87,1
52532,11015,2025-06-01,cancelled,mobile,,54.7,1
52533,11015,2025-08-05,shipped,web,2025-08-11,140.21,2
52534,11015,2025-05-05,shipped,web,2025-05-07,330.76,5
52535,11016,2025-06-16,shipped,web,2025-06-24,596.81,4
52536,11017,2025-07-22,refunded,store,2025-07-30,172.97,5
52537,11017,2025-06-23,shipped,web,2025-06-28,167.67,1
52538,11017,2024-09-11,refunded,mobile,2024-09-19,434.82,4
52539,11017,2024-12-06,shipped,web,2024-12-10,184.48,2
52540,11018,2023-12-14,shipped,web,2023-12-21,72.54,1
52541,11018,2025-03-05,shipped,web,2025-03-08,541.85,6
52542,11019,2024-06-06,pending,mobile,,343.32,4
52543,11019,2025-01-04,cancelled,mobile,,223.13,6
52544,11019,2024-05-18,shipped,mobile,2024-05-22,322.3,5
52545,11019,2024-02-13,refunded,web,2024-02-20,69.66,3
52546,11019,2025-02-15,shipped,mobile,2025-02-16,180.81,4
52547,11019,2025-06-29,pending,web,,258.34,4
52548,11020,2025-06-28,refunded,store,2025-07-05,136.62,5
52549,11020,2025-07-05,cancelled,web,,121.16,3
52550,11020,2025-07-03,shipped,store,2025-07-08,348.96,4
52551,11020,2025-07-20,refunded,mobile,2025-07-24,225.07,3
52552,11020,2025-07-17,refunded,web,2025-07-20,49.11,1
52553,11021,2024-07-24,pending,web,,95.66,2
52554,11021,2023-02-01,shipped,web,2023-02-02,187.1,5
52555,11021,2023-10-05,shipped,mobile,2023-10-09,242.18,2
52556,11021,2025-03-29,shipped,mobile,2025-04-02,182.62,4
52557,11022,2025-06-08,pending,mobile,,69.44,3
52558,11023,2024-12-21,shipped,mobile,2024-12-25,243.79,3
52559,11023,2022-10-25,shipped,mobile,2022-11-01,56.3,1
52560,11023,2023-09-30,shipped,web,2023-10-08,1168.25,4
52561,11023,2025-05-12,shipped,mobile,2025-05-16,112.04,3
52562,11023,2023-07-02,shipped,store,2023-07-09,779.64,5
52563,11023,2024-09-05,shipped,web,2024-09-07,302.13,3
52564,11024,2023-08-26,shipped,web,2023-08-30,407.45,5
52565,11025,2025-07-20,shipped,mobile,2025-07-21,22.69,1
52566,11025,2023-01-04,shipped,web,2023-01-06,154.23,1
52567,11025,2022-09-01,shipped,mobile,2022-09-09,341.06,5
52568,11026,2024-06-18,shipped,mobile,2024-06-20,73.72,1
52569,11026,2024-05-08,shipped,web,2024-05-15,242.33,5
52570,11027,2024-08-02,cancelled,mobile,,255.41,6
52571,11027,2023-04-09,pending,web,,417.77,6
52572,11027,2023-01-24,shipped,web,2023-01-30,260.73,5
52573,11027,2025-04-29,shipped,mobile,2025-05-02,30.37,1
52574,11027,2023-02-27,shipped,store,2023-03-03,231.2,3
52575,11029,2025-08-25,shipped,web,2025-08-30,303.73,5
52576,11029,2025-05-10,cancelled,web,,390.31,6
52577,11029,2025-05-16,shipped,store,2025-05-24,243.6,5
52578,11029,2025-08-31,shipped,web,2025-09-03,241.48,4
52579,11029,2025-05-27,shipped,mobile,2025-06-03,149.7,2
52580,11029,2025-06-07,shipped,store,2025-06-14,529.61,6
52581,11030,2022-08-11,cancelled,mobile,,219.79,4
52582,11031,2024-02-15,shipped,web,2024-02-18,301.3,6
52583,11031,2022-12-02,shipped,web,2022-12-09,242.8,3
52584,11031,2024-04-21,shipped,mobile,2024-04-24,165.85,6
52585,11031,2024-09-07,shipped,mobile,2024-09-08,469.34,5
52586,11031,2024-08-26,shipped,web,2024-08-29,231.36,2
52587,11032,2025-01-26,pending,mobile,,18.76,1
52588,11032,2025-05-12,shipped,web,2025-05-14,87.71,3
52589,11033,2025-08-03,shipped,web,2025-08-08,443.07,6
52590,11034,2025-06-11,shipped,web,2025-06-12,118.21,4
52591,11034,2022-02-23,pending,web,,154.69,4
52592,11034,2025-01-02,shipped,web,2025-01-10,12.46,1
52593,11034,2022-12-15,pending,web,,307.03,5
52594,11035,2023-12-30,refunded,mobile,2024-01-03,31.27,1
52595,11035,2023-04-07,shipped,web,2023-04-12,114.51,2
52596,11035,2025-04-25,shipped,web,2025-04-30,201.29,4
52597,11037,2024-05-20,shipped,mobile,2024-05-22,356.16,6
52598,11037,2024-04-06,shipped,mobile,2024-04-10,221.45,4
52599,11038,2025-08-04,shipped,web,2025-08-08,187.85,5
52600,11038,2025-04-28,shipped,mobile,2025-04-30,84.36,1
52601,11039,2024-01-17,shipped,web,2024-01-21,620.45,4
52602,11040,2024-10-11,refunded,mobile,2024-10-14,335.89,6
52603,11040,2024-06-15,shipped,store,2024-06-22,294.39,4
52604,11040,2025-03-29,shipped,store,2025-03-30,245.35,4
52605,11040,2024-06-02,pending,web,,557.58,6
52606,11040,2024-12-31,shipped,web,2025-01-03,524.87,5
52607,11040,2024-06-22,shipped,web,2024-06-23,351.48,4
52608,11041,2023-04-23,shipped,mobile,2023-04-29,262.2,2
52609,11041,2024-07-09,shipped,web,2024-07-17,176.28,4
52610,11041,2025-05-11,shipped,web,2025-05-13,89.5,2
52611,11042,2023-12-24,shipped,web,2023-12-27,104.5,2
52612,11042,2025-08-16,shipped,mobile,2025-08-17,230.97,4
52613,11042,2025-03-11,shipped,mobile,2025-03-12,177.87,1
52614,11042,2023-02-18,pending,mobile,,257.44,4
52615,11042,2025-07-30,shipped,mobile,2025-08-02,85.76,2
52616,11042,2024-03-30,shipped,mobile,2024-04-02,267.07,4
52617,11043,2025-01-20,pending,store,,299.88,5
52618,11043,2025-02-06,shipped,web,2025-02-09,162.61,2
52619,11045,2025-03-13,shipped,web,2025-03-18,161.7,2
52620,11045,2023-06-24,pending,web,,1092.47,4
52621,11046,2025-04-25,shipped,mobile,2025-04-29,65.99,2
52622,11047,2024-09-23,refunded,mobile,2024-09-29,227.03,6
52623,11049,2024-10-25,shipped,web,2024-11-02,285.44,4
52624,11049,2024-12-15,shipped,web,2024-12-23,69.94,2
52625,11049,2025-01-26,shipped,mobile,2025-01-31,30.57,1
52626,11049,2025-06-14,shipped,web,2025-06-18,143.78,2
52627,11050,2025-08-15,shipped,web,2025-08-21,117.8,2
52628,11051,2025-06-13,shipped,mobile,2025-06-20,513.98,6
52629,11052,2024-07-09,pending,web,,271.56,6
52630,11052,2025-06-23,refunded,mobile,2025-06-27,195.36,2
52631,11053,2024-11-01,shipped,web,2024-11-04,298.38,1
52632,11053,2022-11-21,shipped,web,2022-11-26,241.32,4
52633,11054,2024-09-06,shipped,mobile,2024-09-08,217.32,4
52634,11054,2023-10-28,pending,store,,216.09,3
52635,11054,2024-03-18,shipped,web,2024-03-25,509.04,4
52636,11054,2023-01-25,shipped,web,2023-02-02,32.88,1
52637,11054,2023-04-12,shipped,web,2023-04-14,32.08,2
52638,11054,2025-05-26,shipped,web,2025-06-01,217.12,3
52639,11054,2023-06-22,pending,mobile,,425.64,6
52640,11054,2024-06-15,shipped,mobile,2024-06-21,389.2,5
52641,11054,2024-07-16,shipped,web,2024-07-22,728.1,5
52642,11055,2025-06-25,shipped,mobile,2025-06-30,499.7,5
52643,11055,2025-05-08,refunded,web,2025-05-10,187.49,4
52644,11055,2025-07-23,pending,web,,170.4,2
52645,11055,2025-05-11,pending,web,,129.4,3
52646,11055,2025-07-30,shipped,mobile,2025-08-01,382.18,5
52647,11055,2025-01-21,shipped,mobile,2025-01-29,50.45,1
52648,11056,2023-05-14,shipped,web,2023-05-21,386.69,4
52649,11058,2024-02-09,pending,mobile,,215.33,4
52650,11058,2025-06-30,pending,web,,91.38,2
52651,11058,2023-11-17,shipped,mobile,2023-11-21,123.4,3
52652,11059,2023-01-19,shipped,web,2023-01-26,89.68,1
52653,11059,2025-02-17,shipped,web,2025-02-19,244.48,5
52654,11059,2024-06-26,shipped,mobile,2024-07-04,18.27,1
52655,11060,2025-08-29,shipped,web,2025-08-31,70.14,2
52656,11060,2025-04-17,shipped,store,2025-04-21,311.4,5
52657,11060,2025-05-19,shipped,store,2025-05-26,17.43,1
52658,11061,2024-12-25,shipped,mobile,2024-12-26,244.38,3
52659,11062,2023-09-18,cancelled,mobile,,278.36,3
52660,11062,2023-11-02,shipped,web,2023-11-04,52.84,2
52661,11064,2024-08-27,cancelled,web,,248.12,2
52662,11064,2023-07-03,shipped,web,2023-07-09,94.96,2
52663,11064,2025-07-19,shipped,mobile,2025-07-22,313.91,2
52664,11064,2024-11-25,pending,store,,69.09,1
52665,11064,2023-06-15,shipped,mobile,2023-06-16,214.47,5
52666,11065,2023-09-11,shipped,store,2023-09-19,526.84,6
52667,11065,2025-08-03,shipped,mobile,2025-08-06,55.96,1
52668,11065,2025-06-10,shipped,mobile,2025-06-14,116.08,3
52669,11065,2024-04-02,shipped,web,2024-04-09,133.19,4
52670,11065,2025-07-02,refunded,web,2025-07-04,464.97,6
52671,11065,2023-07-12,shipped,web,2023-07-15,93.4,2
52672,11065,2025-01-12,pending,web,,269.35,5
52673,11065,2024-05-05,shipped,mobile,2024-05-13,277.9,2
52674,11065,2024-04-25,shipped,web,2024-04-27,202.36,3
52675,11065,2023-03-07,shipped,web,2023-03-09,290.22,3
52676,11065,2024-11-05,cancelled,web,,180.72,4
52677,11065,2023-10-13,shipped,mobile,2023-10-14,139.6,1
52678,11066,2023-10-03,pending,web,,198.83,4
52679,11066,2024-11-18,shipped,store,2024-11-21,258.6,4
52680,11066,2023-04-20,shipped,web,2023-04-26,222.75,4
52681,11066,2023-08-18,refunded,mobile,2023-08-26,485.11,3
52682,11067,2024-09-27,shipped,web,2024-10-03,142.98,1
52683,11067,2024-04-28,shipped,mobile,2024-05-06,397.44,4
52684,11067,2025-05-21,shipped,store,2025-05-28,362.53,3
52685,11068,2025-03-18,shipped,mobile,2025-03-25,31.2,2
52686,11069,2025-06-27,shipped,web,2025-07-04,94.88,1
52687,11071,2025-06-22,shipped,mobile,2025-06-24,108.12,1
52688,11071,2025-06-08,shipped,web,2025-06-10,101.24,1
52689,11071,2025-07-01,shipped,mobile,2025-07-08,376.95,4
52690,11073,2025-07-04,shipped,web,2025-07-06,195.75,1
52691,11074,2023-10-09,shipped,mobile,2023-10-17,187.52,6
52692,11074,2025-09-01,shipped,web,2025-09-07,92.7,2
52693,11075,2021-11-21,shipped,web,2021-11-28,107.33,2
52694,11075,2025-06-29,cancelled,mobile,,201.33,4
52695,11076,2025-07-08,cancelled,web,,254.98,6
52696,11076,2024-03-27,shipped,mobile,2024-03-31,474.07,5
52697,11076,2024-02-25,pending,web,,237.51,3
52698,11076,2023-02-26,refunded,web,2023-02-28,228.94,6
52699,11076,2024-04-15,shipped,web,2024-04-19,308.73,3
52700,11078,2025-07-11,shipped,mobile,2025-07-16,569.23,6
52701,11078,2023-04-16,shipped,web,2023-04-20,125.06,2
52702,11078,2025-08-10,refunded,web,2025-08-17,364.12,4
52703,11079,2022-12-10,shipped,web,2022-12-12,94.56,2
52704,11079,2024-02-06,shipped,web,2024-02-07,131.52,3
52705,11079,2024-12-27,shipped,store,2024-12-29,19.28,1
52706,11079,2025-05-07,shipped,mobile,2025-05-10,335.08,4
52707,11079,2023-07-14,shipped,web,2023-07-20,537.16,5
52708,11079,2024-10-07,shipped,store,2024-10-14,149.86,4
52709,11079,2023-07-18,shipped,web,2023-07-25,479.68,5
52710,11079,2024-12-07,shipped,mobile,2024-12-09,109.0,1
52711,11081,2023-06-19,shipped,mobile,2023-06-26,667.6,5
52712,11081,2025-07-03,shipped,web,2025-07-06,320.83,5
52713,11081,2025-03-22,shipped,mobile,2025-03-28,275.12,4
52714,11081,2024-04-23,pending,web,,234.95,3
52715,11081,2024-06-11,pending,mobile,,83.13,3
52716,11081,2024-03-19,shipped,store,2024-03-22,380.83,4
52717,11082,2025-07-07,shipped,mobile,2025-07-11,420.99,5
52718,11082,2025-07-15,shipped,mobile,2025-07-17,146.66,1
52719,11082,2025-04-18,shipped,store,2025-04-22,146.3,2
52720,11082,2025-09-01,shipped,web,2025-09-04,294.46,5
52721,11083,2024-04-27,shipped,web,2024-05-02,96.68,1
52722,11084,2024-03-11,shipped,mobile,2024-03-17,573.61,6
52723,11084,2024-12-31,shipped,web,2025-01-04,27.59,1
52724,11085,2024-07-15,pending,web,,324.78,3
52725,11085,2024-07-07,shipped,web,2024-07-12,416.64,5
52726,11085,2025-03-05,shipped,mobile,2025-03-10,305.92,6
52727,11086,2023-07-10,cancelled,web,,513.69,3
52728,11086,2022-01-08,shipped,web,2022-01-11,112.78,2
52729,11086,2022-04-21,cancelled,mobile,,270.46,4
52730,11087,2025-06-01,cancelled,web,,228.2,3
52731,11088,2025-08-13,shipped,mobile,2025-08-21,165.87,1
52732,11089,2025-05-12,shipped,mobile,2025-05-20,81.11,3
52733,11089,2025-02-01,shipped,web,2025-02-07,928.66,5
52734,11090,2024-03-06,pending,web,,196.62,4
52735,11091,2023-06-13,pending,web,,146.61,2
52736,11091,2023-03-09,shipped,mobile,2023-03-15,187.78,4
52737,11091,2024-05-23,shipped,web,2024-05-26,487.35,6
52738,11092,2025-05-21,shipped,web,2025-05-23,186.35,2
52739,11092,2023-07-13,refunded,web,2023-07-21,274.48,2
52740,11093,2025-08-29,shipped,web,2025-09-01,97.65,3
52741,11093,2025-08-28,shipped,mobile,2025-08-29,120.04,2
52742,11094,2025-04-29,pending,web,,59.14,1
52743,11094,2024-04-30,shipped,store,2024-05-05,328.25,6
52744,11095,2025-05-13,shipped,web,2025-05-20,304.35,2
52745,11095,2025-07-23,shipped,mobile,2025-07-24,70.68,1
52746,11096,2022-11-24,shipped,mobile,2022-11-29,757.6,5
52747,11096,2022-06-11,shipped,web,2022-06-17,467.82,5
52748,11096,2024-03-05,shipped,web,2024-03-11,180.04,2
52749,11097,2023-02-19,refunded,mobile,2023-02-26,153.49,3
52750,11097,2024-05-14,shipped,mobile,2024-05-17,695.71,5
52751,11097,2023-07-09,shipped,mobile,2023-07-14,253.07,4
52752,11097,2024-02-23,pending,web,,14.38,1
52753,11098,2022-01-31,shipped,store,2022-02-03,781.49,6
52754,11098,2021-12-30,shipped,mobile,2022-01-07,18.28,1
52755,11099,2025-08-03,shipped,mobile,2025-08-10,21.62,1
52756,11100,2025-06-29,cancelled,mobile,,299.38,4
52757,11100,2025-04-12,shipped,web,2025-04-19,241.81,3
52758,11100,2025-07-15,shipped,web,2025-07-18,73.94,2
52759,11100,2025-05-04,shipped,mobile,2025-05-11,163.88,3
52760,11101,2024-04-30,shipped,mobile,2024-05-06,127.28,1
52761,11101,2023-06-30,shipped,mobile,2023-07-08,164.88,3
52762,11101,2022-10-22,shipped,mobile,2022-10-25,239.52,1
52763,11103,2025-04-14,shipped,web,2025-04-15,11.51,1
52764,11103,2025-04-21,shipped,web,2025-04-27,126.75,4
52765,11104,2025-05-19,shipped,mobile,2025-05-21,17.62,1
52766,11104,2025-05-02,shipped,web,2025-05-10,107.55,1
52767,11104,2025-02-27,pending,web,,469.27,5
52768,11104,2024-11-02,shipped,web,2024-11-08,110.55,2
52769,11104,2025-03-30,shipped,web,2025-04-05,420.19,5
52770,11104,2024-08-01,shipped,mobile,2024-08-09,245.8,4
52771,11105,2025-08-27,pending,web,,328.5,6
52772,11105,2023-09-17,shipped,web,2023-09-24,130.82,3
52773,11105,2024-12-11,pending,web,,83.34,1
52774,11105,2025-01-13,pending,web,,344.7,5
52775,11106,2024-09-13,refunded,web,2024-09-20,190.95,4
52776,11106,2025-03-03,shipped,mobile,2025-03-04,161.55,3
52777,11106,2024-07-19,shipped,web,2024-07-27,462.42,5
52778,11108,2024-07-29,shipped,web,2024-08-03,62.44,1
52779,11109,2025-08-19,shipped,mobile,2025-08-25,97.06,4
52780,11109,2025-06-05,shipped,mobile,2025-06-08,31.34,1
52781,11109,2024-09-13,shipped,mobile,2024-09-15,234.54,4
52782,11110,2025-05-02,refunded,web,2025-05-03,27.57,1
52783,11110,2025-08-06,shipped,web,2025-08-12,111.15,4
52784,11110,2025-05-30,cancelled,web,,189.3,3
52785,11110,2025-04-30,shipped,mobile,2025-05-04,410.91,5
52786,11111,2025-08-12,shipped,web,2025-08-16,308.36,4
52787,11111,2025-07-30,shipped,web,2025-08-02,297.72,6
52788,11112,2023-06-23,pending,web,,97.68,1
52789,11112,2024-09-05,pending,store,,341.87,5
52790,11112,2024-05-03,shipped,web,2024-05-11,618.32,4
52791,11115,2024-11-21,pending,mobile,,69.2,2
52792,11116,2025-06-20,refunded,store,2025-06-21,48.72,1
52793,11116,2022-10-31,shipped,store,2022-11-07,177.7,2
52794,11116,2023-03-29,pending,web,,133.58,1
52795,11116,2023-01-31,pending,web,,329.56,5
52796,11117,2025-04-06,shipped,web,2025-04-11,188.74,5
52797,11117,2025-05-27,shipped,web,2025-05-31,452.77,6
52798,11117,2025-06-02,shipped,mobile,2025-06-05,95.93,3
52799,11117,2025-02-01,shipped,store,2025-02-02,338.96,4
52800,11120,2024-10-01,shipped,mobile,2024-10-02,293.06,6
52801,11120,2024-04-20,shipped,store,2024-04-26,226.98,6
52802,11120,2024-03-24,shipped,mobile,2024-03-27,39.4,2
52803,11121,2025-06-16,shipped,mobile,2025-06-22,161.51,6
52804,11121,2024-09-30,shipped,web,2024-10-06,76.14,1
52805,11121,2024-07-31,shipped,mobile,2024-08-02,206.88,3
52806,11122,2025-08-11,refunded,mobile,2025-08-16,103.19,3
52807,11122,2025-07-15,shipped,mobile,2025-07-21,105.87,3
52808,11122,2025-05-20,refunded,web,2025-05-25,304.8,6
52809,11122,2025-06-05,shipped,web,2025-06-08,426.71,5
52810,11122,2025-04-06,shipped,mobile,2025-04-09,18.52,1
52811,11122,2025-07-21,refunded,mobile,2025-07-26,401.88,3
52812,11122,2025-07-04,shipped,mobile,2025-07-10,170.72,2
52813,11122,2025-08-10,shipped,web,2025-08-15,50.2,1
52814,11123,2025-05-20,shipped,mobile,2025-05-28,562.11,6
52815,11123,2022-02-22,shipped,mobile,2022-03-01,316.17,4
52816,11124,2025-03-01,shipped,mobile,2025-03-05,406.59,3
52817,11124,2025-01-31,refunded,web,2025-02-08,496.32,6
52818,11125,2025-06-06,shipped,web,2025-06-07,231.51,3
52819,11125,2025-01-31,shipped,mobile,2025-02-07,259.82,5
52820,11125,2024-06-13,shipped,store,2024-06-18,319.31,3
52821,11125,2025-06-27,refunded,web,2025-07-03,262.16,3
52822,11126,2025-08-31,cancelled,web,,256.84,4
52823,11127,2023-07-21,pending,store,,81.76,1
52824,11127,2025-06-28,shipped,mobile,2025-07-04,55.41,3
52825,11128,2025-04-03,shipped,mobile,2025-04-05,149.65,3
52826,11128,2025-07-18,shipped,mobile,2025-07-21,605.15,5
52827,11128,2025-05-19,shipped,mobile,2025-05-21,257.9,4
52828,11129,2022-10-19,pending,mobile,,166.13,2
52829,11130,2025-03-26,shipped,mobile,2025-03-28,45.22,1
52830,11131,2025-06-25,shipped,mobile,2025-06-30,252.39,4
52831,11132,2024-09-21,cancelled,web,,79.3,2
52832,11134,2024-07-06,shipped,mobile,2024-07-10,353.24,1
52833,11134,2024-07-26,refunded,mobile,2024-08-02,151.74,5
52834,11134,2024-09-28,shipped,web,2024-10-03,31.08,1
52835,11134,2025-05-07,shipped,mobile,2025-05-10,232.94,3
52836,11134,2024-06-15,shipped,web,2024-06-21,33.03,1
52837,11135,2025-07-09,shipped,mobile,2025-07-15,441.57,6
52838,11135,2025-08-07,pending,mobile,,407.02,6
52839,11135,2025-08-09,shipped,store,2025-08-15,154.16,1
52840,11135,2025-08-11,shipped,web,2025-08-13,71.42,1
52841,11135,2025-08-31,shipped,web,2025-09-01,262.46,3
52842,11135,2025-07-11,shipped,web,2025-07-15,36.94,1
52843,11135,2025-08-07,refunded,store,2025-08-15,347.77,5
52844,11135,2025-06-27,shipped,store,2025-07-05,42.48,1
52845,11135,2025-05-29,shipped,web,2025-05-31,125.8,2
52846,11136,2025-05-16,pending,web,,299.16,4
52847,11136,2025-05-23,cancelled,web,,62.6,3
52848,11137,2025-08-08,shipped,web,2025-08-15,693.56,6
52849,11137,2025-08-31,shipped,web,2025-09-02,33.88,1
52850,11137,2024-09-10,cancelled,web,,158.6,2
52851,11137,2024-05-19,shipped,web,2024-05-27,267.12,3
52852,11138,2025-06-24,shipped,web,2025-06-27,47.7,1
52853,11138,2025-08-22,shipped,web,2025-08-23,291.12,3
52854,11139,2025-05-18,shipped,store,2025-05-19,75.72,2
52855,11139,2023-09-08,shipped,mobile,2023-09-10,162.61,3
52856,11139,2024-08-11,shipped,web,2024-08-15,307.6,5
52857,11139,2024-04-29,refunded,store,2024-05-05,132.24,1
52858,11139,2024-09-09,shipped,web,2024-09-11,509.05,6
52859,11139,2024-04-25,shipped,mobile,2024-05-02,473.1,5
52860,11139,2023-10-01,pending,web,,240.01,3
52861,11139,2023-12-24,shipped,mobile,2023-12-28,270.07,4
52862,11139,2024-04-03,shipped,mobile,2024-04-05,339.86,6
52863,11140,2024-11-27,shipped,mobile,2024-11-30,265.27,6
52864,11140,2025-06-18,shipped,mobile,2025-06-21,275.63,5
52865,11140,2024-08-06,shipped,web,2024-08-07,198.97,3
52866,11140,2025-04-10,refunded,web,2025-04-17,16.9,1
52867,11140,2024-09-03,shipped,web,2024-09-07,1039.35,4
52868,11140,2024-08-20,shipped,web,2024-08-26,214.64,6
52869,11141,2025-05-15,shipped,store,2025-05-23,548.23,6
52870,11142,2024-07-14,shipped,web,2024-07-15,181.54,3
52871,11142,2023-06-21,shipped,web,2023-06-23,181.48,4
52872,11142,2022-08-16,shipped,web,2022-08-20,104.66,1
52873,11143,2025-07-25,shipped,web,2025-07-27,94.02,2
52874,11144,2025-01-12,shipped,mobile,2025-01-14,178.63,5
52875,11146,2024-11-07,shipped,web,2024-11-09,194.15,5
52876,11146,2022-10-08,cancelled,mobile,,68.21,2
52877,11146,2023-01-06,shipped,web,2023-01-13,430.49,6
52878,11147,2023-05-15,shipped,mobile,2023-05-21,289.06,5
52879,11147,2025-04-16,shipped,store,2025-04-23,155.41,2
52880,11148,2023-03-20,refunded,web,2023-03-27,171.11,3
52881,11148,2024-08-01,refunded,web,2024-08-05,77.88,3
52882,11149,2023-03-20,shipped,mobile,2023-03-23,558.69,5
52883,11150,2024-11-03,pending,web,,65.3,2
52884,11151,2022-12-21,shipped,mobile,2022-12-28,292.24,3
52885,11151,2025-01-20,shipped,mobile,2025-01-21,534.02,6
52886,11152,2022-12-14,pending,web,,232.34,3
52887,11153,2022-03-26,shipped,mobile,2022-03-30,207.21,3
52888,11153,2022-01-03,cancelled,web,,80.78,2
52889,11155,2025-03-24,shipped,mobile,2025-03-27,81.42,1
52890,11156,2025-06-16,shipped,mobile,2025-06-17,160.2,2
52891,11156,2025-08-28,refunded,mobile,2025-08-31,614.59,5
52892,11157,2024-06-20,shipped,mobile,2024-06-28,327.5,6
52893,11157,2025-02-24,refunded,mobile,2025-03-03,157.03,3
52894,11158,2024-07-06,shipped,mobile,2024-07-10,382.52,6
52895,11158,2023-01-28,pending,mobile,,192.0,6
52896,11158,2025-02-26,shipped,web,2025-03-01,373.91,6
52897,11158,2022-11-25,shipped,mobile,2022-11-26,278.24,4
52898,11158,2023-03-29,pending,web,,425.28,5
52899,11161,2025-06-01,shipped,mobile,2025-06-09,150.39,2
52900,11162,2022-08-22,refunded,web,2022-08-29,439.57,5
52901,11162,2024-06-22,cancelled,web,,162.14,5
52902,11162,2022-10-17,shipped,web,2022-10-22,284.62,4
52903,11162,2022-09-01,shipped,mobile,2022-09-04,83.64,3
52904,11163,2022-04-24,shipped,web,2022-04-30,328.09,6
52905,11164,2024-05-08,refunded,web,2024-05-11,156.2,5
52906,11164,2025-07-24,shipped,mobile,2025-07-26,146.63,3
52907,11164,2025-04-29,shipped,mobile,2025-05-03,115.59,2
52908,11164,2024-02-14,pending,web,,254.94,4
52909,11164,2023-02-08,shipped,web,2023-02-09,128.74,3
52910,11165,2025-03-06,shipped,web,2025-03-12,103.92,2
52911,11165,2023-11-09,shipped,web,2023-11-11,301.72,6
52912,11165,2024-03-31,refunded,mobile,2024-04-05,38.54,1
52913,11165,2023-02-09,shipped,mobile,2023-02-17,420.24,3
52914,11165,2025-08-11,shipped,store,2025-08-12,102.79,2
52915,11166,2024-09-28,shipped,mobile,2024-10-04,341.66,6
52916,11166,2023-02-20,shipped,mobile,2023-02-27,136.04,4
52917,11166,2024-11-14,shipped,store,2024-11-22,79.77,1
52918,11166,2025-05-23,shipped,mobile,2025-05-30,81.0,2
52919,11166,2023-08-07,shipped,mobile,2023-08-10,12.96,1
52920,11166,2024-10-21,shipped,mobile,2024-10-22,126.46,2
52921,11166,2023-12-03,pending,mobile,,497.39,5
52922,11166,2024-02-04,cancelled,store,,98.98,2
52923,11166,2025-08-17,shipped,web,2025-08-21,363.18,4
52924,11166,2022-10-04,shipped,mobile,2022-10-07,667.09,6
52925,11166,2024-02-02,shipped,web,2024-02-08,368.82,3
52926,11167,2023-06-14,shipped,web,2023-06-21,119.24,4
52927,11167,2022-10-14,shipped,mobile,2022-10-15,561.24,5
52928,11168,2023-02-11,shipped,mobile,2023-02-12,46.52,1
52929,11168,2022-05-18,shipped,store,2022-05-19,336.94,3
52930,11169,2025-03-15,shipped,web,2025-03-23,333.52,6
52931,11169,2023-10-11,shipped,mobile,2023-10-13,46.9,2
52932,11169,2024-05-31,shipped,mobile,2024-06-03,282.1,4
52933,11170,2025-04-06,cancelled,web,,216.93,5
52934,11171,2023-09-19,shipped,web,2023-09-24,64.7,1
52935,11171,2024-03-12,shipped,mobile,2024-03-16,66.81,3
52936,11171,2022-11-28,shipped,web,2022-11-30,76.08,2
52937,11171,2024-08-25,refunded,web,2024-08-29,118.78,4
52938,11171,2024-10-01,shipped,web,2024-10-02,308.52,2
52939,11171,2025-03-04,shipped,web,2025-03-12,265.26,6
52940,11172,2025-08-31,shipped,web,2025-09-07,175.48,2
52941,11172,2025-02-25,shipped,mobile,2025-02-27,208.0,2
52942,11172,2025-05-01,shipped,store,2025-05-09,598.08,4
52943,11174,2024-10-10,shipped,mobile,2024-10-16,196.08,2
52944,11174,2025-03-20,shipped,web,2025-03-25,315.31,6
52945,11174,2024-01-20,refunded,mobile,2024-01-22,101.08,2
52946,11174,2024-05-14,shipped,store,2024-05-20,78.4,1
52947,11174,2025-06-15,shipped,mobile,2025-06-20,323.96,6
52948,11174,2024-11-18,shipped,store,2024-11-23,156.98,4
52949,11175,2025-06-04,shipped,web,2025-06-11,68.79,4
52950,11175,2025-08-06,shipped,web,2025-08-10,414.01,6
52951,11177,2024-04-01,shipped,mobile,2024-04-06,275.49,5
52952,11177,2024-12-17,shipped,mobile,2024-12-25,9.54,1
52953,11177,2023-06-22,pending,mobile,,162.82,2
52954,11177,2024-04-18,shipped,web,2024-04-26,469.89,5
52955,11177,2022-10-03,shipped,mobile,2022-10-05,353.88,4
52956,11177,2024-03-01,shipped,store,2024-03-08,99.26,2
52957,11178,2024-10-21,shipped,web,2024-10-29,262.62,2
52958,11178,2024-12-27,shipped,mobile,2024-12-29,261.34,5
52959,11178,2024-11-16,shipped,web,2024-11-17,524.91,5
52960,11179,2024-09-10,shipped,mobile,2024-09-14,52.96,1
52961,11179,2024-09-17,shipped,web,2024-09-25,163.06,1
52962,11179,2024-02-26,shipped,web,2024-03-01,50.35,2
52963,11179,2024-09-24,shipped,web,2024-09-29,71.78,2
52964,11179,2024-11-22,shipped,mobile,2024-11-28,542.3,5
52965,11179,2024-06-18,shipped,web,2024-06-20,332.6,6
52966,11179,2024-05-01,pending,mobile,,349.8,5
52967,11181,2024-04-29,shipped,mobile,2024-05-06,383.7,3
52968,11182,2024-08-13,shipped,web,2024-08-21,157.4,3
52969,11182,2024-12-30,shipped,web,2025-01-02,430.38,3
52970,11182,2025-01-16,shipped,web,2025-01-24,252.64,4
52971,11183,2025-08-05,shipped,web,2025-08-12,313.19,4
52972,11185,2024-04-28,shipped,web,2024-04-29,179.95,4
52973,11185,2025-01-17,shipped,web,2025-01-23,613.82,6
52974,11185,2024-08-02,shipped,mobile,2024-08-04,118.38,4
52975,11186,2025-07-12,shipped,web,2025-07-15,182.12,4
52976,11186,2023-03-02,shipped,web,2023-03-04,206.75,5
52977,11187,2024-10-01,pending,web,,7.57,1
52978,11187,2024-07-01,shipped,web,2024-07-03,139.25,3
52979,11188,2025-03-10,shipped,web,2025-03-14,263.37,3
52980,11188,2024-11-18,shipped,mobile,2024-11-23,236.83,3
52981,11188,2025-05-02,shipped,web,2025-05-03,157.0,6
52982,11188,2024-12-09,shipped,web,2024-12-11,66.86,1
52983,11188,2024-10-18,shipped,store,2024-10-25,153.71,3
52984,11190,2025-07-13,shipped,web,2025-07-15,343.48,6
52985,11191,2024-03-09,shipped,mobile,2024-03-11,245.89,5
52986,11192,2025-03-10,shipped,mobile,2025-03-17,36.85,2
52987,11193,2022-05-29,pending,mobile,,305.7,6
52988,11194,2023-05-15,shipped,web,2023-05-20,280.46,2
52989,11194,2025-02-25,shipped,mobile,2025-02-27,245.55,6
52990,11194,2024-07-17,shipped,web,2024-07-22,189.64,4
52991,11194,2024-05-04,shipped,web,2024-05-11,244.01,4
52992,11195,2024-12-29,cancelled,store,,191.2,2
52993,11196,2024-02-21,shipped,web,2024-02-22,132.72,2
52994,11196,2024-04-27,shipped,mobile,2024-05-03,463.14,4
52995,11196,2025-04-02,pending,store,,519.05,6
52996,11197,2025-07-31,shipped,mobile,2025-08-01,481.64,4
52997,11197,2025-02-07,shipped,mobile,2025-02-14,261.11,3
52998,11197,2025-08-07,shipped,web,2025-08-11,366.23,6
52999,11197,2025-02-03,shipped,web,2025-02-08,254.92,1
53000,11197,2025-05-24,shipped,store,2025-06-01,315.02,4
53001,11198,2024-05-03,refunded,web,2024-05-05,184.53,4
53002,11198,2024-06-30,shipped,web,2024-07-05,60.82,1
53003,11198,2024-03-19,pending,mobile,,752.71,6
53004,11199,2025-02-25,shipped,web,2025-03-03,184.03,3
53005,11199,2024-09-22,shipped,web,2024-09-25,14.62,1
53006,11199,2024-11-02,shipped,mobile,2024-11-03,90.46,1
53007,11199,2025-05-10,shipped,mobile,2025-05-11,30.73,1
53008,11199,2025-02-23,shipped,web,2025-02-28,331.12,3
53009,11199,2024-11-14,refunded,store,2024-11-17,201.5,4
