item_id,order_id,sku,category,qty,unit_price,line_total
900000,50000,SKU-43814,Grocery,3,15.58,46.74
900001,50001,SKU-43461,Home,2,17.08,34.16
900002,50001,SKU-89735,Home,2,57.04,114.08
900003,50001,SKU-17047,Electronics,2,16.93,33.86
900004,50002,SKU-24058,Apparel,2,6.24,12.48
900005,50002,SKU-92870,Sports,2,67.49,134.98
900006,50002,SKU-31791,Apparel,4,18.61,74.44
900007,50003,SKU-96174,Sports,2,11.14,22.28
900008,50003,SKU-76842,Grocery,4,11.92,47.68
900009,50003,SKU-57863,Home,3,30.64,91.92
900010,50004,SKU-24746,Apparel,3,13.33,39.99
900011,50004,SKU-87573,Apparel,4,52.71,210.84
900012,50005,SKU-44413,Sports,2,18.71,37.42
900013,50005,SKU-10415,Home,4,18.81,75.24
900014,50006,SKU-84040,Apparel,4,8.1,32.4
900015,50006,SKU-70771,Home,4,19.85,79.4
900016,50006,SKU-26265,Sports,1,17.69,17.69
900017,50006,SKU-52576,Sports,1,20.53,20.53
900018,50006,SKU-14962,Apparel,1,110.86,110.86
900019,50006,SKU-80314,Home,4,24.12,96.48
900020,50007,SKU-42929,Home,2,25.63,51.26
900021,50007,SKU-33095,Apparel,4,36.89,147.56
900022,50007,SKU-47454,Electronics,3,9.71,29.13
900023,50008,SKU-70836,Sports,1,20.32,20.32
900024,50008,SKU-22985,Electronics,3,9.46,28.38
900025,50008,SKU-64116,Sports,3,103.6,310.8
900026,50008,SKU-70663,Grocery,2,11.95,23.9
900027,50008,SKU-70340,Electronics,4,11.66,46.64
900028,50008,SKU-73401,Electronics,2,15.61,31.22
900029,50009,SKU-89753,Sports,1,10.17,10.17
900030,50009,SKU-95428,Sports,1,40.44,40.44
900031,50009,SKU-74843,Home,1,9.16,9.16
900032,50009,SKU-68573,Apparel,3,21.83,65.49
900033,50009,SKU-33609,Apparel,3,16.62,49.86
900034,50009,SKU-12616,Home,3,42.43,127.29
900035,50010,SKU-86204,Home,4,13.97,55.88
900036,50010,SKU-61710,Grocery,3,37.73,113.19
900037,50010,SKU-51054,Grocery,4,10.16,40.64
900038,50010,SKU-78468,Electronics,1,24.03,24.03
900039,50011,SKU-27744,Apparel,3,16.89,50.67
900040,50011,SKU-47786,Apparel,1,28.78,28.78
900041,50011,SKU-53771,Home,2,7.92,15.84
900042,50011,SKU-56854,Sports,1,16.1,16.1
900043,50011,SKU-51051,Grocery,2,21.87,43.74
900044,50012,SKU-15510,Electronics,4,20.61,82.44
900045,50012,SKU-23664,Grocery,3,6.97,20.91
900046,50012,SKU-16416,Sports,3,15.58,46.74
900047,50012,SKU-56505,Home,1,43.03,43.03
900048,50012,SKU-80021,Home,3,5.13,15.39
900049,50013,SKU-27308,Sports,1,15.22,15.22
900050,50013,SKU-40505,Grocery,1,59.75,59.75
900051,50014,SKU-10761,Grocery,4,14.37,57.48
900052,50014,SKU-95601,Grocery,3,12.0,36.0
900053,50014,SKU-43691,Grocery,2,23.86,47.72
900054,50014,SKU-31245,Sports,3,19.53,58.59
900055,50014,SKU-29061,Apparel,4,5.75,23.0
900056,50014,SKU-91880,Apparel,3,48.59,145.77
900057,50015,SKU-50489,Home,4,43.23,172.92
900058,50015,SKU-42335,Sports,1,33.6,33.6
900059,50015,SKU-16042,Electronics,1,12.37,12.37
900060,50015,SKU-31101,Apparel,1,20.83,20.83
900061,50016,SKU-85790,Sports,2,22.25,44.5
900062,50016,SKU-24161,Electronics,3,22.3,66.9
900063,50017,SKU-64163,Grocery,4,97.56,390.24
900064,50017,SKU-68331,Apparel,3,11.63,34.89
900065,50017,SKU-72324,Home,3,11.0,33.0
900066,50017,SKU-89461,Grocery,2,40.47,80.94
900067,50017,SKU-64669,Grocery,2,24.48,48.96
900068,50017,SKU-41916,Apparel,3,27.97,83.91
900069,50018,SKU-22354,Electronics,2,43.86,87.72
900070,50018,SKU-91935,Home,4,13.17,52.68
900071,50018,SKU-94182,Home,4,48.77,195.08
900072,50018,SKU-19841,Apparel,1,19.67,19.67
900073,50019,SKU-26848,Electronics,1,39.35,39.35
900074,50019,SKU-99005,Sports,2,10.3,20.6
900075,50019,SKU-28927,Electronics,2,7.92,15.84
900076,50019,SKU-99471,Grocery,4,23.59,94.36
900077,50019,SKU-97308,Sports,1,60.7,60.7
900078,50019,SKU-46992,Grocery,3,32.15,96.45
900079,50020,SKU-63898,Sports,1,24.71,24.71
900080,50020,SKU-40396,Electronics,3,26.24,78.72
900081,50020,SKU-45754,Electronics,3,36.39,109.17
900082,50020,SKU-55434,Apparel,4,43.42,173.68
900083,50020,SKU-61601,Home,3,13.8,41.4
900084,50021,SKU-13999,Home,3,72.41,217.23
900085,50021,SKU-46457,Apparel,1,19.47,19.47
900086,50021,SKU-60058,Sports,1,33.72,33.72
900087,50022,SKU-85144,Home,2,8.25,16.5
900088,50022,SKU-20618,Home,2,17.05,34.1
900089,50022,SKU-89029,Home,4,18.14,72.56
900090,50023,SKU-17317,Electronics,4,50.03,200.12
900091,50023,SKU-35451,Sports,2,152.87,305.74
900092,50023,SKU-32017,Apparel,1,27.78,27.78
900093,50023,SKU-25946,Home,2,26.18,52.36
900094,50024,SKU-36466,Sports,1,10.87,10.87
900095,50024,SKU-15818,Grocery,1,25.19,25.19
900096,50024,SKU-27969,Home,2,16.8,33.6
900097,50024,SKU-98137,Grocery,2,46.52,93.04
900098,50024,SKU-53906,Sports,2,12.11,24.22
900099,50024,SKU-76844,Grocery,1,13.02,13.02
900100,50025,SKU-54090,Home,2,19.25,38.5
900101,50025,SKU-53627,Sports,2,7.76,15.52
900102,50025,SKU-85679,Home,4,26.57,106.28
900103,50025,SKU-51046,Electronics,2,8.83,17.66
900104,50025,SKU-82902,Home,3,21.18,63.54
900105,50026,SKU-35387,Home,3,14.38,43.14
900106,50026,SKU-52442,Home,2,33.78,67.56
900107,50027,SKU-16035,Grocery,1,27.61,27.61
900108,50027,SKU-97378,Electronics,1,18.3,18.3
900109,50027,SKU-56358,Sports,4,25.49,101.96
900110,50027,SKU-45897,Electronics,3,12.57,37.71
900111,50027,SKU-70919,Sports,2,14.15,28.3
900112,50027,SKU-81759,Grocery,2,23.99,47.98
900113,50028,SKU-44220,Electronics,1,28.55,28.55
900114,50028,SKU-27648,Electronics,4,32.16,128.64
900115,50029,SKU-45773,Sports,1,51.61,51.61
900116,50029,SKU-24081,Electronics,3,13.07,39.21
900117,50029,SKU-47464,Electronics,2,10.88,21.76
900118,50029,SKU-74985,Electronics,3,20.24,60.72
900119,50030,SKU-24357,Electronics,3,16.73,50.19
900120,50030,SKU-23205,Home,1,8.29,8.29
900121,50030,SKU-34017,Electronics,2,29.28,58.56
900122,50030,SKU-60908,Home,2,110.42,220.84
900123,50031,SKU-72601,Grocery,3,50.74,152.22
900124,50031,SKU-64734,Home,4,22.32,89.28
900125,50031,SKU-59814,Grocery,3,13.5,40.5
900126,50031,SKU-50243,Sports,4,17.61,70.44
900127,50031,SKU-93713,Apparel,3,21.39,64.17
900128,50032,SKU-15009,Electronics,2,17.75,35.5
900129,50032,SKU-81142,Electronics,4,7.37,29.48
900130,50032,SKU-87688,Grocery,3,31.26,93.78
900131,50032,SKU-81100,Apparel,1,21.5,21.5
900132,50032,SKU-48773,Home,3,18.56,55.68
900133,50033,SKU-87320,Home,4,79.32,317.28
900134,50033,SKU-99688,Apparel,3,13.36,40.08
900135,50033,SKU-48541,Home,3,86.92,260.76
900136,50034,SKU-26932,Apparel,2,11.74,23.48
900137,50034,SKU-56180,Electronics,4,29.46,117.84
900138,50034,SKU-72541,Apparel,2,7.16,14.32
900139,50034,SKU-34924,Sports,2,26.17,52.34
900140,50035,SKU-34532,Grocery,4,67.33,269.32
900141,50035,SKU-63459,Electronics,2,9.73,19.46
900142,50035,SKU-92171,Sports,1,19.45,19.45
900143,50035,SKU-17447,Home,1,14.71,14.71
900144,50036,SKU-49628,Grocery,4,38.88,155.52
900145,50036,SKU-11835,Electronics,1,53.6,53.6
900146,50036,SKU-12328,Home,3,115.15,345.45
900147,50036,SKU-87197,Grocery,1,25.53,25.53
900148,50037,SKU-74512,Electronics,4,9.25,37.0
900149,50037,SKU-77379,Sports,1,17.08,17.08
900150,50037,SKU-92849,Electronics,3,69.42,208.26
900151,50037,SKU-39756,Grocery,1,11.92,11.92
900152,50038,SKU-17766,Apparel,1,15.58,15.58
900153,50038,SKU-43694,Grocery,2,56.5,113.0
900154,50038,SKU-29588,Apparel,3,3.63,10.89
900155,50039,SKU-50568,Electronics,2,26.78,53.56
900156,50039,SKU-27053,Home,1,62.19,62.19
900157,50039,SKU-25354,Electronics,1,22.91,22.91
900158,50040,SKU-71021,Electronics,1,16.87,16.87
900159,50040,SKU-76450,Sports,2,27.5,55.0
900160,50040,SKU-15451,Grocery,2,47.67,95.34
900161,50041,SKU-16858,Home,1,80.58,80.58
900162,50042,SKU-88088,Home,3,62.74,188.22
900163,50042,SKU-96071,Electronics,3,57.32,171.96
900164,50042,SKU-53364,Home,1,37.7,37.7
900165,50043,SKU-68228,Electronics,1,9.2,9.2
900166,50043,SKU-99597,Apparel,3,18.22,54.66
900167,50043,SKU-67522,Apparel,3,2.36,7.08
900168,50043,SKU-96794,Sports,1,23.25,23.25
900169,50043,SKU-73933,Home,1,11.18,11.18
900170,50043,SKU-81697,Apparel,1,7.36,7.36
900171,50044,SKU-71091,Electronics,1,40.99,40.99
900172,50044,SKU-20622,Home,1,114.82,114.82
900173,50045,SKU-38872,Home,4,22.1,88.4
900174,50045,SKU-87948,Sports,3,79.89,239.67
900175,50045,SKU-36391,Grocery,4,19.92,79.68
900176,50045,SKU-17500,Grocery,1,31.16,31.16
900177,50045,SKU-54617,Grocery,4,13.56,54.24
900178,50046,SKU-24566,Home,3,15.7,47.1
900179,50047,SKU-79030,Home,3,20.05,60.15
900180,50048,SKU-85394,Apparel,2,41.14,82.28
900181,50049,SKU-93204,Sports,1,7.46,7.46
900182,50049,SKU-66385,Electronics,2,31.07,62.14
900183,50049,SKU-27288,Grocery,2,17.71,35.42
900184,50049,SKU-43818,Sports,4,14.46,57.84
900185,50049,SKU-84381,Electronics,4,14.26,57.04
900186,50049,SKU-93844,Grocery,2,13.13,26.26
900187,50050,SKU-88662,Electronics,1,8.28,8.28
900188,50050,SKU-92382,Electronics,3,41.3,123.9
900189,50050,SKU-41874,Grocery,4,16.79,67.16
900190,50050,SKU-50383,Electronics,2,21.98,43.96
900191,50051,SKU-26051,Apparel,2,24.01,48.02
900192,50051,SKU-64369,Sports,4,17.6,70.4
900193,50052,SKU-44428,Home,1,34.27,34.27
900194,50052,SKU-65068,Home,2,14.18,28.36
900195,50052,SKU-12700,Home,4,20.82,83.28
900196,50052,SKU-44877,Grocery,2,39.95,79.9
900197,50053,SKU-61905,Home,2,12.25,24.5
900198,50053,SKU-20765,Sports,3,32.12,96.36
900199,50054,SKU-69590,Grocery,3,14.26,42.78
900200,50054,SKU-61168,Electronics,4,9.12,36.48
900201,50054,SKU-43741,Home,2,8.57,17.14
900202,50054,SKU-64677,Electronics,2,42.53,85.06
900203,50054,SKU-25274,Apparel,1,22.22,22.22
900204,50055,SKU-24347,Sports,2,13.88,27.76
900205,50055,SKU-55484,Home,1,15.86,15.86
900206,50055,SKU-70262,Home,3,12.19,36.57
900207,50055,SKU-57909,Apparel,2,11.76,23.52
900208,50055,SKU-74190,Apparel,1,48.98,48.98
900209,50055,SKU-16873,Home,1,11.26,11.26
900210,50056,SKU-56336,Grocery,3,42.47,127.41
900211,50056,SKU-29064,Grocery,4,176.86,707.44
900212,50056,SKU-43174,Electronics,3,22.69,68.07
900213,50056,SKU-62443,Home,4,34.03,136.12
900214,50056,SKU-99344,Apparel,1,43.42,43.42
900215,50056,SKU-29888,Grocery,3,30.17,90.51
900216,50057,SKU-88348,Electronics,3,12.44,37.32
900217,50057,SKU-12778,Sports,1,12.19,12.19
900218,50058,SKU-37063,Apparel,3,7.15,21.45
900219,50058,SKU-27668,Sports,4,17.68,70.72
900220,50059,SKU-14878,Apparel,3,9.23,27.69
900221,50059,SKU-51034,Electronics,3,8.95,26.85
900222,50059,SKU-85677,Sports,1,16.57,16.57
900223,50059,SKU-89083,Apparel,2,17.69,35.38
900224,50060,SKU-23174,Apparel,1,26.6,26.6
900225,50061,SKU-34050,Home,2,31.53,63.06
900226,50061,SKU-65863,Home,3,20.12,60.36
900227,50061,SKU-91206,Home,3,64.35,193.05
900228,50061,SKU-33016,Electronics,4,32.13,128.52
900229,50061,SKU-27780,Home,3,33.9,101.7
900230,50062,SKU-25089,Sports,1,8.78,8.78
900231,50062,SKU-90076,Home,4,24.98,99.92
900232,50062,SKU-36673,Home,2,53.9,107.8
900233,50063,SKU-74951,Electronics,3,19.89,59.67
900234,50063,SKU-59510,Grocery,4,37.66,150.64
900235,50063,SKU-53905,Apparel,1,50.76,50.76
900236,50064,SKU-82649,Home,2,34.64,69.28
900237,50064,SKU-54212,Electronics,4,17.31,69.24
900238,50065,SKU-84842,Home,1,27.57,27.57
900239,50065,SKU-15945,Home,4,49.35,197.4
900240,50065,SKU-60676,Sports,3,42.2,126.6
900241,50065,SKU-45819,Home,2,96.73,193.46
900242,50065,SKU-38199,Home,2,28.37,56.74
900243,50065,SKU-29676,Apparel,2,46.61,93.22
900244,50066,SKU-81699,Apparel,1,24.22,24.22
900245,50066,SKU-77656,Home,1,79.19,79.19
900246,50066,SKU-18022,Home,4,11.49,45.96
900247,50066,SKU-65437,Grocery,3,27.85,83.55
900248,50066,SKU-35824,Sports,3,60.22,180.66
900249,50066,SKU-68617,Apparel,3,14.19,42.57
900250,50067,SKU-71103,Grocery,2,52.05,104.1
900251,50068,SKU-87994,Home,4,35.6,142.4
900252,50068,SKU-61350,Sports,4,52.82,211.28
900253,50068,SKU-43187,Sports,4,28.68,114.72
900254,50069,SKU-17974,Home,1,26.27,26.27
900255,50069,SKU-93499,Sports,3,21.12,63.36
900256,50069,SKU-76859,Apparel,3,71.36,214.08
900257,50070,SKU-86466,Apparel,2,18.69,37.38
900258,50070,SKU-88408,Home,1,19.32,19.32
900259,50070,SKU-35452,Grocery,4,4.63,18.52
900260,50071,SKU-99296,Electronics,2,38.46,76.92
900261,50071,SKU-46040,Apparel,2,18.99,37.98
900262,50071,SKU-86779,Home,3,24.03,72.09
900263,50071,SKU-56467,Sports,1,26.1,26.1
900264,50071,SKU-93911,Electronics,4,24.57,98.28
900265,50071,SKU-18635,Grocery,3,13.94,41.82
900266,50072,SKU-18670,Home,2,26.85,53.7
900267,50072,SKU-26925,Grocery,4,22.46,89.84
900268,50073,SKU-79478,Electronics,4,48.16,192.64
900269,50073,SKU-85669,Sports,4,53.41,213.64
900270,50074,SKU-23469,Electronics,4,24.17,96.68
900271,50074,SKU-36799,Apparel,2,26.79,53.58
900272,50074,SKU-29201,Grocery,4,20.8,83.2
900273,50074,SKU-69852,Sports,4,51.73,206.92
900274,50075,SKU-13968,Home,4,17.14,68.56
900275,50075,SKU-10817,Grocery,3,36.3,108.9
900276,50075,SKU-53444,Apparel,1,8.5,8.5
900277,50075,SKU-83673,Grocery,3,12.49,37.47
900278,50076,SKU-90967,Grocery,4,76.37,305.48
900279,50076,SKU-62786,Grocery,1,42.07,42.07
900280,50076,SKU-18272,Electronics,2,88.58,177.16
900281,50077,SKU-65133,Apparel,2,49.33,98.66
900282,50077,SKU-62185,Grocery,4,43.42,173.68
900283,50077,SKU-37986,Grocery,1,15.47,15.47
900284,50077,SKU-88924,Grocery,3,24.13,72.39
900285,50077,SKU-12340,Apparel,2,15.73,31.46
900286,50077,SKU-35559,Home,3,52.29,156.87
900287,50078,SKU-26001,Home,4,19.32,77.28
900288,50078,SKU-97296,Apparel,4,25.39,101.56
900289,50079,SKU-78927,Sports,1,15.53,15.53
900290,50079,SKU-55951,Electronics,2,42.41,84.82
900291,50079,SKU-14794,Grocery,2,32.15,64.3
900292,50079,SKU-67240,Electronics,2,30.88,61.76
900293,50079,SKU-30002,Sports,1,26.69,26.69
900294,50079,SKU-31398,Home,1,15.3,15.3
900295,50080,SKU-71987,Grocery,4,17.03,68.12
900296,50080,SKU-84271,Electronics,2,11.91,23.82
900297,50080,SKU-83182,Sports,4,14.68,58.72
900298,50080,SKU-76438,Grocery,3,14.94,44.82
900299,50081,SKU-71279,Home,1,26.6,26.6
900300,50081,SKU-80527,Grocery,4,15.08,60.32
900301,50081,SKU-50836,Grocery,3,38.33,114.99
900302,50082,SKU-78194,Electronics,4,19.81,79.24
900303,50082,SKU-83162,Electronics,1,135.33,135.33
900304,50082,SKU-48604,Electronics,1,10.74,10.74
900305,50082,SKU-84407,Grocery,4,42.08,168.32
900306,50082,SKU-34010,Apparel,4,10.95,43.8
900307,50083,SKU-54035,Grocery,4,59.78,239.12
900308,50083,SKU-98361,Sports,1,21.92,21.92
900309,50083,SKU-99391,Home,3,45.9,137.7
900310,50083,SKU-15544,Grocery,1,42.36,42.36
900311,50084,SKU-85857,Grocery,1,21.38,21.38
900312,50084,SKU-99978,Sports,3,42.94,128.82
900313,50085,SKU-49220,Sports,3,33.53,100.59
900314,50085,SKU-45143,Electronics,3,13.52,40.56
900315,50085,SKU-81103,Grocery,2,23.96,47.92
900316,50085,SKU-73234,Sports,1,7.61,7.61
900317,50085,SKU-20800,Electronics,2,27.29,54.58
900318,50086,SKU-79817,Sports,4,9.55,38.2
900319,50087,SKU-42630,Grocery,4,8.27,33.08
900320,50087,SKU-29095,Sports,4,53.65,214.6
900321,50087,SKU-22773,Home,1,48.73,48.73
900322,50087,SKU-29109,Sports,3,30.01,90.03
900323,50088,SKU-19187,Home,2,57.77,115.54
900324,50088,SKU-14757,Sports,3,37.63,112.89
900325,50088,SKU-33642,Home,2,48.57,97.14
900326,50088,SKU-29871,Home,1,49.14,49.14
900327,50088,SKU-38496,Apparel,3,15.79,47.37
900328,50088,SKU-75082,Grocery,2,18.58,37.16
900329,50089,SKU-42890,Home,2,10.41,20.82
900330,50089,SKU-49791,Electronics,1,15.82,15.82
900331,50089,SKU-21076,Grocery,2,11.21,22.42
900332,50090,SKU-35070,Apparel,3,18.21,54.63
900333,50091,SKU-62929,Electronics,2,10.4,20.8
900334,50091,SKU-55086,Grocery,2,25.36,50.72
900335,50091,SKU-63963,Electronics,2,10.31,20.62
900336,50091,SKU-82098,Electronics,3,22.04,66.12
900337,50092,SKU-94954,Sports,4,21.78,87.12
900338,50092,SKU-14282,Home,1,46.27,46.27
900339,50092,SKU-20659,Electronics,3,15.83,47.49
900340,50092,SKU-37621,Sports,4,32.64,130.56
900341,50092,SKU-35498,Grocery,2,7.91,15.82
900342,50092,SKU-87854,Apparel,2,30.39,60.78
900343,50093,SKU-20692,Home,4,26.29,105.16
900344,50093,SKU-71074,Grocery,4,24.97,99.88
900345,50093,SKU-90676,Grocery,2,8.32,16.64
900346,50093,SKU-32046,Home,2,12.61,25.22
900347,50094,SKU-51581,Home,1,7.78,7.78
900348,50094,SKU-23963,Electronics,3,62.28,186.84
900349,50095,SKU-15355,Sports,1,11.89,11.89
900350,50095,SKU-60205,Electronics,4,29.48,117.92
900351,50096,SKU-97098,Home,3,12.98,38.94
900352,50096,SKU-10516,Home,3,15.99,47.97
900353,50096,SKU-27038,Sports,3,15.01,45.03
900354,50096,SKU-12036,Home,1,11.76,11.76
900355,50096,SKU-97916,Apparel,1,15.58,15.58
900356,50096,SKU-11221,Grocery,2,11.71,23.42
900357,50097,SKU-53773,Grocery,4,122.75,491.0
900358,50097,SKU-70900,Apparel,1,21.97,21.97
900359,50097,SKU-33637,Grocery,4,28.81,115.24
900360,50097,SKU-62279,Electronics,4,12.11,48.44
900361,50098,SKU-88493,Sports,4,14.41,57.64
900362,50098,SKU-34860,Grocery,2,16.19,32.38
900363,50099,SKU-52754,Sports,1,15.68,15.68
900364,50100,SKU-69669,Electronics,2,44.18,88.36
900365,50100,SKU-24387,Electronics,2,19.18,38.36
900366,50100,SKU-63244,Electronics,1,57.62,57.62
900367,50101,SKU-13876,Home,2,12.45,24.9
900368,50102,SKU-15354,Electronics,3,29.54,88.62
900369,50102,SKU-33443,Apparel,3,12.96,38.88
900370,50102,SKU-63827,Grocery,3,10.61,31.83
900371,50102,SKU-97078,Sports,3,52.7,158.1
900372,50102,SKU-67297,Sports,3,5.54,16.62
900373,50102,SKU-28193,Sports,2,13.15,26.3
900374,50103,SKU-77232,Electronics,3,5.82,17.46
900375,50104,SKU-63580,Electronics,2,72.11,144.22
900376,50104,SKU-66532,Electronics,3,14.16,42.48
900377,50104,SKU-75175,Sports,3,37.29,111.87
900378,50104,SKU-76441,Grocery,1,10.63,10.63
900379,50105,SKU-13049,Electronics,4,39.18,156.72
900380,50105,SKU-86582,Grocery,4,40.53,162.12
900381,50105,SKU-37316,Apparel,1,33.85,33.85
900382,50105,SKU-14058,Apparel,1,26.92,26.92
900383,50105,SKU-10786,Apparel,4,62.78,251.12
900384,50106,SKU-84475,Grocery,2,16.46,32.92
900385,50107,SKU-18591,Electronics,4,13.09,52.36
900386,50107,SKU-24345,Electronics,1,32.18,32.18
900387,50107,SKU-10549,Electronics,1,29.45,29.45
900388,50108,SKU-97989,Apparel,1,71.32,71.32
900389,50108,SKU-27375,Grocery,1,71.75,71.75
900390,50108,SKU-41655,Electronics,1,97.74,97.74
900391,50108,SKU-71477,Home,4,26.78,107.12
900392,50108,SKU-16702,Electronics,4,15.49,61.96
900393,50109,SKU-12261,Apparel,3,67.34,202.02
900394,50109,SKU-81117,Grocery,4,35.28,141.12
900395,50110,SKU-73736,Electronics,3,23.69,71.07
900396,50110,SKU-75534,Apparel,3,3.75,11.25
900397,50110,SKU-52228,Electronics,4,48.25,193.0
900398,50110,SKU-13128,Electronics,1,27.87,27.87
900399,50111,SKU-92160,Sports,1,24.7,24.7
900400,50111,SKU-81912,Home,3,42.93,128.79
900401,50111,SKU-86694,Home,4,14.33,57.32
900402,50111,SKU-45534,Electronics,3,9.9,29.7
900403,50111,SKU-37488,Apparel,2,9.41,18.82
900404,50111,SKU-19682,Apparel,2,10.14,20.28
900405,50112,SKU-69028,Home,3,33.76,101.28
900406,50112,SKU-44159,Electronics,3,24.37,73.11
900407,50113,SKU-64064,Sports,3,48.37,145.11
900408,50113,SKU-51108,Apparel,3,8.56,25.68
900409,50113,SKU-97329,Home,3,20.72,62.16
900410,50113,SKU-21051,Electronics,3,29.85,89.55
900411,50113,SKU-53142,Electronics,1,10.2,10.2
900412,50113,SKU-93022,Grocery,2,19.64,39.28
900413,50114,SKU-45883,Grocery,2,5.11,10.22
900414,50114,SKU-76233,Home,2,45.62,91.24
900415,50114,SKU-54819,Apparel,3,27.02,81.06
900416,50115,SKU-64626,Electronics,3,10.72,32.16
900417,50115,SKU-51031,Home,2,28.6,57.2
900418,50115,SKU-83730,Grocery,4,14.1,56.4
900419,50115,SKU-73359,Sports,1,31.01,31.01
900420,50115,SKU-23048,Sports,2,34.53,69.06
900421,50115,SKU-40056,Sports,1,20.92,20.92
900422,50116,SKU-91776,Sports,4,17.09,68.36
900423,50117,SKU-90141,Electronics,2,37.75,75.5
900424,50117,SKU-73397,Electronics,1,21.87,21.87
900425,50117,SKU-57565,Sports,2,43.17,86.34
900426,50117,SKU-13796,Apparel,1,20.52,20.52
900427,50117,SKU-92111,Home,2,51.62,103.24
900428,50118,SKU-44302,Sports,3,20.55,61.65
900429,50118,SKU-76977,Home,2,10.95,21.9
900430,50118,SKU-66847,Sports,4,19.22,76.88
900431,50118,SKU-97279,Apparel,1,23.41,23.41
900432,50118,SKU-48461,Electronics,4,43.18,172.72
900433,50119,SKU-25117,Sports,3,55.0,165.0
900434,50119,SKU-29843,Grocery,2,8.12,16.24
900435,50119,SKU-84264,Sports,2,73.98,147.96
900436,50119,SKU-68514,Apparel,2,10.95,21.9
900437,50120,SKU-94030,Grocery,4,28.64,114.56
900438,50120,SKU-22346,Electronics,1,58.07,58.07
900439,50120,SKU-29992,Grocery,3,6.97,20.91
900440,50121,SKU-84412,Electronics,3,23.95,71.85
900441,50121,SKU-79904,Electronics,3,7.68,23.04
900442,50121,SKU-12310,Grocery,2,16.34,32.68
900443,50122,SKU-46680,Sports,3,6.61,19.83
900444,50122,SKU-90291,Grocery,2,29.53,59.06
900445,50123,SKU-79536,Grocery,4,8.03,32.12
900446,50123,SKU-20948,Electronics,2,21.24,42.48
900447,50123,SKU-47791,Sports,1,38.2,38.2
900448,50123,SKU-99671,Electronics,3,18.28,54.84
900449,50123,SKU-79161,Grocery,1,10.15,10.15
900450,50123,SKU-59312,Electronics,3,65.19,195.57
900451,50124,SKU-97998,Home,2,8.41,16.82
900452,50124,SKU-37320,Sports,4,11.93,47.72
900453,50124,SKU-67712,Home,1,44.18,44.18
900454,50124,SKU-31794,Grocery,4,6.85,27.4
900455,50124,SKU-37639,Electronics,2,25.7,51.4
900456,50124,SKU-86916,Home,4,46.26,185.04
900457,50125,SKU-78568,Home,1,56.24,56.24
900458,50126,SKU-45488,Grocery,2,9.09,18.18
900459,50126,SKU-35246,Apparel,2,10.6,21.2
900460,50126,SKU-73998,Sports,2,60.11,120.22
900461,50127,SKU-86177,Home,3,11.96,35.88
900462,50127,SKU-49979,Home,1,16.64,16.64
900463,50127,SKU-63197,Electronics,1,11.29,11.29
900464,50127,SKU-30483,Sports,3,15.27,45.81
900465,50128,SKU-11610,Apparel,2,20.6,41.2
900466,50128,SKU-65090,Sports,4,9.15,36.6
900467,50128,SKU-68934,Sports,3,49.25,147.75
900468,50128,SKU-58806,Sports,4,66.85,267.4
900469,50128,SKU-50266,Home,1,27.99,27.99
900470,50128,SKU-69742,Electronics,1,61.8,61.8
900471,50129,SKU-28672,Home,2,55.0,110.0
900472,50130,SKU-31592,Home,2,8.44,16.88
900473,50130,SKU-61313,Electronics,4,22.58,90.32
900474,50130,SKU-84816,Sports,2,37.78,75.56
900475,50130,SKU-46314,Sports,3,6.78,20.34
900476,50130,SKU-28329,Grocery,2,28.49,56.98
900477,50131,SKU-69556,Grocery,1,3.88,3.88
900478,50131,SKU-98999,Home,1,8.74,8.74
900479,50132,SKU-36425,Electronics,2,14.93,29.86
900480,50132,SKU-36670,Grocery,4,14.74,58.96
900481,50133,SKU-90147,Sports,4,14.65,58.6
900482,50133,SKU-86547,Electronics,1,35.13,35.13
900483,50133,SKU-13243,Home,4,22.14,88.56
900484,50133,SKU-24363,Apparel,1,3.92,3.92
900485,50134,SKU-67668,Home,1,21.34,21.34
900486,50134,SKU-56781,Sports,1,14.57,14.57
900487,50134,SKU-89105,Apparel,2,12.43,24.86
900488,50134,SKU-45150,Electronics,1,38.26,38.26
900489,50134,SKU-99850,Apparel,4,20.32,81.28
900490,50135,SKU-27276,Electronics,4,5.03,20.12
900491,50135,SKU-83288,Home,4,21.71,86.84
900492,50136,SKU-90374,Home,2,10.86,21.72
900493,50136,SKU-40172,Grocery,3,12.25,36.75
900494,50136,SKU-78564,Electronics,4,16.63,66.52
900495,50136,SKU-60070,Home,1,32.71,32.71
900496,50136,SKU-52471,Grocery,1,5.42,5.42
900497,50136,SKU-17252,Sports,4,22.83,91.32
900498,50137,SKU-47524,Grocery,4,12.94,51.76
900499,50137,SKU-27831,Grocery,2,26.26,52.52
900500,50137,SKU-74106,Apparel,2,31.03,62.06
900501,50138,SKU-19972,Home,2,6.92,13.84
900502,50139,SKU-79574,Electronics,4,12.99,51.96
900503,50139,SKU-91316,Electronics,2,22.34,44.68
900504,50139,SKU-10229,Sports,2,46.41,92.82
900505,50139,SKU-69394,Apparel,1,24.67,24.67
900506,50139,SKU-14264,Home,3,35.65,106.95
900507,50139,SKU-83199,Home,4,11.08,44.32
900508,50140,SKU-52271,Sports,3,4.19,12.57
900509,50140,SKU-36070,Grocery,1,51.12,51.12
900510,50140,SKU-16390,Apparel,3,6.99,20.97
900511,50140,SKU-36478,Sports,2,15.26,30.52
900512,50141,SKU-40605,Electronics,1,15.86,15.86
900513,50142,SKU-95715,Apparel,3,5.98,17.94
900514,50143,SKU-10552,Electronics,2,33.33,66.66
900515,50143,SKU-92080,Apparel,4,20.59,82.36
900516,50143,SKU-81601,Home,2,22.05,44.1
900517,50143,SKU-56383,Home,1,78.43,78.43
900518,50143,SKU-59458,Sports,2,18.56,37.12
900519,50144,SKU-40939,Electronics,1,14.47,14.47
900520,50144,SKU-13412,Grocery,2,89.8,179.6
900521,50144,SKU-52237,Home,3,39.22,117.66
900522,50145,SKU-97023,Home,2,80.06,160.12
900523,50145,SKU-18394,Grocery,4,11.02,44.08
900524,50145,SKU-67405,Electronics,1,18.31,18.31
900525,50145,SKU-61804,Electronics,3,10.95,32.85
900526,50145,SKU-64852,Electronics,1,21.63,21.63
900527,50145,SKU-21978,Grocery,4,16.73,66.92
900528,50146,SKU-65364,Home,2,23.64,47.28
900529,50146,SKU-10507,Grocery,2,36.09,72.18
900530,50146,SKU-28939,Apparel,1,19.21,19.21
900531,50146,SKU-62549,Electronics,3,26.86,80.58
900532,50146,SKU-83952,Sports,2,15.73,31.46
900533,50147,SKU-83522,Electronics,4,4.71,18.84
900534,50147,SKU-66979,Sports,1,9.3,9.3
900535,50147,SKU-64806,Apparel,2,16.54,33.08
900536,50147,SKU-75664,Apparel,2,7.09,14.18
900537,50147,SKU-74303,Electronics,3,11.67,35.01
900538,50148,SKU-98218,Electronics,2,23.47,46.94
900539,50149,SKU-24861,Home,2,24.85,49.7
900540,50149,SKU-12208,Home,4,7.95,31.8
900541,50149,SKU-92796,Apparel,4,11.77,47.08
900542,50150,SKU-74563,Electronics,1,14.25,14.25
900543,50150,SKU-38267,Sports,1,26.69,26.69
900544,50150,SKU-12175,Sports,3,15.29,45.87
900545,50151,SKU-54385,Grocery,4,24.2,96.8
900546,50151,SKU-69250,Apparel,2,7.13,14.26
900547,50151,SKU-94399,Sports,4,7.73,30.92
900548,50151,SKU-15390,Apparel,4,2.79,11.16
900549,50151,SKU-68039,Grocery,4,34.96,139.84
900550,50151,SKU-59107,Sports,1,80.03,80.03
900551,50152,SKU-45692,Apparel,4,32.87,131.48
900552,50152,SKU-89145,Apparel,2,12.61,25.22
900553,50152,SKU-25567,Grocery,4,27.8,111.2
900554,50152,SKU-69623,Home,1,10.39,10.39
900555,50152,SKU-91229,Electronics,2,12.42,24.84
900556,50152,SKU-36727,Electronics,2,32.45,64.9
900557,50153,SKU-25671,Electronics,1,18.99,18.99
900558,50154,SKU-47993,Electronics,4,74.98,299.92
900559,50154,SKU-15639,Electronics,3,19.13,57.39
900560,50154,SKU-19973,Sports,3,6.79,20.37
900561,50154,SKU-19650,Electronics,1,27.73,27.73
900562,50154,SKU-93583,Apparel,3,10.22,30.66
900563,50155,SKU-49094,Apparel,2,10.78,21.56
900564,50156,SKU-95416,Apparel,4,21.04,84.16
900565,50156,SKU-70757,Sports,2,48.24,96.48
900566,50156,SKU-39210,Electronics,4,23.99,95.96
900567,50156,SKU-25995,Grocery,1,9.56,9.56
900568,50156,SKU-42688,Sports,1,19.15,19.15
900569,50157,SKU-85742,Apparel,4,5.07,20.28
900570,50157,SKU-23569,Electronics,4,16.94,67.76
900571,50157,SKU-23491,Home,4,20.27,81.08
900572,50157,SKU-70476,Electronics,4,19.16,76.64
900573,50158,SKU-39321,Apparel,3,42.64,127.92
900574,50158,SKU-69056,Grocery,1,12.45,12.45
900575,50158,SKU-71575,Home,4,20.74,82.96
900576,50158,SKU-96961,Home,1,18.05,18.05
900577,50159,SKU-25647,Electronics,2,28.69,57.38
900578,50160,SKU-41685,Home,2,29.7,59.4
900579,50160,SKU-61119,Sports,3,12.35,37.05
900580,50160,SKU-37970,Home,3,39.9,119.7
900581,50161,SKU-41559,Apparel,3,8.26,24.78
900582,50161,SKU-56846,Home,4,69.37,277.48
900583,50162,SKU-30393,Home,3,19.48,58.44
900584,50162,SKU-98439,Grocery,4,6.75,27.0
900585,50162,SKU-79704,Apparel,2,9.98,19.96
900586,50162,SKU-44225,Grocery,3,6.74,20.22
900587,50163,SKU-28118,Grocery,1,12.15,12.15
900588,50163,SKU-27651,Electronics,1,10.72,10.72
900589,50163,SKU-20011,Grocery,4,16.7,66.8
900590,50163,SKU-26664,Electronics,3,22.7,68.1
900591,50164,SKU-61317,Electronics,1,5.79,5.79
900592,50164,SKU-55763,Home,3,20.99,62.97
900593,50165,SKU-56846,Home,1,9.36,9.36
900594,50165,SKU-13655,Grocery,2,17.93,35.86
900595,50165,SKU-93151,Grocery,4,22.1,88.4
900596,50165,SKU-49148,Grocery,4,165.34,661.36
900597,50165,SKU-29471,Sports,1,23.65,23.65
900598,50166,SKU-46014,Electronics,1,29.98,29.98
900599,50166,SKU-70005,Electronics,4,14.57,58.28
900600,50166,SKU-37223,Sports,2,25.29,50.58
900601,50167,SKU-93118,Home,3,22.36,67.08
900602,50168,SKU-71618,Sports,4,23.1,92.4
900603,50169,SKU-96766,Grocery,2,45.89,91.78
900604,50169,SKU-12321,Apparel,2,15.71,31.42
900605,50169,SKU-13072,Sports,4,73.13,292.52
900606,50169,SKU-44477,Sports,2,50.47,100.94
900607,50170,SKU-50446,Apparel,3,49.34,148.02
900608,50170,SKU-37073,Electronics,4,22.66,90.64
900609,50170,SKU-59562,Home,4,34.56,138.24
900610,50171,SKU-32380,Grocery,2,20.58,41.16
900611,50171,SKU-34556,Electronics,1,9.59,9.59
900612,50171,SKU-95740,Electronics,1,5.48,5.48
900613,50171,SKU-91276,Sports,1,22.08,22.08
900614,50171,SKU-16606,Sports,2,27.31,54.62
900615,50172,SKU-72095,Grocery,4,15.51,62.04
900616,50172,SKU-25661,Sports,1,25.96,25.96
900617,50172,SKU-66791,Electronics,4,53.75,215.0
900618,50172,SKU-34393,Apparel,4,5.87,23.48
900619,50173,SKU-17134,Grocery,3,16.82,50.46
900620,50173,SKU-39068,Electronics,2,50.06,100.12
900621,50173,SKU-90856,Apparel,3,11.88,35.64
900622,50173,SKU-56722,Electronics,1,13.85,13.85
900623,50173,SKU-80926,Electronics,2,8.24,16.48
900624,50174,SKU-27211,Home,3,11.48,34.44
900625,50175,SKU-37387,Electronics,1,30.21,30.21
900626,50176,SKU-66715,Home,2,7.88,15.76
900627,50176,SKU-86465,Grocery,1,12.04,12.04
900628,50177,SKU-36144,Home,4,27.13,108.52
900629,50177,SKU-15079,Electronics,4,32.67,130.68
900630,50177,SKU-74437,Home,2,20.8,41.6
900631,50177,SKU-42379,Grocery,3,28.48,85.44
900632,50177,SKU-77173,Home,4,44.9,179.6
900633,50178,SKU-18074,Grocery,3,4.5,13.5
900634,50178,SKU-93774,Sports,2,42.99,85.98
900635,50178,SKU-99614,Home,4,45.54,182.16
900636,50178,SKU-31220,Electronics,3,37.79,113.37
900637,50178,SKU-90195,Sports,2,40.98,81.96
900638,50179,SKU-97911,Apparel,1,22.22,22.22
900639,50179,SKU-84387,Electronics,2,42.07,84.14
900640,50179,SKU-87486,Home,2,66.95,133.9
900641,50179,SKU-40917,Electronics,4,14.64,58.56
900642,50180,SKU-16314,Home,2,4.57,9.14
900643,50180,SKU-58794,Electronics,1,15.34,15.34
900644,50180,SKU-32482,Electronics,4,12.7,50.8
900645,50181,SKU-60035,Apparel,2,37.59,75.18
900646,50181,SKU-38136,Electronics,4,36.87,147.48
900647,50181,SKU-72316,Electronics,1,23.91,23.91
900648,50181,SKU-89433,Home,1,50.43,50.43
900649,50182,SKU-64071,Home,3,11.07,33.21
900650,50183,SKU-15411,Apparel,1,12.61,12.61
900651,50183,SKU-37366,Home,1,25.83,25.83
900652,50183,SKU-49268,Apparel,1,42.41,42.41
900653,50184,SKU-38972,Apparel,2,44.34,88.68
900654,50185,SKU-31108,Home,1,43.24,43.24
900655,50185,SKU-39743,Electronics,1,11.32,11.32
900656,50185,SKU-67471,Sports,3,61.83,185.49
900657,50185,SKU-35503,Home,1,27.29,27.29
900658,50185,SKU-12047,Sports,4,24.61,98.44
900659,50185,SKU-21093,Grocery,2,10.5,21.0
900660,50186,SKU-79672,Electronics,3,16.74,50.22
900661,50187,SKU-22680,Grocery,4,50.07,200.28
900662,50188,SKU-35466,Grocery,4,12.66,50.64
900663,50188,SKU-21083,Home,4,31.98,127.92
900664,50188,SKU-65513,Grocery,1,7.55,7.55
900665,50189,SKU-24892,Electronics,4,5.35,21.4
900666,50189,SKU-63421,Electronics,1,25.91,25.91
900667,50190,SKU-73581,Sports,4,82.14,328.56
900668,50190,SKU-44241,Electronics,3,19.36,58.08
900669,50191,SKU-30052,Grocery,4,21.54,86.16
900670,50191,SKU-26500,Electronics,2,35.36,70.72
900671,50191,SKU-93657,Electronics,4,32.42,129.68
900672,50191,SKU-65219,Electronics,2,37.33,74.66
900673,50191,SKU-25699,Sports,3,11.19,33.57
900674,50191,SKU-33281,Grocery,3,20.88,62.64
900675,50192,SKU-54724,Electronics,3,12.38,37.14
900676,50192,SKU-38972,Sports,1,33.89,33.89
900677,50193,SKU-16305,Grocery,1,15.64,15.64
900678,50193,SKU-32272,Grocery,4,177.72,710.88
900679,50193,SKU-82980,Electronics,4,6.7,26.8
900680,50193,SKU-54275,Home,4,8.27,33.08
900681,50193,SKU-49676,Electronics,3,28.45,85.35
900682,50194,SKU-16400,Home,1,16.82,16.82
900683,50194,SKU-40496,Electronics,2,12.11,24.22
900684,50194,SKU-21065,Electronics,3,16.96,50.88
900685,50194,SKU-32395,Apparel,1,12.14,12.14
900686,50194,SKU-42771,Electronics,4,24.02,96.08
900687,50194,SKU-61800,Home,1,14.24,14.24
900688,50195,SKU-62037,Grocery,2,27.68,55.36
900689,50195,SKU-43887,Apparel,1,16.62,16.62
900690,50195,SKU-96413,Grocery,3,9.25,27.75
900691,50196,SKU-83001,Sports,4,52.25,209.0
900692,50196,SKU-75549,Electronics,2,43.87,87.74
900693,50196,SKU-29588,Grocery,4,17.4,69.6
900694,50196,SKU-58502,Grocery,1,38.21,38.21
900695,50196,SKU-61111,Sports,3,32.08,96.24
900696,50196,SKU-53255,Electronics,2,15.86,31.72
900697,50197,SKU-48373,Electronics,1,40.0,40.0
900698,50197,SKU-64336,Sports,3,34.06,102.18
900699,50197,SKU-82745,Home,3,11.48,34.44
900700,50198,SKU-17707,Home,3,64.6,193.8
900701,50198,SKU-40555,Sports,3,26.56,79.68
900702,50198,SKU-49030,Sports,4,17.79,71.16
900703,50198,SKU-93609,Grocery,1,17.88,17.88
900704,50198,SKU-13353,Home,2,6.54,13.08
900705,50199,SKU-33769,Apparel,4,5.96,23.84
900706,50200,SKU-30350,Home,3,21.96,65.88
900707,50200,SKU-51983,Apparel,4,20.92,83.68
900708,50200,SKU-97334,Home,4,8.35,33.4
900709,50200,SKU-40948,Electronics,1,10.9,10.9
900710,50200,SKU-66689,Apparel,1,11.77,11.77
900711,50200,SKU-67342,Home,3,58.18,174.54
900712,50201,SKU-15121,Grocery,1,23.68,23.68
900713,50201,SKU-40389,Sports,4,8.89,35.56
900714,50201,SKU-85878,Sports,1,36.92,36.92
900715,50201,SKU-65968,Grocery,4,19.7,78.8
900716,50201,SKU-39139,Sports,1,12.74,12.74
900717,50201,SKU-52180,Electronics,1,33.35,33.35
900718,50202,SKU-75791,Electronics,4,6.62,26.48
900719,50202,SKU-30034,Grocery,4,38.3,153.2
900720,50202,SKU-54588,Electronics,1,29.45,29.45
900721,50202,SKU-91398,Electronics,4,32.4,129.6
900722,50202,SKU-20179,Sports,4,13.96,55.84
900723,50203,SKU-66566,Sports,3,36.02,108.06
900724,50204,SKU-23139,Grocery,3,16.19,48.57
900725,50204,SKU-77027,Sports,3,17.11,51.33
900726,50204,SKU-17754,Home,2,36.5,73.0
900727,50204,SKU-45479,Grocery,1,18.5,18.5
900728,50205,SKU-54691,Electronics,1,36.86,36.86
900729,50205,SKU-90749,Electronics,4,5.12,20.48
900730,50205,SKU-67983,Home,1,19.1,19.1
900731,50205,SKU-42994,Home,4,18.45,73.8
900732,50206,SKU-61551,Home,3,7.14,21.42
900733,50206,SKU-53829,Grocery,2,14.18,28.36
900734,50206,SKU-76640,Apparel,1,15.02,15.02
900735,50206,SKU-80482,Apparel,1,15.01,15.01
900736,50207,SKU-68961,Grocery,3,47.87,143.61
900737,50207,SKU-81528,Apparel,1,87.07,87.07
900738,50207,SKU-66482,Grocery,3,25.93,77.79
900739,50207,SKU-15631,Grocery,3,36.22,108.66
900740,50208,SKU-32518,Sports,3,34.09,102.27
900741,50209,SKU-76286,Home,1,20.75,20.75
900742,50209,SKU-65019,Apparel,1,12.06,12.06
900743,50209,SKU-10436,Grocery,3,16.52,49.56
900744,50209,SKU-35895,Electronics,2,15.24,30.48
900745,50210,SKU-94332,Grocery,3,24.18,72.54
900746,50210,SKU-14572,Sports,1,57.9,57.9
900747,50210,SKU-39493,Sports,4,15.71,62.84
900748,50211,SKU-77732,Apparel,4,49.53,198.12
900749,50211,SKU-41469,Apparel,1,27.1,27.1
900750,50211,SKU-19303,Grocery,4,9.59,38.36
900751,50211,SKU-92417,Home,1,58.98,58.98
900752,50212,SKU-84188,Home,1,14.47,14.47
900753,50213,SKU-27858,Home,1,15.78,15.78
900754,50213,SKU-57329,Electronics,3,11.72,35.16
900755,50214,SKU-68810,Electronics,3,14.21,42.63
900756,50214,SKU-71875,Apparel,2,23.54,47.08
900757,50214,SKU-79178,Grocery,3,38.74,116.22
900758,50214,SKU-60747,Sports,3,39.95,119.85
900759,50214,SKU-57706,Sports,4,8.47,33.88
900760,50215,SKU-47383,Home,2,10.95,21.9
900761,50215,SKU-24381,Apparel,4,17.63,70.52
900762,50215,SKU-92484,Grocery,1,7.73,7.73
900763,50215,SKU-51056,Sports,2,24.79,49.58
900764,50216,SKU-93830,Grocery,3,49.13,147.39
900765,50216,SKU-95630,Electronics,4,19.85,79.4
900766,50216,SKU-41853,Sports,4,37.21,148.84
900767,50216,SKU-96654,Apparel,4,12.37,49.48
900768,50216,SKU-46093,Home,1,66.26,66.26
900769,50217,SKU-54529,Sports,1,31.01,31.01
900770,50217,SKU-96127,Grocery,1,21.21,21.21
900771,50218,SKU-31240,Grocery,3,11.62,34.86
900772,50218,SKU-36085,Grocery,2,42.07,84.14
900773,50219,SKU-87739,Home,4,22.33,89.32
900774,50220,SKU-54628,Electronics,4,8.34,33.36
900775,50220,SKU-13544,Grocery,2,18.16,36.32
900776,50220,SKU-75490,Apparel,1,2.61,2.61
900777,50220,SKU-27913,Apparel,1,95.5,95.5
900778,50220,SKU-38134,Apparel,4,8.92,35.68
900779,50220,SKU-61397,Apparel,4,17.01,68.04
900780,50221,SKU-91312,Grocery,1,46.16,46.16
900781,50221,SKU-96027,Sports,2,20.6,41.2
900782,50221,SKU-10174,Home,2,13.32,26.64
900783,50221,SKU-67378,Grocery,1,27.6,27.6
900784,50222,SKU-26107,Sports,3,9.05,27.15
900785,50222,SKU-86455,Home,1,64.06,64.06
900786,50222,SKU-93161,Electronics,1,44.71,44.71
900787,50222,SKU-72326,Electronics,2,20.08,40.16
900788,50222,SKU-25198,Grocery,3,32.54,97.62
900789,50222,SKU-57775,Electronics,3,30.24,90.72
900790,50223,SKU-62447,Electronics,1,11.04,11.04
900791,50224,SKU-28504,Electronics,2,17.09,34.18
900792,50225,SKU-76068,Home,3,64.93,194.79
900793,50225,SKU-37920,Apparel,2,4.83,9.66
900794,50225,SKU-51805,Apparel,1,19.53,19.53
900795,50226,SKU-52594,Apparel,3,26.48,79.44
900796,50226,SKU-55160,Apparel,2,57.24,114.48
900797,50226,SKU-41070,Electronics,3,4.84,14.52
900798,50226,SKU-91592,Apparel,2,8.41,16.82
900799,50226,SKU-67448,Sports,2,18.14,36.28
900800,50226,SKU-59172,Grocery,2,37.54,75.08
900801,50227,SKU-95383,Grocery,2,42.27,84.54
900802,50227,SKU-31633,Sports,1,25.35,25.35
900803,50227,SKU-30954,Electronics,1,13.71,13.71
900804,50227,SKU-52306,Apparel,1,13.8,13.8
900805,50227,SKU-36982,Home,4,14.17,56.68
900806,50227,SKU-24873,Apparel,3,16.77,50.31
900807,50228,SKU-14585,Apparel,2,50.95,101.9
900808,50228,SKU-38603,Electronics,1,60.72,60.72
900809,50229,SKU-89310,Grocery,2,12.26,24.52
900810,50229,SKU-38667,Grocery,2,48.38,96.76
900811,50229,SKU-71634,Home,2,14.68,29.36
900812,50229,SKU-72067,Sports,2,11.13,22.26
900813,50229,SKU-34198,Electronics,4,13.45,53.8
900814,50229,SKU-66133,Grocery,4,27.39,109.56
900815,50230,SKU-39632,Grocery,4,50.84,203.36
900816,50230,SKU-71078,Sports,2,68.31,136.62
900817,50230,SKU-95629,Grocery,4,13.99,55.96
900818,50230,SKU-98636,Home,2,38.01,76.02
900819,50230,SKU-33699,Grocery,4,11.71,46.84
900820,50231,SKU-71594,Electronics,1,34.83,34.83
900821,50232,SKU-71242,Home,3,35.6,106.8
900822,50232,SKU-92953,Home,4,12.03,48.12
900823,50232,SKU-64898,Apparel,3,14.15,42.45
900824,50232,SKU-48591,Electronics,2,9.56,19.12
900825,50233,SKU-11320,Home,3,21.7,65.1
900826,50233,SKU-98220,Home,4,49.02,196.08
900827,50233,SKU-67881,Home,1,64.15,64.15
900828,50233,SKU-56546,Electronics,2,29.28,58.56
900829,50233,SKU-79819,Home,1,62.34,62.34
900830,50233,SKU-78500,Sports,2,13.82,27.64
900831,50234,SKU-46746,Electronics,3,18.62,55.86
900832,50234,SKU-55689,Electronics,3,18.36,55.08
900833,50234,SKU-16807,Electronics,1,30.4,30.4
900834,50234,SKU-21425,Sports,3,16.02,48.06
900835,50234,SKU-20039,Apparel,3,3.98,11.94
900836,50234,SKU-38413,Electronics,2,15.88,31.76
900837,50235,SKU-25674,Apparel,4,25.06,100.24
900838,50235,SKU-35471,Apparel,1,15.19,15.19
900839,50235,SKU-63012,Electronics,3,21.41,64.23
900840,50236,SKU-23585,Grocery,1,90.67,90.67
900841,50236,SKU-53486,Home,3,22.0,66.0
900842,50236,SKU-75905,Electronics,1,26.9,26.9
900843,50236,SKU-30585,Electronics,4,18.38,73.52
900844,50236,SKU-59048,Apparel,4,83.19,332.76
900845,50237,SKU-42197,Grocery,4,17.14,68.56
900846,50237,SKU-37600,Sports,1,17.52,17.52
900847,50238,SKU-62206,Home,4,8.62,34.48
900848,50238,SKU-13992,Grocery,3,16.06,48.18
900849,50238,SKU-86230,Electronics,4,39.29,157.16
900850,50238,SKU-85981,Apparel,4,5.16,20.64
900851,50238,SKU-55773,Sports,3,14.9,44.7
900852,50238,SKU-10215,Grocery,1,36.74,36.74
900853,50239,SKU-80730,Electronics,2,6.32,12.64
900854,50239,SKU-64546,Sports,4,18.67,74.68
900855,50239,SKU-22855,Electronics,2,33.8,67.6
900856,50240,SKU-51784,Apparel,1,40.0,40.0
900857,50241,SKU-12172,Home,1,8.09,8.09
900858,50241,SKU-27283,Electronics,1,21.29,21.29
900859,50241,SKU-65132,Apparel,3,15.87,47.61
900860,50241,SKU-17018,Sports,4,29.03,116.12
900861,50241,SKU-51686,Grocery,1,14.64,14.64
900862,50242,SKU-26799,Electronics,4,17.21,68.84
900863,50242,SKU-80825,Electronics,1,33.26,33.26
900864,50242,SKU-32143,Grocery,3,5.4,16.2
900865,50242,SKU-57761,Apparel,1,42.11,42.11
900866,50242,SKU-82649,Home,3,12.48,37.44
900867,50243,SKU-87560,Grocery,1,13.87,13.87
900868,50243,SKU-94940,Home,4,32.47,129.88
900869,50243,SKU-91745,Home,1,15.03,15.03
900870,50244,SKU-41531,Home,2,8.18,16.36
900871,50244,SKU-60227,Electronics,4,35.99,143.96
900872,50244,SKU-48176,Sports,1,21.32,21.32
900873,50244,SKU-75102,Apparel,3,15.52,46.56
900874,50245,SKU-60597,Electronics,4,33.21,132.84
900875,50245,SKU-69105,Electronics,3,10.03,30.09
900876,50246,SKU-54445,Home,4,21.29,85.16
900877,50246,SKU-88936,Electronics,2,24.82,49.64
900878,50246,SKU-77835,Grocery,1,12.92,12.92
900879,50247,SKU-12775,Home,1,23.62,23.62
900880,50247,SKU-88693,Apparel,1,39.59,39.59
900881,50247,SKU-83095,Electronics,1,18.52,18.52
900882,50248,SKU-31526,Grocery,3,43.89,131.67
900883,50248,SKU-34538,Apparel,3,18.56,55.68
900884,50248,SKU-71893,Home,3,11.36,34.08
900885,50248,SKU-34815,Sports,3,11.21,33.63
900886,50249,SKU-45657,Electronics,3,18.56,55.68
900887,50249,SKU-61945,Apparel,4,27.27,109.08
900888,50249,SKU-94441,Grocery,3,14.24,42.72
900889,50250,SKU-38113,Home,1,18.94,18.94
900890,50250,SKU-51079,Sports,3,11.91,35.73
900891,50250,SKU-60229,Sports,3,8.45,25.35
900892,50251,SKU-63497,Grocery,4,10.47,41.88
900893,50251,SKU-58101,Sports,3,7.79,23.37
900894,50251,SKU-89632,Home,2,27.17,54.34
900895,50251,SKU-41275,Sports,1,7.12,7.12
900896,50251,SKU-37966,Apparel,4,6.42,25.68
900897,50251,SKU-61326,Apparel,1,38.89,38.89
900898,50252,SKU-47836,Grocery,2,32.79,65.58
900899,50252,SKU-37846,Grocery,3,43.34,130.02
900900,50252,SKU-54797,Electronics,1,54.65,54.65
900901,50252,SKU-39193,Sports,3,11.58,34.74
900902,50253,SKU-72923,Apparel,4,6.13,24.52
900903,50253,SKU-41846,Home,3,14.67,44.01
900904,50253,SKU-50257,Grocery,1,6.72,6.72
900905,50254,SKU-63542,Home,2,12.8,25.6
900906,50254,SKU-76388,Home,1,16.86,16.86
900907,50254,SKU-29054,Grocery,1,35.87,35.87
900908,50254,SKU-22710,Electronics,4,12.95,51.8
900909,50254,SKU-51035,Home,3,29.02,87.06
900910,50255,SKU-83588,Electronics,1,17.96,17.96
900911,50256,SKU-57123,Apparel,3,23.39,70.17
900912,50256,SKU-25773,Electronics,2,63.38,126.76
900913,50256,SKU-75420,Grocery,4,59.41,237.64
900914,50256,SKU-54646,Sports,4,9.7,38.8
900915,50257,SKU-54606,Apparel,2,5.47,10.94
900916,50258,SKU-52497,Sports,2,31.93,63.86
900917,50258,SKU-31030,Electronics,3,35.48,106.44
900918,50259,SKU-81350,Home,2,107.99,215.98
900919,50259,SKU-83086,Sports,1,21.22,21.22
900920,50259,SKU-16215,Electronics,3,32.86,98.58
900921,50259,SKU-44313,Electronics,4,18.98,75.92
900922,50260,SKU-11277,Sports,2,15.04,30.08
900923,50260,SKU-35065,Apparel,2,34.73,69.46
900924,50260,SKU-64455,Sports,3,72.92,218.76
900925,50260,SKU-98848,Apparel,2,30.54,61.08
900926,50260,SKU-72525,Sports,2,64.38,128.76
900927,50260,SKU-36385,Electronics,3,22.35,67.05
900928,50261,SKU-63846,Sports,3,17.59,52.77
900929,50261,SKU-91213,Home,4,7.22,28.88
900930,50261,SKU-32648,Apparel,1,37.65,37.65
900931,50261,SKU-31304,Apparel,2,11.07,22.14
900932,50261,SKU-94838,Sports,1,23.86,23.86
900933,50262,SKU-35611,Electronics,2,13.92,27.84
900934,50262,SKU-26019,Sports,2,40.66,81.32
900935,50263,SKU-51305,Apparel,1,22.76,22.76
900936,50263,SKU-75064,Grocery,3,18.06,54.18
900937,50264,SKU-97658,Home,3,29.85,89.55
900938,50264,SKU-35828,Home,1,21.98,21.98
900939,50264,SKU-96757,Sports,1,23.14,23.14
900940,50264,SKU-68630,Electronics,1,11.55,11.55
900941,50265,SKU-44872,Apparel,3,15.13,45.39
900942,50265,SKU-77967,Sports,1,14.95,14.95
900943,50265,SKU-96153,Home,1,109.91,109.91
900944,50265,SKU-45775,Home,1,17.43,17.43
900945,50266,SKU-87760,Electronics,2,49.3,98.6
900946,50266,SKU-89469,Apparel,1,22.92,22.92
900947,50267,SKU-98974,Grocery,2,9.25,18.5
900948,50267,SKU-95270,Apparel,2,24.63,49.26
900949,50267,SKU-20817,Apparel,3,15.03,45.09
900950,50267,SKU-49335,Apparel,2,4.79,9.58
900951,50267,SKU-98063,Home,2,37.55,75.1
900952,50268,SKU-18964,Apparel,3,45.81,137.43
900953,50268,SKU-65193,Electronics,4,24.17,96.68
900954,50268,SKU-97083,Home,1,13.81,13.81
900955,50269,SKU-19990,Sports,1,21.39,21.39
900956,50269,SKU-18849,Sports,4,11.69,46.76
900957,50269,SKU-57975,Apparel,1,26.69,26.69
900958,50269,SKU-64292,Electronics,4,12.68,50.72
900959,50270,SKU-14121,Home,2,35.94,71.88
900960,50271,SKU-83620,Home,3,22.1,66.3
900961,50271,SKU-20288,Grocery,1,17.55,17.55
900962,50271,SKU-13044,Grocery,1,84.94,84.94
900963,50271,SKU-18185,Electronics,1,47.63,47.63
900964,50272,SKU-79847,Electronics,4,32.79,131.16
900965,50272,SKU-90588,Sports,1,19.59,19.59
900966,50272,SKU-69262,Home,2,28.34,56.68
900967,50272,SKU-59609,Sports,4,13.63,54.52
900968,50273,SKU-56200,Grocery,2,15.53,31.06
900969,50273,SKU-61146,Grocery,4,11.42,45.68
900970,50273,SKU-30271,Electronics,3,6.87,20.61
900971,50274,SKU-56484,Electronics,4,12.58,50.32
900972,50274,SKU-13275,Sports,3,9.98,29.94
900973,50275,SKU-73669,Electronics,4,10.29,41.16
900974,50275,SKU-40504,Grocery,1,68.97,68.97
900975,50275,SKU-11036,Electronics,1,18.94,18.94
900976,50275,SKU-32505,Home,2,21.47,42.94
900977,50276,SKU-77762,Grocery,1,27.4,27.4
900978,50276,SKU-97621,Sports,4,30.91,123.64
900979,50277,SKU-72029,Home,3,6.57,19.71
900980,50278,SKU-68838,Electronics,3,6.2,18.6
900981,50279,SKU-87965,Sports,2,51.65,103.3
900982,50279,SKU-55545,Grocery,3,27.09,81.27
900983,50279,SKU-41002,Home,4,14.43,57.72
900984,50279,SKU-73977,Electronics,4,5.3,21.2
900985,50279,SKU-50084,Apparel,3,12.22,36.66
900986,50280,SKU-77543,Apparel,3,33.1,99.3
900987,50280,SKU-60057,Sports,2,23.82,47.64
900988,50280,SKU-28084,Sports,2,278.08,556.16
900989,50280,SKU-12837,Electronics,2,24.53,49.06
900990,50280,SKU-95251,Grocery,1,19.31,19.31
900991,50281,SKU-90369,Apparel,2,26.27,52.54
900992,50281,SKU-48218,Apparel,4,30.42,121.68
900993,50281,SKU-46093,Sports,2,38.89,77.78
900994,50281,SKU-62245,Sports,2,23.37,46.74
900995,50281,SKU-20844,Grocery,2,33.77,67.54
900996,50282,SKU-78140,Home,2,26.63,53.26
900997,50282,SKU-24536,Home,1,31.66,31.66
900998,50283,SKU-94195,Home,2,24.59,49.18
900999,50283,SKU-35334,Electronics,2,25.15,50.3
901000,50283,SKU-58102,Sports,2,10.85,21.7
901001,50284,SKU-69734,Home,1,16.71,16.71
901002,50284,SKU-62670,Grocery,2,26.82,53.64
901003,50284,SKU-31866,Sports,1,22.19,22.19
901004,50284,SKU-52747,Grocery,4,14.6,58.4
901005,50284,SKU-17160,Home,4,17.18,68.72
901006,50284,SKU-75416,Sports,2,23.71,47.42
901007,50285,SKU-19701,Electronics,2,11.43,22.86
901008,50286,SKU-22962,Grocery,1,41.25,41.25
901009,50286,SKU-62924,Electronics,3,29.51,88.53
901010,50286,SKU-19557,Electronics,1,6.79,6.79
901011,50286,SKU-85762,Home,2,19.71,39.42
901012,50286,SKU-59049,Grocery,2,11.42,22.84
901013,50286,SKU-43306,Sports,3,19.81,59.43
901014,50287,SKU-60451,Sports,2,16.38,32.76
901015,50287,SKU-25041,Sports,3,28.1,84.3
901016,50287,SKU-53861,Electronics,3,60.23,180.69
901017,50287,SKU-30572,Home,3,14.28,42.84
901018,50287,SKU-83871,Grocery,3,18.81,56.43
901019,50288,SKU-86475,Apparel,3,9.43,28.29
901020,50289,SKU-14142,Apparel,4,19.59,78.36
901021,50289,SKU-81248,Grocery,1,14.29,14.29
901022,50289,SKU-35827,Electronics,4,15.0,60.0
901023,50290,SKU-98545,Grocery,3,51.79,155.37
901024,50290,SKU-76211,Sports,3,12.38,37.14
901025,50290,SKU-42617,Home,3,55.37,166.11
901026,50290,SKU-44544,Sports,4,24.51,98.04
901027,50290,SKU-83847,Electronics,3,7.45,22.35
901028,50290,SKU-74783,Grocery,1,32.94,32.94
901029,50291,SKU-44110,Sports,4,27.44,109.76
901030,50291,SKU-55428,Apparel,1,18.31,18.31
901031,50291,SKU-67053,Apparel,3,9.7,29.1
901032,50291,SKU-27212,Grocery,2,24.21,48.42
901033,50291,SKU-96856,Electronics,3,7.29,21.87
901034,50291,SKU-84212,Home,4,55.32,221.28
901035,50292,SKU-76982,Home,2,55.91,111.82
901036,50292,SKU-82644,Grocery,4,22.55,90.2
901037,50293,SKU-89594,Apparel,3,48.66,145.98
901038,50293,SKU-39083,Sports,3,14.01,42.03
901039,50293,SKU-32776,Apparel,3,4.84,14.52
901040,50293,SKU-52181,Grocery,2,39.05,78.1
901041,50293,SKU-78448,Home,4,43.98,175.92
901042,50293,SKU-34738,Electronics,3,64.82,194.46
901043,50294,SKU-83346,Apparel,3,23.43,70.29
901044,50294,SKU-98422,Home,3,14.98,44.94
901045,50294,SKU-15427,Apparel,3,76.27,228.81
901046,50294,SKU-85272,Home,2,9.73,19.46
901047,50295,SKU-26709,Grocery,2,15.01,30.02
901048,50295,SKU-87686,Grocery,1,20.04,20.04
901049,50295,SKU-42760,Home,3,18.03,54.09
901050,50295,SKU-36457,Sports,4,19.43,77.72
901051,50295,SKU-85013,Home,2,19.18,38.36
901052,50296,SKU-12326,Home,1,44.14,44.14
901053,50297,SKU-53853,Sports,1,101.77,101.77
901054,50298,SKU-36384,Sports,2,16.11,32.22
901055,50298,SKU-79267,Apparel,1,18.12,18.12
901056,50298,SKU-81458,Apparel,4,45.91,183.64
901057,50298,SKU-60210,Home,2,14.08,28.16
901058,50298,SKU-70045,Home,2,10.58,21.16
901059,50299,SKU-43411,Grocery,2,49.1,98.2
901060,50300,SKU-39167,Apparel,2,23.21,46.42
901061,50300,SKU-54635,Electronics,2,51.27,102.54
901062,50300,SKU-62410,Sports,3,36.63,109.89
901063,50300,SKU-38730,Electronics,2,47.93,95.86
901064,50301,SKU-76547,Electronics,4,31.53,126.12
901065,50302,SKU-74444,Grocery,2,15.67,31.34
901066,50302,SKU-59648,Sports,1,20.36,20.36
901067,50302,SKU-14237,Apparel,1,49.05,49.05
901068,50302,SKU-72412,Electronics,4,34.11,136.44
901069,50302,SKU-13484,Home,2,11.87,23.74
901070,50302,SKU-37785,Grocery,2,13.43,26.86
901071,50303,SKU-22023,Apparel,2,19.48,38.96
901072,50303,SKU-79863,Grocery,2,13.92,27.84
901073,50303,SKU-58219,Home,3,11.96,35.88
901074,50303,SKU-82353,Apparel,1,37.47,37.47
901075,50304,SKU-21408,Apparel,1,53.09,53.09
901076,50304,SKU-30619,Apparel,3,14.37,43.11
901077,50304,SKU-90961,Grocery,3,14.01,42.03
901078,50304,SKU-93021,Home,2,18.55,37.1
901079,50304,SKU-63486,Apparel,2,35.86,71.72
901080,50304,SKU-41619,Sports,1,120.35,120.35
901081,50305,SKU-78189,Grocery,1,39.57,39.57
901082,50305,SKU-85006,Apparel,4,48.8,195.2
901083,50305,SKU-24433,Electronics,2,4.88,9.76
901084,50305,SKU-88132,Home,4,28.91,115.64
901085,50305,SKU-31416,Apparel,1,98.66,98.66
901086,50305,SKU-29176,Electronics,4,23.69,94.76
901087,50306,SKU-44388,Grocery,4,64.48,257.92
901088,50306,SKU-79290,Sports,3,45.9,137.7
901089,50307,SKU-80574,Electronics,1,19.96,19.96
901090,50307,SKU-15898,Grocery,3,35.62,106.86
901091,50307,SKU-38196,Apparel,1,8.16,8.16
901092,50307,SKU-11001,Apparel,1,43.21,43.21
901093,50307,SKU-32286,Electronics,4,11.0,44.0
901094,50308,SKU-31324,Grocery,4,17.75,71.0
901095,50308,SKU-97053,Apparel,1,23.9,23.9
901096,50308,SKU-47929,Grocery,3,17.02,51.06
901097,50308,SKU-85290,Sports,1,39.27,39.27
901098,50308,SKU-37304,Electronics,3,22.92,68.76
901099,50308,SKU-86718,Electronics,2,41.94,83.88
901100,50309,SKU-44101,Sports,1,38.37,38.37
901101,50309,SKU-79998,Sports,1,16.81,16.81
901102,50310,SKU-89795,Electronics,3,24.38,73.14
901103,50310,SKU-54470,Electronics,3,15.31,45.93
901104,50311,SKU-69220,Home,2,19.14,38.28
901105,50311,SKU-89746,Home,3,28.61,85.83
901106,50311,SKU-62173,Electronics,1,18.94,18.94
901107,50311,SKU-87934,Grocery,2,15.96,31.92
901108,50311,SKU-20451,Home,1,78.07,78.07
901109,50312,SKU-25466,Sports,1,24.81,24.81
901110,50312,SKU-50292,Home,4,13.66,54.64
901111,50312,SKU-61550,Apparel,1,22.87,22.87
901112,50312,SKU-46687,Apparel,2,10.23,20.46
901113,50313,SKU-36090,Electronics,3,116.76,350.28
901114,50314,SKU-58975,Electronics,2,7.05,14.1
901115,50315,SKU-50207,Sports,2,57.1,114.2
901116,50315,SKU-99640,Grocery,3,12.81,38.43
901117,50315,SKU-68049,Electronics,4,18.81,75.24
901118,50315,SKU-69067,Electronics,3,23.68,71.04
901119,50315,SKU-26578,Sports,3,45.1,135.3
901120,50316,SKU-60234,Apparel,2,18.18,36.36
901121,50316,SKU-45902,Apparel,2,17.8,35.6
901122,50316,SKU-33093,Grocery,1,26.87,26.87
901123,50317,SKU-50333,Sports,4,22.3,89.2
901124,50317,SKU-62640,Grocery,3,11.37,34.11
901125,50317,SKU-32256,Home,3,3.86,11.58
901126,50317,SKU-55327,Home,3,26.04,78.12
901127,50317,SKU-60523,Grocery,3,36.58,109.74
901128,50317,SKU-82442,Apparel,4,31.89,127.56
901129,50318,SKU-52033,Home,3,45.12,135.36
901130,50318,SKU-92303,Electronics,3,19.26,57.78
901131,50318,SKU-18788,Apparel,2,20.92,41.84
901132,50319,SKU-30563,Sports,3,29.03,87.09
901133,50319,SKU-47927,Sports,4,82.99,331.96
901134,50319,SKU-28124,Grocery,2,29.81,59.62
901135,50320,SKU-64279,Grocery,1,20.82,20.82
901136,50320,SKU-44692,Apparel,3,33.91,101.73
901137,50320,SKU-87590,Sports,3,95.16,285.48
901138,50321,SKU-94054,Home,3,16.62,49.86
901139,50321,SKU-64904,Electronics,2,43.54,87.08
901140,50321,SKU-43194,Home,3,15.42,46.26
901141,50322,SKU-20148,Electronics,1,22.63,22.63
901142,50322,SKU-59222,Grocery,2,10.41,20.82
901143,50322,SKU-37379,Home,4,14.62,58.48
901144,50322,SKU-50217,Sports,4,67.0,268.0
901145,50322,SKU-29365,Apparel,2,19.83,39.66
901146,50322,SKU-81553,Apparel,2,20.98,41.96
901147,50323,SKU-86705,Home,2,8.36,16.72
901148,50323,SKU-53952,Grocery,1,34.66,34.66
901149,50324,SKU-72826,Home,2,33.52,67.04
901150,50324,SKU-21265,Home,4,43.81,175.24
901151,50324,SKU-78531,Sports,2,7.71,15.42
901152,50324,SKU-87451,Apparel,2,23.29,46.58
901153,50324,SKU-52871,Home,2,115.26,230.52
901154,50325,SKU-74094,Home,4,10.62,42.48
901155,50325,SKU-90702,Sports,4,14.84,59.36
901156,50325,SKU-67261,Home,2,14.09,28.18
901157,50326,SKU-30052,Electronics,3,51.2,153.6
901158,50327,SKU-61577,Home,4,33.94,135.76
901159,50327,SKU-19179,Sports,3,15.03,45.09
901160,50327,SKU-92828,Apparel,2,21.86,43.72
901161,50327,SKU-57250,Sports,3,77.48,232.44
901162,50327,SKU-85621,Apparel,4,7.17,28.68
901163,50328,SKU-34303,Apparel,2,43.17,86.34
901164,50328,SKU-58797,Grocery,3,17.86,53.58
901165,50328,SKU-66739,Sports,2,31.48,62.96
901166,50328,SKU-59103,Apparel,4,51.8,207.2
901167,50328,SKU-74450,Sports,3,15.25,45.75
901168,50328,SKU-13291,Grocery,1,8.5,8.5
901169,50329,SKU-64315,Electronics,4,9.41,37.64
901170,50330,SKU-97647,Electronics,3,28.54,85.62
901171,50330,SKU-82085,Home,2,18.85,37.7
901172,50330,SKU-47879,Grocery,3,32.94,98.82
901173,50330,SKU-10191,Apparel,4,8.36,33.44
901174,50330,SKU-31196,Home,4,12.97,51.88
901175,50330,SKU-51805,Grocery,2,30.85,61.7
901176,50331,SKU-73567,Electronics,1,12.44,12.44
901177,50331,SKU-38192,Grocery,3,50.47,151.41
901178,50332,SKU-26578,Sports,4,32.55,130.2
901179,50332,SKU-38697,Home,4,20.16,80.64
901180,50332,SKU-33730,Electronics,1,42.57,42.57
901181,50333,SKU-37481,Electronics,3,10.9,32.7
901182,50333,SKU-25173,Home,3,19.11,57.33
901183,50333,SKU-71968,Apparel,2,9.43,18.86
901184,50333,SKU-81750,Grocery,4,15.09,60.36
901185,50333,SKU-38469,Apparel,3,19.63,58.89
901186,50333,SKU-71469,Grocery,1,26.99,26.99
901187,50334,SKU-82606,Grocery,2,22.3,44.6
901188,50334,SKU-66216,Electronics,4,16.17,64.68
901189,50334,SKU-26740,Sports,1,10.8,10.8
901190,50334,SKU-37996,Sports,1,7.92,7.92
901191,50334,SKU-76415,Electronics,1,21.3,21.3
901192,50334,SKU-41407,Apparel,4,8.73,34.92
901193,50335,SKU-89337,Apparel,3,9.7,29.1
901194,50335,SKU-41019,Electronics,3,7.89,23.67
901195,50335,SKU-58482,Home,1,27.27,27.27
901196,50336,SKU-48746,Sports,1,12.03,12.03
901197,50336,SKU-75112,Electronics,2,16.02,32.04
901198,50337,SKU-46745,Home,1,82.46,82.46
901199,50337,SKU-26283,Home,1,24.01,24.01
901200,50337,SKU-90635,Apparel,4,18.7,74.8
901201,50337,SKU-99878,Home,2,14.43,28.86
901202,50338,SKU-31147,Grocery,1,84.07,84.07
901203,50338,SKU-74244,Sports,4,11.21,44.84
901204,50338,SKU-57398,Apparel,2,13.6,27.2
901205,50338,SKU-69550,Apparel,4,42.86,171.44
901206,50338,SKU-19774,Apparel,4,16.03,64.12
901207,50339,SKU-79113,Electronics,4,20.33,81.32
901208,50339,SKU-31493,Sports,2,4.58,9.16
901209,50339,SKU-38196,Sports,1,42.76,42.76
901210,50340,SKU-97438,Sports,3,18.47,55.41
901211,50340,SKU-20061,Grocery,1,13.72,13.72
901212,50340,SKU-17818,Home,3,20.64,61.92
901213,50340,SKU-59373,Grocery,1,25.55,25.55
901214,50340,SKU-57099,Sports,1,3.61,3.61
901215,50340,SKU-75230,Sports,2,25.35,50.7
901216,50341,SKU-65898,Electronics,2,9.82,19.64
901217,50342,SKU-38138,Sports,2,15.07,30.14
901218,50342,SKU-94261,Sports,3,10.83,32.49
901219,50342,SKU-53016,Grocery,2,14.76,29.52
901220,50342,SKU-67264,Home,4,67.81,271.24
901221,50342,SKU-45372,Electronics,4,33.69,134.76
901222,50343,SKU-33147,Home,1,4.52,4.52
901223,50343,SKU-11031,Home,4,27.07,108.28
901224,50343,SKU-76161,Sports,4,9.14,36.56
901225,50343,SKU-45153,Electronics,1,10.21,10.21
901226,50343,SKU-33212,Grocery,4,183.21,732.84
901227,50344,SKU-65153,Sports,3,10.33,30.99
901228,50344,SKU-96864,Electronics,2,45.81,91.62
901229,50345,SKU-22815,Grocery,2,13.95,27.9
901230,50345,SKU-98825,Home,3,46.99,140.97
901231,50346,SKU-17032,Home,4,89.74,358.96
901232,50346,SKU-12150,Home,4,76.15,304.6
901233,50346,SKU-55431,Home,2,28.36,56.72
901234,50347,SKU-43324,Grocery,2,43.52,87.04
901235,50347,SKU-53689,Grocery,3,9.05,27.15
901236,50347,SKU-13149,Home,1,19.5,19.5
901237,50348,SKU-73286,Sports,2,20.5,41.0
901238,50349,SKU-90360,Grocery,1,10.58,10.58
901239,50349,SKU-88298,Apparel,2,9.36,18.72
901240,50349,SKU-16108,Home,2,45.94,91.88
901241,50349,SKU-40774,Electronics,3,8.38,25.14
901242,50350,SKU-44927,Grocery,3,42.95,128.85
901243,50350,SKU-28141,Home,4,14.07,56.28
901244,50351,SKU-56292,Home,3,8.01,24.03
901245,50351,SKU-81528,Apparel,1,18.9,18.9
901246,50351,SKU-92370,Sports,3,12.69,38.07
901247,50351,SKU-98626,Home,2,46.96,93.92
901248,50351,SKU-84467,Electronics,3,13.48,40.44
901249,50352,SKU-31115,Grocery,3,21.07,63.21
901250,50352,SKU-99618,Sports,4,11.16,44.64
901251,50352,SKU-11499,Grocery,4,20.94,83.76
901252,50352,SKU-71890,Grocery,4,13.23,52.92
901253,50353,SKU-43599,Apparel,4,32.94,131.76
901254,50353,SKU-76290,Home,4,37.93,151.72
901255,50353,SKU-53203,Electronics,1,42.69,42.69
901256,50354,SKU-61928,Home,4,11.35,45.4
901257,50354,SKU-57435,Home,2,15.69,31.38
901258,50354,SKU-86545,Electronics,4,31.92,127.68
901259,50354,SKU-70652,Apparel,3,20.15,60.45
901260,50354,SKU-88922,Electronics,1,6.44,6.44
901261,50355,SKU-33222,Home,2,14.18,28.36
901262,50355,SKU-95282,Home,2,45.19,90.38
901263,50355,SKU-68041,Electronics,4,65.04,260.16
901264,50356,SKU-97941,Apparel,1,23.54,23.54
901265,50356,SKU-58093,Sports,3,112.9,338.7
901266,50357,SKU-82060,Grocery,3,32.17,96.51
901267,50357,SKU-73011,Sports,4,52.4,209.6
901268,50357,SKU-78222,Apparel,3,30.1,90.3
901269,50357,SKU-96432,Sports,2,8.02,16.04
901270,50357,SKU-97199,Grocery,3,17.51,52.53
901271,50357,SKU-62362,Grocery,3,18.22,54.66
901272,50358,SKU-72442,Grocery,3,10.28,30.84
901273,50358,SKU-90748,Electronics,3,11.54,34.62
901274,50358,SKU-93354,Electronics,2,85.42,170.84
901275,50358,SKU-85667,Grocery,3,18.39,55.17
901276,50359,SKU-63190,Sports,4,8.6,34.4
901277,50359,SKU-50495,Electronics,2,6.51,13.02
901278,50360,SKU-80571,Sports,2,8.22,16.44
901279,50361,SKU-32293,Electronics,4,32.84,131.36
901280,50361,SKU-39064,Apparel,4,25.06,100.24
901281,50361,SKU-26973,Sports,1,14.22,14.22
901282,50361,SKU-85361,Grocery,1,24.1,24.1
901283,50362,SKU-69710,Sports,2,36.54,73.08
901284,50362,SKU-76063,Sports,1,42.07,42.07
901285,50362,SKU-69063,Apparel,1,12.59,12.59
901286,50362,SKU-72501,Grocery,3,62.88,188.64
901287,50362,SKU-89583,Apparel,2,9.67,19.34
901288,50363,SKU-76542,Grocery,2,35.11,70.22
901289,50364,SKU-41627,Apparel,4,13.31,53.24
901290,50364,SKU-33130,Apparel,1,6.05,6.05
901291,50365,SKU-35992,Electronics,1,30.83,30.83
901292,50365,SKU-26939,Sports,4,15.6,62.4
901293,50365,SKU-85313,Sports,2,23.4,46.8
901294,50366,SKU-75801,Home,4,41.17,164.68
901295,50366,SKU-68926,Apparel,3,21.41,64.23
901296,50367,SKU-22468,Grocery,4,4.6,18.4
901297,50367,SKU-23986,Apparel,1,27.09,27.09
901298,50367,SKU-15209,Home,4,41.64,166.56
901299,50368,SKU-42021,Electronics,3,18.41,55.23
901300,50368,SKU-90209,Grocery,3,9.86,29.58
901301,50368,SKU-32540,Sports,4,48.84,195.36
901302,50368,SKU-19858,Sports,1,29.08,29.08
901303,50368,SKU-26199,Sports,1,54.83,54.83
901304,50369,SKU-26218,Apparel,4,17.39,69.56
901305,50369,SKU-47809,Apparel,2,27.46,54.92
901306,50369,SKU-21225,Electronics,1,15.87,15.87
901307,50369,SKU-23031,Grocery,1,30.63,30.63
901308,50369,SKU-52690,Grocery,2,8.09,16.18
901309,50369,SKU-33993,Apparel,1,39.77,39.77
901310,50370,SKU-46692,Electronics,4,11.89,47.56
901311,50370,SKU-33557,Sports,1,17.93,17.93
901312,50370,SKU-16552,Grocery,3,42.85,128.55
901313,50370,SKU-35673,Sports,4,19.57,78.28
901314,50370,SKU-12374,Apparel,4,13.72,54.88
901315,50371,SKU-70556,Electronics,2,29.65,59.3
901316,50372,SKU-46599,Apparel,1,12.23,12.23
901317,50372,SKU-57947,Electronics,1,19.69,19.69
901318,50373,SKU-69769,Apparel,2,14.35,28.7
901319,50373,SKU-48265,Electronics,2,20.16,40.32
901320,50373,SKU-48871,Home,1,26.02,26.02
901321,50373,SKU-97279,Apparel,3,21.37,64.11
901322,50373,SKU-75886,Apparel,4,38.59,154.36
901323,50374,SKU-74405,Grocery,3,9.22,27.66
901324,50374,SKU-96601,Home,4,18.02,72.08
901325,50374,SKU-34666,Sports,1,39.09,39.09
901326,50374,SKU-20919,Apparel,3,4.46,13.38
901327,50375,SKU-65966,Home,3,42.56,127.68
901328,50376,SKU-19609,Sports,3,19.48,58.44
901329,50376,SKU-56687,Sports,3,63.86,191.58
901330,50376,SKU-33801,Electronics,2,87.89,175.78
901331,50376,SKU-82661,Grocery,4,22.36,89.44
901332,50377,SKU-65525,Sports,4,12.59,50.36
901333,50378,SKU-89125,Home,3,32.26,96.78
901334,50378,SKU-43798,Electronics,4,19.96,79.84
901335,50378,SKU-40511,Home,2,30.45,60.9
901336,50378,SKU-58369,Sports,1,14.23,14.23
901337,50379,SKU-86193,Home,4,67.11,268.44
901338,50379,SKU-74454,Sports,4,23.23,92.92
901339,50379,SKU-47896,Home,4,20.61,82.44
901340,50379,SKU-60114,Sports,4,13.7,54.8
901341,50379,SKU-87804,Grocery,3,8.48,25.44
901342,50380,SKU-50840,Home,3,39.35,118.05
901343,50380,SKU-79282,Sports,3,17.16,51.48
901344,50381,SKU-31778,Electronics,2,11.1,22.2
901345,50382,SKU-85554,Sports,2,48.93,97.86
901346,50382,SKU-37644,Apparel,2,25.06,50.12
901347,50382,SKU-43651,Grocery,1,25.28,25.28
901348,50383,SKU-74043,Apparel,4,57.31,229.24
901349,50383,SKU-41611,Grocery,3,60.16,180.48
901350,50383,SKU-13212,Grocery,3,21.41,64.23
901351,50384,SKU-39902,Grocery,4,25.97,103.88
901352,50384,SKU-18185,Grocery,4,18.61,74.44
901353,50384,SKU-21137,Electronics,2,83.36,166.72
901354,50384,SKU-31869,Electronics,4,24.21,96.84
901355,50384,SKU-64174,Apparel,3,32.84,98.52
901356,50384,SKU-55890,Sports,2,48.63,97.26
901357,50385,SKU-62438,Home,1,12.39,12.39
901358,50385,SKU-55008,Sports,3,18.42,55.26
901359,50385,SKU-13101,Home,4,16.29,65.16
901360,50385,SKU-53791,Electronics,2,12.86,25.72
901361,50385,SKU-78657,Grocery,4,33.48,133.92
901362,50385,SKU-93556,Apparel,1,13.12,13.12
901363,50386,SKU-25982,Apparel,2,21.79,43.58
901364,50386,SKU-82142,Electronics,2,65.23,130.46
901365,50386,SKU-41823,Grocery,4,11.78,47.12
901366,50387,SKU-77914,Electronics,3,72.6,217.8
901367,50388,SKU-14006,Sports,2,30.65,61.3
901368,50388,SKU-30410,Sports,3,16.36,49.08
901369,50388,SKU-70439,Electronics,2,20.07,40.14
901370,50388,SKU-23439,Electronics,2,24.11,48.22
901371,50388,SKU-37428,Sports,2,34.9,69.8
901372,50389,SKU-76675,Sports,2,30.07,60.14
901373,50389,SKU-34494,Apparel,2,17.49,34.98
901374,50390,SKU-82398,Home,3,14.72,44.16
901375,50391,SKU-87865,Sports,4,84.59,338.36
901376,50391,SKU-60996,Sports,1,30.29,30.29
901377,50391,SKU-41637,Grocery,4,10.92,43.68
901378,50391,SKU-65371,Sports,4,51.62,206.48
901379,50392,SKU-36852,Grocery,2,51.61,103.22
901380,50392,SKU-36204,Home,1,50.1,50.1
901381,50392,SKU-84348,Home,1,23.12,23.12
901382,50392,SKU-62093,Grocery,1,8.95,8.95
901383,50392,SKU-26688,Apparel,4,20.93,83.72
901384,50392,SKU-58761,Grocery,4,54.88,219.52
901385,50393,SKU-26151,Sports,4,29.34,117.36
901386,50393,SKU-79342,Grocery,3,19.27,57.81
901387,50394,SKU-98135,Electronics,2,16.94,33.88
901388,50394,SKU-53623,Apparel,2,67.94,135.88
901389,50394,SKU-40032,Apparel,2,7.57,15.14
901390,50395,SKU-95832,Home,2,9.92,19.84
901391,50395,SKU-91978,Home,1,54.91,54.91
901392,50395,SKU-73994,Grocery,4,16.55,66.2
901393,50395,SKU-21851,Apparel,2,10.1,20.2
901394,50395,SKU-93173,Apparel,4,15.88,63.52
901395,50395,SKU-14813,Apparel,1,67.06,67.06
901396,50396,SKU-97898,Electronics,2,27.36,54.72
901397,50396,SKU-65450,Sports,2,27.84,55.68
901398,50397,SKU-52626,Home,1,19.79,19.79
901399,50397,SKU-85802,Sports,2,9.64,19.28
901400,50397,SKU-21173,Apparel,3,52.53,157.59
901401,50397,SKU-69083,Sports,1,21.97,21.97
901402,50398,SKU-98161,Electronics,1,5.18,5.18
901403,50399,SKU-52377,Sports,1,13.81,13.81
901404,50399,SKU-76930,Electronics,4,14.2,56.8
901405,50399,SKU-55150,Electronics,1,51.22,51.22
901406,50400,SKU-18283,Grocery,2,5.68,11.36
901407,50400,SKU-41565,Grocery,2,12.3,24.6
901408,50401,SKU-95861,Electronics,2,21.34,42.68
901409,50401,SKU-65540,Grocery,1,23.96,23.96
901410,50401,SKU-72963,Apparel,2,7.59,15.18
901411,50401,SKU-39488,Home,3,95.46,286.38
901412,50401,SKU-71907,Grocery,4,6.15,24.6
901413,50402,SKU-83199,Home,2,10.72,21.44
901414,50402,SKU-17369,Electronics,1,26.76,26.76
901415,50402,SKU-40982,Sports,3,5.89,17.67
901416,50402,SKU-67130,Apparel,3,54.62,163.86
901417,50403,SKU-56754,Grocery,2,39.84,79.68
901418,50403,SKU-49887,Electronics,2,15.04,30.08
901419,50403,SKU-27439,Electronics,1,9.63,9.63
901420,50404,SKU-83180,Sports,3,11.78,35.34
901421,50404,SKU-28232,Electronics,4,67.59,270.36
901422,50404,SKU-63896,Apparel,1,14.54,14.54
901423,50405,SKU-13636,Sports,3,17.33,51.99
901424,50405,SKU-12369,Electronics,1,24.33,24.33
901425,50405,SKU-36840,Sports,3,41.93,125.79
901426,50405,SKU-79212,Home,4,18.79,75.16
901427,50406,SKU-26421,Apparel,1,74.19,74.19
901428,50406,SKU-77058,Grocery,4,6.24,24.96
901429,50406,SKU-56380,Sports,3,8.35,25.05
901430,50406,SKU-30134,Sports,1,29.91,29.91
901431,50407,SKU-36446,Apparel,1,27.43,27.43
901432,50407,SKU-67677,Electronics,2,28.33,56.66
901433,50408,SKU-81381,Apparel,2,23.17,46.34
901434,50409,SKU-56228,Electronics,3,17.94,53.82
901435,50410,SKU-69331,Apparel,3,43.93,131.79
901436,50410,SKU-47008,Home,2,39.09,78.18
901437,50410,SKU-32608,Sports,1,27.58,27.58
901438,50411,SKU-89163,Home,3,85.46,256.38
901439,50411,SKU-34132,Grocery,1,8.55,8.55
901440,50411,SKU-96049,Home,3,15.52,46.56
901441,50411,SKU-39867,Electronics,4,12.77,51.08
901442,50412,SKU-62533,Grocery,1,11.6,11.6
901443,50412,SKU-48568,Home,3,16.82,50.46
901444,50412,SKU-73071,Apparel,2,10.92,21.84
901445,50412,SKU-62452,Home,3,6.66,19.98
901446,50413,SKU-11015,Grocery,3,35.61,106.83
901447,50414,SKU-13266,Electronics,3,9.56,28.68
901448,50414,SKU-33874,Apparel,3,24.13,72.39
901449,50414,SKU-35817,Home,4,19.58,78.32
901450,50414,SKU-36359,Sports,2,22.32,44.64
901451,50415,SKU-79789,Apparel,3,70.64,211.92
901452,50415,SKU-15241,Sports,2,27.8,55.6
901453,50416,SKU-27848,Sports,1,14.23,14.23
901454,50416,SKU-41301,Electronics,4,14.9,59.6
901455,50416,SKU-86795,Electronics,3,19.74,59.22
901456,50416,SKU-92708,Grocery,4,33.58,134.32
901457,50416,SKU-50079,Home,1,30.2,30.2
901458,50416,SKU-63762,Apparel,1,20.62,20.62
901459,50417,SKU-95435,Apparel,4,18.0,72.0
901460,50417,SKU-81246,Apparel,4,18.11,72.44
901461,50417,SKU-26140,Grocery,3,35.62,106.86
901462,50417,SKU-10092,Sports,3,5.98,17.94
901463,50417,SKU-36824,Apparel,2,34.59,69.18
901464,50418,SKU-82536,Grocery,1,35.13,35.13
901465,50418,SKU-77914,Sports,1,25.87,25.87
901466,50418,SKU-82275,Grocery,4,5.08,20.32
901467,50418,SKU-11844,Sports,4,8.69,34.76
901468,50419,SKU-74661,Home,4,9.82,39.28
901469,50419,SKU-15838,Grocery,4,27.33,109.32
901470,50420,SKU-76613,Home,3,60.24,180.72
901471,50421,SKU-95317,Apparel,3,15.31,45.93
901472,50422,SKU-44025,Home,1,26.16,26.16
901473,50423,SKU-76188,Electronics,1,6.39,6.39
901474,50423,SKU-64286,Apparel,4,134.75,539.0
901475,50424,SKU-80538,Grocery,1,8.89,8.89
901476,50424,SKU-43524,Apparel,4,12.47,49.88
901477,50424,SKU-69806,Grocery,4,28.6,114.4
901478,50424,SKU-12010,Home,3,37.99,113.97
901479,50425,SKU-82136,Grocery,4,20.24,80.96
901480,50425,SKU-65983,Sports,3,7.89,23.67
901481,50425,SKU-55956,Apparel,1,27.97,27.97
901482,50425,SKU-15159,Sports,2,25.67,51.34
901483,50425,SKU-15000,Grocery,1,40.0,40.0
901484,50426,SKU-25307,Grocery,2,54.9,109.8
901485,50426,SKU-37603,Home,4,12.97,51.88
901486,50427,SKU-17031,Grocery,1,25.03,25.03
901487,50427,SKU-59033,Electronics,1,42.61,42.61
901488,50427,SKU-90966,Electronics,1,33.57,33.57
901489,50427,SKU-62864,Home,3,17.31,51.93
901490,50428,SKU-99156,Sports,2,7.48,14.96
901491,50428,SKU-57224,Apparel,2,11.81,23.62
901492,50428,SKU-17287,Electronics,2,8.0,16.0
901493,50429,SKU-54739,Sports,2,108.94,217.88
901494,50429,SKU-96085,Electronics,1,23.01,23.01
901495,50429,SKU-12706,Home,4,13.31,53.24
901496,50429,SKU-93835,Grocery,2,19.75,39.5
901497,50430,SKU-61628,Sports,1,38.14,38.14
901498,50430,SKU-10778,Sports,4,9.77,39.08
901499,50430,SKU-38174,Home,4,3.78,15.12
901500,50430,SKU-33662,Electronics,1,14.95,14.95
901501,50431,SKU-13420,Sports,2,14.64,29.28
901502,50431,SKU-78161,Home,4,26.79,107.16
901503,50432,SKU-69754,Home,1,28.92,28.92
901504,50432,SKU-93023,Electronics,2,10.49,20.98
901505,50432,SKU-95739,Home,2,9.81,19.62
901506,50432,SKU-47065,Grocery,1,26.08,26.08
901507,50432,SKU-91832,Apparel,1,8.21,8.21
901508,50433,SKU-86186,Electronics,2,21.34,42.68
901509,50433,SKU-86246,Sports,1,4.43,4.43
901510,50433,SKU-94865,Apparel,2,13.63,27.26
901511,50434,SKU-30025,Apparel,4,35.89,143.56
901512,50435,SKU-82271,Electronics,1,40.01,40.01
901513,50435,SKU-50789,Electronics,1,24.25,24.25
901514,50435,SKU-43893,Electronics,2,29.56,59.12
901515,50435,SKU-94749,Sports,1,21.52,21.52
901516,50435,SKU-85310,Sports,2,29.78,59.56
901517,50435,SKU-64139,Apparel,2,63.19,126.38
901518,50436,SKU-17128,Electronics,4,38.29,153.16
901519,50437,SKU-35292,Sports,4,16.57,66.28
901520,50437,SKU-39594,Home,1,49.82,49.82
901521,50437,SKU-98451,Grocery,4,17.15,68.6
901522,50437,SKU-56595,Grocery,4,50.82,203.28
901523,50437,SKU-48334,Home,4,10.86,43.44
901524,50438,SKU-44197,Sports,1,35.91,35.91
901525,50438,SKU-85768,Electronics,1,14.26,14.26
901526,50438,SKU-15717,Sports,3,90.22,270.66
901527,50439,SKU-23399,Electronics,2,36.32,72.64
901528,50439,SKU-91645,Electronics,3,21.76,65.28
901529,50439,SKU-47897,Electronics,1,20.26,20.26
901530,50440,SKU-67693,Grocery,3,16.46,49.38
901531,50440,SKU-26838,Apparel,3,7.03,21.09
901532,50441,SKU-33112,Apparel,3,5.06,15.18
901533,50441,SKU-93434,Apparel,3,16.0,48.0
901534,50441,SKU-46115,Grocery,4,25.54,102.16
901535,50441,SKU-91070,Sports,1,22.19,22.19
901536,50441,SKU-36139,Sports,4,27.13,108.52
901537,50441,SKU-66987,Apparel,1,55.44,55.44
901538,50442,SKU-91792,Electronics,3,14.42,43.26
901539,50442,SKU-61692,Home,4,16.08,64.32
901540,50442,SKU-35208,Sports,3,19.11,57.33
901541,50442,SKU-88937,Grocery,2,16.57,33.14
901542,50442,SKU-67028,Grocery,1,35.28,35.28
901543,50442,SKU-35084,Home,1,34.02,34.02
901544,50443,SKU-46163,Grocery,2,25.03,50.06
901545,50443,SKU-13564,Electronics,4,22.73,90.92
901546,50443,SKU-71876,Electronics,3,11.84,35.52
901547,50444,SKU-30243,Electronics,1,19.19,19.19
901548,50445,SKU-98014,Apparel,2,55.41,110.82
901549,50445,SKU-69262,Apparel,4,53.78,215.12
901550,50445,SKU-22336,Apparel,3,43.6,130.8
901551,50445,SKU-20787,Electronics,2,31.29,62.58
901552,50446,SKU-94086,Grocery,4,29.8,119.2
901553,50447,SKU-38249,Grocery,3,49.84,149.52
901554,50447,SKU-57351,Home,1,22.35,22.35
901555,50448,SKU-37712,Apparel,3,30.75,92.25
901556,50448,SKU-60822,Grocery,4,39.46,157.84
901557,50448,SKU-44649,Sports,2,21.79,43.58
901558,50448,SKU-46354,Electronics,1,9.87,9.87
901559,50448,SKU-47780,Electronics,2,34.21,68.42
901560,50449,SKU-23568,Home,4,15.23,60.92
901561,50449,SKU-63835,Sports,2,16.65,33.3
901562,50449,SKU-28379,Home,3,23.93,71.79
901563,50449,SKU-85082,Apparel,4,24.46,97.84
901564,50449,SKU-50791,Grocery,4,53.71,214.84
901565,50449,SKU-96272,Grocery,2,26.59,53.18
901566,50450,SKU-29146,Apparel,1,38.23,38.23
901567,50450,SKU-23916,Grocery,2,22.24,44.48
901568,50451,SKU-29471,Sports,2,87.46,174.92
901569,50451,SKU-76157,Apparel,1,18.26,18.26
901570,50451,SKU-51895,Home,1,20.33,20.33
901571,50451,SKU-33917,Electronics,3,14.96,44.88
901572,50452,SKU-72144,Sports,1,47.76,47.76
901573,50452,SKU-80548,Sports,3,33.7,101.1
901574,50452,SKU-50915,Electronics,2,25.17,50.34
901575,50452,SKU-67578,Electronics,4,35.31,141.24
901576,50453,SKU-96782,Electronics,2,16.96,33.92
901577,50453,SKU-90625,Sports,4,28.19,112.76
901578,50453,SKU-60054,Electronics,2,33.42,66.84
901579,50453,SKU-61013,Sports,2,11.1,22.2
901580,50453,SKU-39346,Apparel,3,35.67,107.01
901581,50453,SKU-59088,Sports,1,58.38,58.38
901582,50454,SKU-45482,Sports,2,17.31,34.62
901583,50454,SKU-12617,Home,3,8.77,26.31
901584,50454,SKU-42940,Electronics,1,47.77,47.77
901585,50454,SKU-49419,Sports,3,30.95,92.85
901586,50454,SKU-52911,Home,1,17.61,17.61
901587,50455,SKU-11571,Home,1,41.85,41.85
901588,50455,SKU-61086,Sports,4,31.22,124.88
901589,50455,SKU-38184,Apparel,3,5.72,17.16
901590,50456,SKU-57307,Grocery,4,115.48,461.92
901591,50456,SKU-33383,Electronics,1,16.34,16.34
901592,50457,SKU-45706,Sports,4,33.55,134.2
901593,50457,SKU-64290,Home,2,38.69,77.38
901594,50457,SKU-62873,Apparel,4,13.74,54.96
901595,50457,SKU-69854,Electronics,4,8.68,34.72
901596,50457,SKU-24162,Grocery,3,16.11,48.33
901597,50457,SKU-96957,Electronics,4,56.51,226.04
901598,50458,SKU-77542,Home,1,33.43,33.43
901599,50459,SKU-59524,Apparel,1,21.43,21.43
901600,50459,SKU-94805,Electronics,4,12.64,50.56
901601,50460,SKU-98280,Grocery,4,26.25,105.0
901602,50460,SKU-39724,Sports,3,32.74,98.22
901603,50460,SKU-35796,Electronics,2,21.13,42.26
901604,50460,SKU-18570,Grocery,3,34.23,102.69
901605,50460,SKU-61141,Home,4,22.83,91.32
901606,50460,SKU-74014,Home,4,19.6,78.4
901607,50461,SKU-36262,Home,1,23.57,23.57
901608,50461,SKU-85039,Grocery,1,40.31,40.31
901609,50461,SKU-64116,Home,4,15.17,60.68
901610,50461,SKU-51201,Grocery,4,45.61,182.44
901611,50462,SKU-89690,Grocery,1,25.47,25.47
901612,50462,SKU-86294,Electronics,3,27.38,82.14
901613,50463,SKU-99703,Grocery,4,8.83,35.32
901614,50464,SKU-14309,Sports,2,31.4,62.8
901615,50465,SKU-27731,Electronics,4,22.71,90.84
901616,50465,SKU-45404,Home,2,19.33,38.66
901617,50465,SKU-18106,Grocery,4,21.84,87.36
901618,50466,SKU-36484,Electronics,2,18.39,36.78
901619,50466,SKU-82129,Grocery,1,40.87,40.87
901620,50466,SKU-31530,Sports,1,61.12,61.12
901621,50466,SKU-53909,Electronics,2,25.85,51.7
901622,50466,SKU-20173,Apparel,1,51.43,51.43
901623,50466,SKU-51124,Grocery,3,33.65,100.95
901624,50467,SKU-86060,Grocery,2,14.64,29.28
901625,50467,SKU-64434,Grocery,4,26.73,106.92
901626,50467,SKU-48546,Home,1,180.7,180.7
901627,50468,SKU-85408,Grocery,2,67.84,135.68
901628,50468,SKU-82520,Home,3,69.59,208.77
901629,50468,SKU-40384,Home,1,35.12,35.12
901630,50468,SKU-52037,Electronics,1,21.29,21.29
901631,50468,SKU-62396,Apparel,2,50.79,101.58
901632,50468,SKU-74541,Apparel,4,17.98,71.92
901633,50469,SKU-75828,Home,3,14.23,42.69
901634,50469,SKU-99169,Electronics,4,16.41,65.64
901635,50470,SKU-83243,Electronics,3,11.7,35.1
901636,50470,SKU-76143,Home,1,18.55,18.55
901637,50470,SKU-37166,Apparel,1,5.97,5.97
901638,50470,SKU-93638,Sports,1,28.13,28.13
901639,50471,SKU-14853,Electronics,2,23.71,47.42
901640,50472,SKU-40323,Grocery,3,9.72,29.16
901641,50472,SKU-42486,Electronics,4,21.11,84.44
901642,50472,SKU-80837,Home,1,24.44,24.44
901643,50473,SKU-89403,Electronics,1,11.97,11.97
901644,50473,SKU-97831,Home,4,16.72,66.88
901645,50473,SKU-17471,Grocery,2,66.74,133.48
901646,50473,SKU-23477,Home,3,8.0,24.0
901647,50474,SKU-85939,Sports,2,71.22,142.44
901648,50474,SKU-32232,Electronics,2,10.4,20.8
901649,50475,SKU-71464,Home,3,49.78,149.34
901650,50475,SKU-24995,Home,3,16.25,48.75
901651,50475,SKU-12223,Grocery,4,3.09,12.36
901652,50475,SKU-29669,Grocery,4,74.8,299.2
901653,50475,SKU-98226,Sports,4,28.74,114.96
901654,50476,SKU-83820,Electronics,4,50.31,201.24
901655,50476,SKU-60794,Apparel,3,25.79,77.37
901656,50476,SKU-39287,Apparel,2,55.65,111.3
901657,50476,SKU-53977,Electronics,4,34.49,137.96
901658,50477,SKU-63841,Home,4,12.05,48.2
901659,50477,SKU-52993,Grocery,3,19.16,57.48
901660,50477,SKU-98517,Sports,4,27.6,110.4
901661,50477,SKU-94707,Sports,3,7.01,21.03
901662,50477,SKU-47402,Electronics,4,15.53,62.12
901663,50477,SKU-14090,Sports,4,106.13,424.52
901664,50478,SKU-45944,Sports,4,186.53,746.12
901665,50479,SKU-34537,Apparel,3,12.37,37.11
901666,50479,SKU-25946,Apparel,3,14.39,43.17
901667,50479,SKU-35681,Home,4,34.15,136.6
901668,50480,SKU-88509,Sports,2,15.81,31.62
901669,50480,SKU-67309,Grocery,1,20.31,20.31
901670,50480,SKU-52654,Grocery,3,56.94,170.82
901671,50480,SKU-41564,Apparel,3,18.16,54.48
901672,50481,SKU-21081,Sports,4,17.82,71.28
901673,50481,SKU-74229,Sports,4,11.68,46.72
901674,50481,SKU-18800,Electronics,2,18.72,37.44
901675,50482,SKU-77256,Grocery,2,33.96,67.92
901676,50482,SKU-82877,Electronics,3,47.65,142.95
901677,50482,SKU-14191,Apparel,4,19.06,76.24
901678,50482,SKU-63883,Electronics,2,32.57,65.14
901679,50482,SKU-33698,Electronics,3,28.27,84.81
901680,50482,SKU-12960,Grocery,1,108.08,108.08
901681,50483,SKU-99285,Grocery,1,26.01,26.01
901682,50483,SKU-36382,Grocery,3,30.97,92.91
901683,50483,SKU-85411,Sports,4,11.56,46.24
901684,50483,SKU-80231,Electronics,3,52.66,157.98
901685,50484,SKU-57824,Sports,2,22.88,45.76
901686,50484,SKU-94621,Sports,1,11.71,11.71
901687,50484,SKU-49973,Electronics,4,9.47,37.88
901688,50484,SKU-24151,Electronics,4,12.12,48.48
901689,50485,SKU-40703,Apparel,4,54.68,218.72
901690,50485,SKU-66416,Grocery,3,23.79,71.37
901691,50485,SKU-72768,Electronics,4,9.43,37.72
901692,50486,SKU-79125,Apparel,3,10.76,32.28
901693,50487,SKU-22541,Electronics,4,26.91,107.64
901694,50488,SKU-30046,Electronics,4,9.8,39.2
901695,50488,SKU-92530,Electronics,2,19.54,39.08
901696,50488,SKU-20633,Sports,1,22.46,22.46
901697,50488,SKU-36180,Grocery,1,4.89,4.89
901698,50488,SKU-68210,Apparel,4,35.34,141.36
901699,50488,SKU-30504,Grocery,2,16.04,32.08
901700,50489,SKU-45000,Apparel,4,35.21,140.84
901701,50489,SKU-70166,Electronics,4,11.85,47.4
901702,50489,SKU-15365,Home,3,12.48,37.44
901703,50490,SKU-37370,Home,4,16.74,66.96
901704,50490,SKU-98675,Grocery,1,77.71,77.71
901705,50490,SKU-49305,Electronics,4,17.17,68.68
901706,50491,SKU-82425,Sports,2,13.77,27.54
901707,50491,SKU-56642,Home,1,126.25,126.25
901708,50491,SKU-19217,Sports,3,36.1,108.3
901709,50491,SKU-78399,Electronics,2,41.01,82.02
901710,50492,SKU-53893,Grocery,4,36.89,147.56
901711,50492,SKU-33810,Sports,2,15.66,31.32
901712,50492,SKU-50290,Sports,3,18.62,55.86
901713,50492,SKU-26090,Home,4,53.28,213.12
901714,50493,SKU-55555,Grocery,3,72.42,217.26
901715,50493,SKU-60971,Sports,2,6.84,13.68
901716,50493,SKU-85191,Apparel,1,19.98,19.98
901717,50493,SKU-14899,Apparel,3,37.36,112.08
901718,50493,SKU-86939,Home,2,39.82,79.64
901719,50493,SKU-24407,Home,1,11.74,11.74
901720,50494,SKU-33599,Sports,1,11.87,11.87
901721,50494,SKU-63363,Home,1,21.79,21.79
901722,50494,SKU-57566,Sports,2,13.65,27.3
901723,50495,SKU-19629,Home,4,22.86,91.44
901724,50496,SKU-17599,Grocery,1,15.6,15.6
901725,50496,SKU-42316,Grocery,4,36.14,144.56
901726,50496,SKU-99096,Home,2,48.73,97.46
901727,50496,SKU-41919,Grocery,2,41.78,83.56
901728,50496,SKU-56174,Home,4,7.96,31.84
901729,50496,SKU-60574,Apparel,4,15.07,60.28
901730,50497,SKU-17240,Grocery,2,22.07,44.14
901731,50497,SKU-47615,Home,3,67.21,201.63
901732,50498,SKU-33211,Home,4,30.73,122.92
901733,50498,SKU-79034,Electronics,3,24.22,72.66
901734,50498,SKU-44447,Apparel,2,22.27,44.54
901735,50498,SKU-55885,Home,3,91.61,274.83
901736,50499,SKU-22107,Grocery,1,17.87,17.87
901737,50499,SKU-79169,Apparel,4,39.92,159.68
901738,50499,SKU-30829,Apparel,2,26.31,52.62
901739,50499,SKU-44214,Grocery,4,34.72,138.88
901740,50500,SKU-29795,Home,1,11.98,11.98
901741,50500,SKU-14063,Grocery,4,6.75,27.0
901742,50500,SKU-39406,Apparel,1,21.79,21.79
901743,50500,SKU-46190,Apparel,2,30.42,60.84
901744,50500,SKU-91537,Grocery,4,40.61,162.44
901745,50500,SKU-34553,Home,2,11.58,23.16
901746,50501,SKU-17241,Sports,4,32.77,131.08
901747,50501,SKU-82295,Apparel,2,71.94,143.88
901748,50501,SKU-39835,Sports,4,29.16,116.64
901749,50502,SKU-20270,Grocery,1,30.01,30.01
901750,50502,SKU-99456,Sports,2,16.59,33.18
901751,50502,SKU-27984,Electronics,2,15.04,30.08
901752,50502,SKU-43789,Sports,1,28.56,28.56
901753,50502,SKU-30152,Grocery,4,53.98,215.92
901754,50502,SKU-95979,Sports,3,9.98,29.94
901755,50503,SKU-42657,Home,2,21.2,42.4
901756,50503,SKU-10206,Grocery,4,5.84,23.36
901757,50503,SKU-23122,Apparel,3,16.16,48.48
901758,50504,SKU-62566,Electronics,2,8.09,16.18
901759,50504,SKU-11035,Grocery,1,24.3,24.3
901760,50504,SKU-49121,Grocery,4,10.23,40.92
901761,50504,SKU-22345,Home,1,5.85,5.85
901762,50504,SKU-41112,Sports,1,34.89,34.89
901763,50505,SKU-29469,Electronics,2,33.17,66.34
901764,50505,SKU-86054,Sports,3,10.85,32.55
901765,50505,SKU-95041,Apparel,1,69.36,69.36
901766,50505,SKU-98415,Apparel,4,26.12,104.48
901767,50506,SKU-35285,Sports,4,20.71,82.84
901768,50506,SKU-76501,Sports,4,15.64,62.56
901769,50506,SKU-34098,Sports,1,28.31,28.31
901770,50506,SKU-15496,Electronics,4,51.39,205.56
901771,50506,SKU-69097,Sports,2,24.81,49.62
901772,50507,SKU-70270,Apparel,3,57.67,173.01
901773,50507,SKU-11064,Sports,2,14.6,29.2
901774,50507,SKU-87847,Apparel,1,14.02,14.02
901775,50507,SKU-46844,Sports,2,30.52,61.04
901776,50507,SKU-38696,Electronics,2,6.6,13.2
901777,50507,SKU-41608,Electronics,4,44.87,179.48
901778,50508,SKU-88659,Electronics,1,82.61,82.61
901779,50508,SKU-88735,Sports,3,85.45,256.35
901780,50508,SKU-39820,Grocery,1,32.33,32.33
901781,50508,SKU-12806,Home,4,21.16,84.64
901782,50509,SKU-33222,Grocery,3,57.65,172.95
901783,50509,SKU-97377,Grocery,3,5.4,16.2
901784,50509,SKU-91372,Electronics,3,13.02,39.06
901785,50509,SKU-37814,Grocery,2,20.35,40.7
901786,50510,SKU-30443,Apparel,4,10.41,41.64
901787,50511,SKU-79056,Sports,1,8.11,8.11
901788,50511,SKU-59584,Electronics,1,50.91,50.91
901789,50512,SKU-27364,Home,3,8.36,25.08
901790,50512,SKU-88732,Sports,2,12.04,24.08
901791,50512,SKU-71336,Sports,4,8.57,34.28
901792,50512,SKU-72015,Apparel,4,69.43,277.72
901793,50512,SKU-50734,Sports,4,13.73,54.92
901794,50512,SKU-21201,Home,3,17.38,52.14
901795,50513,SKU-91670,Electronics,4,13.63,54.52
901796,50514,SKU-46430,Apparel,3,38.94,116.82
901797,50514,SKU-20424,Apparel,3,47.55,142.65
901798,50515,SKU-75794,Electronics,3,19.51,58.53
901799,50515,SKU-26284,Grocery,3,15.21,45.63
901800,50515,SKU-46252,Apparel,2,28.89,57.78
901801,50516,SKU-67091,Apparel,4,14.08,56.32
901802,50516,SKU-48864,Apparel,3,26.98,80.94
901803,50516,SKU-38359,Sports,2,22.18,44.36
901804,50516,SKU-35676,Grocery,3,61.94,185.82
901805,50516,SKU-42059,Electronics,1,41.5,41.5
901806,50517,SKU-63906,Home,1,48.02,48.02
901807,50517,SKU-84266,Grocery,1,23.04,23.04
901808,50518,SKU-32582,Electronics,3,42.15,126.45
901809,50519,SKU-69611,Grocery,2,30.7,61.4
901810,50519,SKU-16815,Apparel,1,26.98,26.98
901811,50519,SKU-15660,Apparel,4,56.92,227.68
901812,50520,SKU-14445,Sports,3,13.14,39.42
901813,50520,SKU-21746,Home,3,78.01,234.03
901814,50520,SKU-62125,Grocery,1,26.79,26.79
901815,50520,SKU-87432,Grocery,4,13.2,52.8
901816,50520,SKU-36809,Home,4,19.52,78.08
901817,50520,SKU-71104,Home,4,35.19,140.76
901818,50521,SKU-93854,Apparel,1,40.84,40.84
901819,50521,SKU-31777,Electronics,4,13.65,54.6
901820,50522,SKU-48646,Home,1,79.98,79.98
901821,50522,SKU-53266,Home,2,18.05,36.1
901822,50523,SKU-97946,Grocery,4,8.18,32.72
901823,50523,SKU-25361,Apparel,2,90.05,180.1
901824,50523,SKU-30057,Sports,2,19.08,38.16
901825,50523,SKU-79681,Electronics,3,163.33,489.99
901826,50524,SKU-41323,Sports,1,6.71,6.71
901827,50524,SKU-41809,Sports,3,11.63,34.89
901828,50525,SKU-99179,Apparel,2,12.95,25.9
901829,50525,SKU-28152,Home,1,99.74,99.74
901830,50525,SKU-98197,Sports,1,25.87,25.87
901831,50525,SKU-27947,Apparel,2,32.32,64.64
901832,50526,SKU-17118,Sports,3,21.1,63.3
901833,50526,SKU-42036,Grocery,1,131.46,131.46
901834,50526,SKU-43226,Electronics,1,7.68,7.68
901835,50526,SKU-25487,Grocery,1,14.97,14.97
901836,50526,SKU-16476,Apparel,4,7.67,30.68
901837,50526,SKU-16468,Apparel,1,7.93,7.93
901838,50527,SKU-55946,Electronics,2,15.09,30.18
901839,50527,SKU-67557,Grocery,2,48.34,96.68
901840,50527,SKU-95903,Electronics,2,19.99,39.98
901841,50527,SKU-95352,Home,1,18.85,18.85
901842,50527,SKU-38743,Sports,3,23.81,71.43
901843,50527,SKU-93907,Home,3,47.33,141.99
901844,50528,SKU-27193,Electronics,2,21.64,43.28
901845,50528,SKU-49253,Home,3,20.27,60.81
901846,50528,SKU-82058,Apparel,4,17.0,68.0
901847,50528,SKU-64164,Apparel,2,33.76,67.52
901848,50529,SKU-45136,Apparel,4,39.13,156.52
901849,50529,SKU-96562,Sports,1,22.39,22.39
901850,50529,SKU-74620,Apparel,2,4.88,9.76
901851,50530,SKU-86050,Grocery,3,17.36,52.08
901852,50530,SKU-36948,Electronics,1,39.81,39.81
901853,50531,SKU-53877,Electronics,1,63.95,63.95
901854,50531,SKU-83518,Grocery,2,20.97,41.94
901855,50532,SKU-69257,Apparel,3,49.98,149.94
901856,50532,SKU-47474,Sports,1,39.38,39.38
901857,50532,SKU-34029,Sports,1,9.49,9.49
901858,50533,SKU-49065,Sports,4,16.88,67.52
901859,50533,SKU-99794,Apparel,2,6.23,12.46
901860,50534,SKU-60522,Apparel,3,17.6,52.8
901861,50535,SKU-79940,Electronics,3,28.1,84.3
901862,50535,SKU-84658,Apparel,4,12.62,50.48
901863,50535,SKU-12647,Apparel,1,43.1,43.1
901864,50536,SKU-70028,Grocery,1,47.4,47.4
901865,50536,SKU-44311,Home,4,46.49,185.96
901866,50536,SKU-35953,Electronics,1,59.44,59.44
901867,50536,SKU-74795,Grocery,2,15.48,30.96
901868,50536,SKU-27909,Grocery,3,17.04,51.12
901869,50537,SKU-63866,Home,4,14.08,56.32
901870,50538,SKU-40715,Sports,1,5.29,5.29
901871,50539,SKU-20831,Grocery,3,107.98,323.94
901872,50539,SKU-97186,Apparel,1,7.81,7.81
901873,50539,SKU-70421,Home,3,30.38,91.14
901874,50539,SKU-11503,Grocery,3,12.45,37.35
901875,50539,SKU-21345,Sports,4,12.11,48.44
901876,50540,SKU-83311,Home,4,39.95,159.8
901877,50540,SKU-96650,Grocery,2,40.54,81.08
901878,50540,SKU-24432,Electronics,1,23.26,23.26
901879,50540,SKU-50235,Grocery,3,29.93,89.79
901880,50540,SKU-33848,Grocery,2,38.55,77.1
901881,50541,SKU-98937,Electronics,4,33.84,135.36
901882,50542,SKU-30622,Electronics,1,14.28,14.28
901883,50542,SKU-94866,Grocery,1,17.95,17.95
901884,50542,SKU-27605,Sports,3,8.95,26.85
901885,50542,SKU-35249,Home,4,32.77,131.08
901886,50542,SKU-61447,Home,3,15.25,45.75
901887,50543,SKU-33385,Grocery,3,10.73,32.19
901888,50543,SKU-21163,Grocery,2,16.76,33.52
901889,50543,SKU-54624,Home,1,7.61,7.61
901890,50544,SKU-61703,Sports,1,10.92,10.92
901891,50544,SKU-20422,Grocery,4,25.58,102.32
901892,50544,SKU-81910,Electronics,3,28.75,86.25
901893,50545,SKU-42160,Electronics,3,59.33,177.99
901894,50545,SKU-79052,Grocery,2,33.34,66.68
901895,50545,SKU-12988,Apparel,2,22.32,44.64
901896,50545,SKU-72592,Apparel,1,8.83,8.83
901897,50545,SKU-34076,Apparel,1,15.61,15.61
901898,50546,SKU-13113,Grocery,4,10.48,41.92
901899,50546,SKU-47386,Electronics,3,28.62,85.86
901900,50546,SKU-44684,Sports,2,11.0,22.0
901901,50546,SKU-38614,Home,4,25.1,100.4
901902,50547,SKU-55932,Home,2,27.14,54.28
901903,50547,SKU-77744,Sports,4,153.33,613.32
901904,50547,SKU-74344,Grocery,3,91.77,275.31
901905,50547,SKU-68200,Electronics,3,17.64,52.92
901906,50548,SKU-66766,Electronics,4,43.73,174.92
901907,50548,SKU-43686,Apparel,2,14.94,29.88
901908,50548,SKU-58973,Home,2,6.41,12.82
901909,50548,SKU-17366,Electronics,2,19.83,39.66
901910,50548,SKU-71194,Electronics,4,16.44,65.76
901911,50548,SKU-89280,Electronics,2,25.92,51.84
901912,50549,SKU-57053,Home,2,34.08,68.16
901913,50549,SKU-61488,Grocery,1,34.67,34.67
901914,50549,SKU-97673,Electronics,2,21.84,43.68
901915,50549,SKU-75094,Apparel,3,12.89,38.67
901916,50549,SKU-77743,Electronics,1,41.57,41.57
901917,50550,SKU-57456,Apparel,3,16.04,48.12
901918,50550,SKU-25543,Electronics,4,6.19,24.76
901919,50550,SKU-22619,Home,4,18.02,72.08
901920,50550,SKU-34722,Electronics,2,21.86,43.72
901921,50550,SKU-24344,Home,2,11.91,23.82
901922,50550,SKU-20598,Electronics,1,23.16,23.16
901923,50551,SKU-31012,Apparel,2,28.02,56.04
901924,50551,SKU-84845,Apparel,4,18.3,73.2
901925,50551,SKU-84341,Electronics,4,41.28,165.12
901926,50551,SKU-66894,Apparel,1,15.0,15.0
901927,50551,SKU-64690,Sports,3,6.99,20.97
901928,50552,SKU-32718,Grocery,1,24.72,24.72
901929,50552,SKU-64704,Sports,4,16.68,66.72
901930,50553,SKU-38405,Home,3,36.45,109.35
901931,50553,SKU-84919,Apparel,1,12.43,12.43
901932,50553,SKU-86517,Apparel,3,38.91,116.73
901933,50554,SKU-93547,Apparel,3,22.98,68.94
901934,50555,SKU-65212,Sports,4,45.64,182.56
901935,50555,SKU-48599,Home,1,30.59,30.59
901936,50556,SKU-34459,Home,1,9.96,9.96
901937,50557,SKU-84330,Apparel,4,38.81,155.24
901938,50557,SKU-83387,Home,4,30.01,120.04
901939,50557,SKU-18102,Home,4,62.36,249.44
901940,50558,SKU-70987,Apparel,2,23.58,47.16
901941,50558,SKU-59098,Electronics,1,7.17,7.17
901942,50558,SKU-50032,Grocery,1,13.92,13.92
901943,50558,SKU-16257,Sports,3,45.93,137.79
901944,50558,SKU-20056,Apparel,1,8.73,8.73
901945,50559,SKU-44373,Sports,1,96.91,96.91
901946,50560,SKU-96054,Sports,2,11.61,23.22
901947,50560,SKU-22967,Sports,1,34.88,34.88
901948,50560,SKU-90713,Electronics,2,115.84,231.68
901949,50561,SKU-73750,Electronics,4,62.41,249.64
901950,50561,SKU-12962,Electronics,1,51.17,51.17
901951,50561,SKU-53744,Home,4,42.42,169.68
901952,50561,SKU-54311,Electronics,2,41.39,82.78
901953,50561,SKU-84792,Grocery,3,23.02,69.06
901954,50562,SKU-36073,Grocery,1,79.84,79.84
901955,50563,SKU-52854,Home,4,22.27,89.08
901956,50563,SKU-88312,Sports,3,26.29,78.87
901957,50563,SKU-84039,Grocery,4,20.95,83.8
901958,50563,SKU-12428,Sports,3,8.5,25.5
901959,50563,SKU-16182,Apparel,2,7.7,15.4
901960,50564,SKU-54249,Home,4,35.35,141.4
901961,50564,SKU-30137,Apparel,2,31.24,62.48
901962,50565,SKU-59446,Sports,1,56.18,56.18
901963,50565,SKU-97253,Home,1,16.88,16.88
901964,50565,SKU-94716,Grocery,2,42.88,85.76
901965,50565,SKU-26173,Home,2,20.01,40.02
901966,50565,SKU-24846,Home,4,13.06,52.24
901967,50565,SKU-90086,Electronics,4,96.44,385.76
901968,50566,SKU-85743,Sports,1,78.16,78.16
901969,50566,SKU-99561,Home,2,15.51,31.02
901970,50566,SKU-93972,Home,2,17.12,34.24
901971,50566,SKU-98174,Apparel,4,29.81,119.24
901972,50567,SKU-29567,Grocery,4,21.15,84.6
901973,50567,SKU-75200,Grocery,2,16.62,33.24
901974,50567,SKU-44085,Electronics,4,14.97,59.88
901975,50567,SKU-52568,Grocery,1,47.85,47.85
901976,50568,SKU-86256,Sports,2,58.0,116.0
901977,50568,SKU-59499,Apparel,4,33.09,132.36
901978,50568,SKU-20511,Apparel,2,20.6,41.2
901979,50568,SKU-71439,Apparel,1,8.97,8.97
901980,50569,SKU-87218,Electronics,4,24.08,96.32
901981,50569,SKU-12994,Grocery,3,21.02,63.06
901982,50569,SKU-85464,Apparel,2,15.01,30.02
901983,50569,SKU-51282,Sports,1,10.78,10.78
901984,50570,SKU-20780,Home,1,15.62,15.62
901985,50570,SKU-29450,Home,2,5.62,11.24
901986,50570,SKU-28909,Grocery,2,17.36,34.72
901987,50570,SKU-43066,Sports,1,23.6,23.6
901988,50570,SKU-70253,Home,1,31.56,31.56
901989,50571,SKU-34206,Home,2,20.84,41.68
901990,50571,SKU-99124,Grocery,4,20.06,80.24
901991,50571,SKU-61150,Apparel,3,95.22,285.66
901992,50572,SKU-94293,Electronics,1,6.42,6.42
901993,50572,SKU-72386,Home,3,16.32,48.96
901994,50572,SKU-81584,Grocery,4,70.94,283.76
901995,50572,SKU-92768,Sports,4,12.04,48.16
901996,50573,SKU-90271,Apparel,3,14.31,42.93
901997,50573,SKU-84035,Electronics,2,24.47,48.94
901998,50573,SKU-35782,Apparel,3,23.07,69.21
901999,50574,SKU-20902,Electronics,3,41.21,123.63
902000,50574,SKU-95692,Home,4,17.53,70.12
902001,50574,SKU-36228,Electronics,3,11.47,34.41
902002,50575,SKU-48623,Electronics,3,38.26,114.78
902003,50575,SKU-88079,Electronics,1,7.35,7.35
902004,50576,SKU-64389,Sports,4,10.06,40.24
902005,50576,SKU-94839,Home,4,18.13,72.52
902006,50577,SKU-95766,Sports,3,77.57,232.71
902007,50577,SKU-54498,Grocery,4,13.83,55.32
902008,50577,SKU-30893,Sports,2,22.56,45.12
902009,50577,SKU-41301,Home,2,148.48,296.96
902010,50577,SKU-70530,Electronics,3,61.13,183.39
902011,50577,SKU-31970,Apparel,4,30.98,123.92
902012,50578,SKU-79241,Apparel,3,46.08,138.24
902013,50579,SKU-56557,Apparel,1,55.93,55.93
902014,50579,SKU-45614,Home,1,17.39,17.39
902015,50579,SKU-24448,Electronics,3,14.77,44.31
902016,50579,SKU-74216,Sports,3,16.84,50.52
902017,50579,SKU-74248,Grocery,3,17.21,51.63
902018,50580,SKU-62622,Electronics,4,7.86,31.44
902019,50580,SKU-77820,Apparel,1,46.82,46.82
902020,50581,SKU-83054,Electronics,4,6.11,24.44
902021,50581,SKU-32499,Sports,4,20.21,80.84
902022,50581,SKU-53510,Electronics,1,7.54,7.54
902023,50581,SKU-35335,Electronics,4,30.18,120.72
902024,50581,SKU-39284,Home,1,48.81,48.81
902025,50582,SKU-76808,Apparel,4,8.38,33.52
902026,50582,SKU-77850,Apparel,2,34.82,69.64
902027,50582,SKU-19463,Grocery,3,12.82,38.46
902028,50582,SKU-36271,Grocery,2,14.17,28.34
902029,50582,SKU-43849,Sports,2,13.74,27.48
902030,50583,SKU-49236,Apparel,1,43.87,43.87
902031,50583,SKU-14507,Electronics,1,17.6,17.6
902032,50583,SKU-92894,Grocery,2,41.17,82.34
902033,50583,SKU-78901,Sports,4,19.99,79.96
902034,50583,SKU-23579,Home,1,76.81,76.81
902035,50584,SKU-44168,Grocery,2,30.27,60.54
902036,50584,SKU-20233,Sports,2,17.11,34.22
902037,50584,SKU-15984,Apparel,2,10.75,21.5
902038,50584,SKU-98304,Grocery,1,29.47,29.47
902039,50584,SKU-98548,Sports,2,33.74,67.48
902040,50585,SKU-94775,Grocery,4,16.8,67.2
902041,50585,SKU-20602,Electronics,2,57.27,114.54
902042,50585,SKU-58264,Sports,2,19.8,39.6
902043,50585,SKU-65990,Apparel,2,19.25,38.5
902044,50585,SKU-62718,Electronics,4,36.56,146.24
902045,50585,SKU-62698,Grocery,3,41.2,123.6
902046,50586,SKU-33772,Electronics,2,25.44,50.88
902047,50586,SKU-62252,Electronics,2,73.73,147.46
902048,50586,SKU-29567,Home,1,22.59,22.59
902049,50587,SKU-72605,Electronics,1,5.96,5.96
902050,50587,SKU-79544,Apparel,4,15.13,60.52
902051,50587,SKU-29660,Grocery,1,9.2,9.2
902052,50588,SKU-77867,Grocery,4,21.79,87.16
902053,50588,SKU-47768,Grocery,4,47.1,188.4
902054,50588,SKU-61850,Sports,2,28.0,56.0
902055,50588,SKU-49654,Apparel,4,9.83,39.32
902056,50588,SKU-90150,Grocery,3,49.58,148.74
902057,50589,SKU-42530,Sports,4,5.49,21.96
902058,50589,SKU-96704,Sports,2,18.19,36.38
902059,50589,SKU-91201,Grocery,1,52.48,52.48
902060,50590,SKU-45362,Sports,1,10.53,10.53
902061,50591,SKU-42125,Grocery,2,18.56,37.12
902062,50591,SKU-71068,Grocery,1,82.09,82.09
902063,50592,SKU-70005,Apparel,3,41.12,123.36
902064,50592,SKU-38169,Apparel,4,21.48,85.92
902065,50592,SKU-14176,Electronics,2,65.23,130.46
902066,50592,SKU-20070,Home,3,23.8,71.4
902067,50593,SKU-28218,Apparel,1,17.09,17.09
902068,50593,SKU-66167,Electronics,1,132.93,132.93
902069,50593,SKU-24511,Grocery,2,36.83,73.66
902070,50593,SKU-21655,Grocery,1,8.99,8.99
902071,50594,SKU-98937,Sports,2,18.89,37.78
902072,50594,SKU-66172,Apparel,3,5.15,15.45
902073,50595,SKU-44583,Electronics,3,22.07,66.21
902074,50595,SKU-38812,Electronics,4,39.04,156.16
902075,50595,SKU-17130,Home,2,19.1,38.2
902076,50595,SKU-59063,Grocery,4,35.86,143.44
902077,50595,SKU-92327,Electronics,3,6.35,19.05
902078,50595,SKU-81436,Electronics,4,12.44,49.76
902079,50596,SKU-96882,Electronics,2,12.04,24.08
902080,50596,SKU-36437,Home,3,59.77,179.31
902081,50596,SKU-96750,Home,4,10.6,42.4
902082,50596,SKU-42233,Electronics,2,113.87,227.74
902083,50596,SKU-19818,Sports,1,23.18,23.18
902084,50596,SKU-25150,Grocery,4,6.79,27.16
902085,50597,SKU-42357,Home,1,55.57,55.57
902086,50598,SKU-41668,Home,4,26.07,104.28
902087,50598,SKU-92470,Grocery,3,12.79,38.37
902088,50598,SKU-87816,Home,1,17.46,17.46
902089,50598,SKU-45341,Sports,3,33.57,100.71
902090,50599,SKU-25792,Home,1,32.33,32.33
902091,50599,SKU-21646,Grocery,3,83.06,249.18
902092,50599,SKU-15756,Apparel,4,44.45,177.8
902093,50599,SKU-89725,Grocery,3,24.74,74.22
902094,50600,SKU-42575,Electronics,1,28.65,28.65
902095,50600,SKU-47652,Grocery,3,7.46,22.38
902096,50600,SKU-82085,Sports,3,22.16,66.48
902097,50600,SKU-97520,Sports,3,50.54,151.62
902098,50600,SKU-60308,Grocery,2,20.12,40.24
902099,50600,SKU-52994,Apparel,4,4.34,17.36
902100,50601,SKU-61691,Apparel,3,30.88,92.64
902101,50601,SKU-31571,Grocery,4,5.65,22.6
902102,50601,SKU-52741,Sports,4,9.02,36.08
902103,50601,SKU-47313,Apparel,4,43.62,174.48
902104,50601,SKU-39483,Home,3,23.24,69.72
902105,50601,SKU-73628,Apparel,1,15.72,15.72
902106,50602,SKU-63364,Sports,2,24.16,48.32
902107,50603,SKU-76834,Home,1,17.42,17.42
902108,50603,SKU-14828,Home,3,12.93,38.79
902109,50603,SKU-91467,Sports,2,16.62,33.24
902110,50603,SKU-42421,Home,1,12.07,12.07
902111,50604,SKU-29524,Grocery,3,16.22,48.66
902112,50604,SKU-97269,Home,2,8.8,17.6
902113,50604,SKU-23095,Electronics,4,11.56,46.24
902114,50605,SKU-90217,Sports,1,31.21,31.21
902115,50606,SKU-92430,Sports,1,61.05,61.05
902116,50606,SKU-54451,Sports,1,76.49,76.49
902117,50607,SKU-96832,Sports,2,20.51,41.02
902118,50608,SKU-96742,Electronics,4,10.6,42.4
902119,50608,SKU-74983,Sports,3,8.57,25.71
902120,50608,SKU-46778,Apparel,1,12.16,12.16
902121,50608,SKU-51675,Sports,4,12.16,48.64
902122,50609,SKU-85910,Sports,3,13.32,39.96
902123,50609,SKU-80242,Home,4,14.94,59.76
902124,50609,SKU-45532,Sports,4,25.3,101.2
902125,50610,SKU-57192,Grocery,1,23.09,23.09
902126,50610,SKU-58487,Grocery,2,69.65,139.3
902127,50610,SKU-85290,Grocery,1,25.36,25.36
902128,50610,SKU-46585,Home,1,106.3,106.3
902129,50610,SKU-38913,Apparel,4,8.85,35.4
902130,50611,SKU-34855,Home,3,16.93,50.79
902131,50611,SKU-89627,Home,4,47.93,191.72
902132,50611,SKU-54086,Grocery,2,59.21,118.42
902133,50611,SKU-76682,Sports,3,15.05,45.15
902134,50612,SKU-91777,Grocery,4,46.25,185.0
902135,50612,SKU-53103,Grocery,2,16.08,32.16
902136,50612,SKU-62327,Sports,2,10.11,20.22
902137,50612,SKU-79292,Apparel,3,29.68,89.04
902138,50612,SKU-13189,Home,4,52.96,211.84
902139,50613,SKU-12650,Apparel,1,57.77,57.77
902140,50613,SKU-25534,Apparel,1,21.73,21.73
902141,50613,SKU-95580,Sports,4,18.17,72.68
902142,50613,SKU-17590,Apparel,1,12.33,12.33
902143,50613,SKU-19526,Electronics,3,53.71,161.13
902144,50613,SKU-96886,Apparel,4,89.52,358.08
902145,50614,SKU-54174,Sports,2,6.16,12.32
902146,50614,SKU-30252,Electronics,3,56.12,168.36
902147,50615,SKU-77950,Sports,4,33.13,132.52
902148,50615,SKU-59772,Home,3,19.01,57.03
902149,50615,SKU-32704,Sports,2,167.34,334.68
902150,50616,SKU-14916,Apparel,4,35.9,143.6
902151,50617,SKU-90892,Sports,4,11.37,45.48
902152,50617,SKU-80408,Apparel,2,97.36,194.72
902153,50617,SKU-38107,Electronics,4,18.89,75.56
902154,50618,SKU-85127,Sports,3,6.91,20.73
902155,50618,SKU-68597,Home,1,8.83,8.83
902156,50618,SKU-12053,Home,2,21.4,42.8
902157,50619,SKU-94659,Apparel,1,23.07,23.07
902158,50619,SKU-36890,Sports,3,27.73,83.19
902159,50619,SKU-95670,Grocery,1,37.53,37.53
902160,50619,SKU-39143,Grocery,2,8.6,17.2
902161,50620,SKU-37169,Apparel,1,23.09,23.09
902162,50620,SKU-18435,Home,1,31.73,31.73
902163,50620,SKU-40054,Electronics,1,13.41,13.41
902164,50620,SKU-33521,Electronics,4,30.5,122.0
902165,50620,SKU-22302,Electronics,1,67.86,67.86
902166,50620,SKU-48481,Apparel,2,76.87,153.74
902167,50621,SKU-25498,Home,2,17.11,34.22
902168,50621,SKU-65219,Grocery,1,7.18,7.18
902169,50621,SKU-90990,Sports,1,12.69,12.69
902170,50621,SKU-28184,Sports,3,16.43,49.29
902171,50621,SKU-46321,Grocery,3,15.28,45.84
902172,50622,SKU-30965,Sports,1,28.52,28.52
902173,50622,SKU-56623,Home,4,41.99,167.96
902174,50622,SKU-56001,Sports,4,34.36,137.44
902175,50622,SKU-98645,Home,2,9.16,18.32
902176,50622,SKU-54657,Grocery,2,58.7,117.4
902177,50623,SKU-62699,Grocery,2,114.95,229.9
902178,50623,SKU-92190,Electronics,4,8.13,32.52
902179,50624,SKU-97268,Home,1,27.11,27.11
902180,50624,SKU-94548,Electronics,1,28.25,28.25
902181,50625,SKU-52462,Home,4,24.98,99.92
902182,50625,SKU-44607,Electronics,4,31.46,125.84
902183,50625,SKU-93939,Electronics,4,31.66,126.64
902184,50625,SKU-19429,Home,1,23.27,23.27
902185,50625,SKU-42217,Apparel,4,3.14,12.56
902186,50626,SKU-32438,Apparel,2,31.75,63.5
902187,50626,SKU-77030,Home,2,48.81,97.62
902188,50627,SKU-82677,Sports,4,35.99,143.96
902189,50627,SKU-59720,Grocery,3,23.66,70.98
902190,50627,SKU-46570,Grocery,1,2.53,2.53
902191,50627,SKU-77009,Grocery,2,9.11,18.22
902192,50627,SKU-78943,Grocery,3,13.57,40.71
902193,50628,SKU-20280,Apparel,3,25.56,76.68
902194,50628,SKU-51386,Sports,1,78.79,78.79
902195,50628,SKU-37412,Apparel,3,39.06,117.18
902196,50628,SKU-61827,Apparel,2,38.76,77.52
902197,50629,SKU-70024,Sports,3,15.02,45.06
902198,50629,SKU-51824,Grocery,1,39.95,39.95
902199,50629,SKU-73770,Home,2,64.11,128.22
902200,50629,SKU-20333,Apparel,1,19.01,19.01
902201,50629,SKU-31484,Electronics,1,73.1,73.1
902202,50629,SKU-48340,Grocery,2,19.92,39.84
902203,50630,SKU-12479,Apparel,2,33.25,66.5
902204,50630,SKU-33886,Electronics,3,25.79,77.37
902205,50631,SKU-15965,Sports,4,40.57,162.28
902206,50631,SKU-36896,Sports,2,20.79,41.58
902207,50631,SKU-59766,Grocery,2,26.27,52.54
902208,50632,SKU-10089,Sports,4,44.03,176.12
902209,50632,SKU-92650,Home,1,18.96,18.96
902210,50632,SKU-14491,Home,2,32.12,64.24
902211,50633,SKU-88601,Sports,1,37.35,37.35
902212,50633,SKU-88101,Electronics,3,9.35,28.05
902213,50633,SKU-58463,Sports,2,16.46,32.92
902214,50633,SKU-15951,Sports,2,21.19,42.38
902215,50634,SKU-72217,Sports,2,14.26,28.52
902216,50634,SKU-14779,Electronics,3,17.74,53.22
902217,50634,SKU-29525,Electronics,1,103.05,103.05
902218,50634,SKU-19774,Home,1,10.12,10.12
902219,50635,SKU-55278,Apparel,2,28.24,56.48
902220,50635,SKU-99151,Apparel,4,18.12,72.48
902221,50635,SKU-19986,Sports,2,65.31,130.62
902222,50635,SKU-81592,Apparel,2,25.96,51.92
902223,50635,SKU-99253,Grocery,3,8.39,25.17
902224,50635,SKU-29773,Grocery,1,24.6,24.6
902225,50636,SKU-90020,Apparel,4,21.85,87.4
902226,50636,SKU-62189,Home,3,92.96,278.88
902227,50637,SKU-19125,Home,3,77.86,233.58
902228,50637,SKU-49654,Grocery,1,13.61,13.61
902229,50637,SKU-46470,Apparel,3,59.98,179.94
902230,50637,SKU-95327,Grocery,1,18.06,18.06
902231,50638,SKU-60268,Grocery,3,60.78,182.34
902232,50638,SKU-73321,Apparel,1,67.22,67.22
902233,50638,SKU-95068,Grocery,1,16.96,16.96
902234,50639,SKU-54607,Electronics,3,49.04,147.12
902235,50639,SKU-31801,Grocery,4,31.58,126.32
902236,50639,SKU-94372,Electronics,3,22.67,68.01
902237,50639,SKU-61043,Apparel,2,35.29,70.58
902238,50640,SKU-78147,Apparel,4,8.46,33.84
902239,50640,SKU-49817,Apparel,2,21.38,42.76
902240,50640,SKU-24124,Apparel,1,31.68,31.68
902241,50640,SKU-26803,Grocery,4,31.97,127.88
902242,50640,SKU-82279,Electronics,1,5.84,5.84
902243,50640,SKU-37585,Grocery,3,63.06,189.18
902244,50641,SKU-93635,Apparel,4,23.9,95.6
902245,50641,SKU-96906,Grocery,1,75.29,75.29
902246,50641,SKU-91173,Sports,3,41.37,124.11
902247,50641,SKU-94701,Sports,3,35.8,107.4
902248,50641,SKU-76689,Sports,1,11.98,11.98
902249,50642,SKU-71187,Electronics,3,52.96,158.88
902250,50642,SKU-98476,Sports,3,66.2,198.6
902251,50642,SKU-23256,Grocery,1,5.65,5.65
902252,50642,SKU-65659,Home,1,27.43,27.43
902253,50643,SKU-70754,Apparel,4,38.12,152.48
902254,50644,SKU-80525,Grocery,1,18.57,18.57
902255,50644,SKU-26365,Home,1,59.0,59.0
902256,50644,SKU-20775,Apparel,4,11.05,44.2
902257,50644,SKU-46206,Grocery,1,13.88,13.88
902258,50645,SKU-56502,Grocery,1,16.44,16.44
902259,50645,SKU-89889,Sports,3,42.65,127.95
902260,50645,SKU-30396,Electronics,2,13.11,26.22
902261,50645,SKU-30248,Sports,1,10.39,10.39
902262,50645,SKU-91386,Electronics,2,99.13,198.26
902263,50645,SKU-92938,Grocery,4,10.37,41.48
902264,50646,SKU-42080,Apparel,1,38.88,38.88
902265,50646,SKU-55930,Sports,3,17.6,52.8
902266,50646,SKU-94694,Home,4,13.37,53.48
902267,50647,SKU-64218,Sports,4,13.99,55.96
902268,50647,SKU-29168,Electronics,4,20.78,83.12
902269,50647,SKU-33827,Home,2,27.13,54.26
902270,50647,SKU-68972,Apparel,3,30.81,92.43
902271,50647,SKU-18089,Electronics,3,30.1,90.3
902272,50647,SKU-40869,Electronics,4,17.98,71.92
902273,50648,SKU-16617,Home,4,20.24,80.96
902274,50649,SKU-40037,Home,2,24.63,49.26
902275,50649,SKU-43148,Home,4,23.92,95.68
902276,50649,SKU-73266,Sports,2,10.36,20.72
902277,50649,SKU-82003,Electronics,3,24.76,74.28
902278,50650,SKU-97561,Home,1,13.25,13.25
902279,50651,SKU-51189,Electronics,2,12.47,24.94
902280,50651,SKU-86949,Apparel,1,22.39,22.39
902281,50651,SKU-25547,Electronics,1,14.64,14.64
902282,50652,SKU-21134,Home,2,180.13,360.26
902283,50652,SKU-96418,Electronics,2,10.26,20.52
902284,50652,SKU-60041,Grocery,3,50.62,151.86
902285,50652,SKU-10834,Home,2,53.03,106.06
902286,50652,SKU-63176,Home,4,8.96,35.84
902287,50652,SKU-46142,Apparel,2,30.52,61.04
902288,50653,SKU-66892,Grocery,2,16.13,32.26
902289,50653,SKU-44178,Home,4,10.64,42.56
902290,50654,SKU-77551,Electronics,2,63.62,127.24
902291,50654,SKU-77488,Electronics,2,28.26,56.52
902292,50655,SKU-18197,Sports,1,41.75,41.75
902293,50655,SKU-49436,Grocery,4,6.66,26.64
902294,50655,SKU-65505,Grocery,2,15.32,30.64
902295,50655,SKU-13751,Electronics,4,7.56,30.24
902296,50655,SKU-60629,Grocery,3,4.67,14.01
902297,50655,SKU-22380,Sports,2,28.68,57.36
902298,50656,SKU-27357,Electronics,4,39.58,158.32
902299,50656,SKU-93273,Home,4,11.52,46.08
902300,50657,SKU-77966,Apparel,2,32.1,64.2
902301,50657,SKU-17765,Home,2,19.86,39.72
902302,50657,SKU-28601,Home,1,45.3,45.3
902303,50657,SKU-73580,Home,2,6.38,12.76
902304,50657,SKU-71828,Sports,2,6.22,12.44
902305,50658,SKU-29017,Grocery,3,20.04,60.12
902306,50658,SKU-60743,Home,1,37.14,37.14
902307,50659,SKU-76947,Electronics,1,60.37,60.37
902308,50660,SKU-37654,Sports,3,35.77,107.31
902309,50660,SKU-88976,Sports,2,11.19,22.38
902310,50660,SKU-57793,Home,2,15.63,31.26
902311,50661,SKU-65924,Apparel,4,18.3,73.2
902312,50661,SKU-60763,Home,1,8.98,8.98
902313,50661,SKU-55413,Apparel,2,31.03,62.06
902314,50661,SKU-71802,Grocery,2,45.51,91.02
902315,50661,SKU-56183,Electronics,3,13.58,40.74
902316,50661,SKU-32611,Apparel,1,30.57,30.57
902317,50662,SKU-49887,Sports,1,30.47,30.47
902318,50662,SKU-23083,Sports,4,56.38,225.52
902319,50662,SKU-73857,Apparel,3,6.4,19.2
902320,50662,SKU-30232,Apparel,2,46.32,92.64
902321,50663,SKU-15180,Sports,4,25.6,102.4
902322,50663,SKU-11646,Apparel,1,36.5,36.5
902323,50663,SKU-78082,Grocery,1,40.41,40.41
902324,50663,SKU-42829,Sports,2,28.62,57.24
902325,50664,SKU-22749,Apparel,4,34.71,138.84
902326,50664,SKU-41582,Sports,4,28.64,114.56
902327,50664,SKU-69026,Home,4,26.06,104.24
902328,50664,SKU-21324,Grocery,4,14.39,57.56
902329,50664,SKU-57800,Sports,2,44.41,88.82
902330,50664,SKU-96713,Electronics,4,21.7,86.8
902331,50665,SKU-38250,Sports,3,81.59,244.77
902332,50665,SKU-72821,Electronics,2,5.99,11.98
902333,50666,SKU-56964,Home,2,18.39,36.78
902334,50666,SKU-11637,Grocery,4,13.46,53.84
902335,50666,SKU-38379,Electronics,3,12.61,37.83
902336,50666,SKU-74142,Grocery,2,9.66,19.32
902337,50666,SKU-43096,Home,3,19.75,59.25
902338,50666,SKU-89891,Sports,1,14.71,14.71
902339,50667,SKU-88034,Electronics,2,22.66,45.32
902340,50667,SKU-69989,Sports,1,20.63,20.63
902341,50667,SKU-15907,Grocery,4,8.07,32.28
902342,50668,SKU-54911,Electronics,3,63.88,191.64
902343,50669,SKU-86439,Sports,2,12.95,25.9
902344,50669,SKU-40648,Electronics,2,16.21,32.42
902345,50669,SKU-19258,Apparel,4,19.36,77.44
902346,50669,SKU-14952,Sports,4,30.46,121.84
902347,50669,SKU-53771,Apparel,2,18.03,36.06
902348,50669,SKU-57435,Electronics,1,18.27,18.27
902349,50670,SKU-29461,Home,4,35.61,142.44
902350,50671,SKU-45530,Grocery,4,24.69,98.76
902351,50671,SKU-33026,Apparel,1,50.65,50.65
902352,50671,SKU-60512,Sports,1,31.82,31.82
902353,50672,SKU-91991,Electronics,2,21.02,42.04
902354,50672,SKU-14594,Apparel,2,19.15,38.3
902355,50673,SKU-90951,Grocery,4,11.51,46.04
902356,50673,SKU-96678,Electronics,1,99.13,99.13
902357,50673,SKU-47312,Home,4,24.41,97.64
902358,50673,SKU-93687,Sports,3,96.64,289.92
902359,50673,SKU-14785,Sports,1,3.19,3.19
902360,50674,SKU-59611,Electronics,3,25.69,77.07
902361,50674,SKU-43540,Electronics,4,15.25,61.0
902362,50674,SKU-71876,Apparel,2,7.76,15.52
902363,50674,SKU-24613,Sports,4,15.07,60.28
902364,50674,SKU-97726,Grocery,1,17.68,17.68
902365,50674,SKU-16640,Sports,1,18.75,18.75
902366,50675,SKU-47999,Grocery,1,26.73,26.73
902367,50675,SKU-62397,Sports,2,47.58,95.16
902368,50675,SKU-59257,Apparel,4,11.48,45.92
902369,50676,SKU-20679,Home,2,8.09,16.18
902370,50676,SKU-11943,Electronics,4,6.56,26.24
902371,50676,SKU-28176,Sports,1,38.15,38.15
902372,50676,SKU-82024,Grocery,2,40.37,80.74
902373,50677,SKU-16651,Electronics,2,13.96,27.92
902374,50677,SKU-48192,Sports,2,48.59,97.18
902375,50677,SKU-68904,Electronics,1,19.76,19.76
902376,50678,SKU-23049,Electronics,2,8.23,16.46
902377,50678,SKU-79481,Sports,2,27.22,54.44
902378,50678,SKU-12538,Apparel,3,33.02,99.06
902379,50679,SKU-37656,Home,4,9.63,38.52
902380,50679,SKU-13126,Sports,3,83.82,251.46
902381,50679,SKU-47380,Electronics,4,33.27,133.08
902382,50679,SKU-44866,Home,2,154.65,309.3
902383,50680,SKU-87214,Electronics,2,13.37,26.74
902384,50681,SKU-14501,Grocery,1,42.64,42.64
902385,50681,SKU-81904,Apparel,1,20.49,20.49
902386,50682,SKU-40275,Grocery,3,17.88,53.64
902387,50682,SKU-64673,Home,4,6.99,27.96
902388,50683,SKU-79521,Sports,4,11.37,45.48
902389,50683,SKU-44590,Grocery,3,170.36,511.08
902390,50683,SKU-43786,Electronics,2,24.19,48.38
902391,50684,SKU-76603,Home,3,6.63,19.89
902392,50685,SKU-36480,Electronics,2,10.74,21.48
902393,50686,SKU-73514,Grocery,3,16.7,50.1
902394,50686,SKU-35199,Electronics,1,13.45,13.45
902395,50686,SKU-28529,Grocery,1,55.94,55.94
902396,50686,SKU-95790,Electronics,3,51.1,153.3
902397,50687,SKU-86869,Home,3,15.62,46.86
902398,50687,SKU-20282,Electronics,1,27.16,27.16
902399,50687,SKU-60808,Apparel,1,55.92,55.92
902400,50687,SKU-81968,Home,1,12.97,12.97
902401,50687,SKU-20879,Apparel,3,19.09,57.27
902402,50688,SKU-82126,Sports,1,71.01,71.01
902403,50688,SKU-91402,Grocery,3,33.55,100.65
902404,50688,SKU-24808,Apparel,2,18.48,36.96
902405,50688,SKU-14894,Electronics,3,32.32,96.96
902406,50689,SKU-99437,Grocery,3,34.97,104.91
902407,50689,SKU-11587,Grocery,1,12.18,12.18
902408,50689,SKU-48536,Electronics,1,28.05,28.05
902409,50690,SKU-96855,Apparel,2,22.44,44.88
902410,50690,SKU-34831,Grocery,3,5.25,15.75
902411,50690,SKU-18635,Grocery,2,26.25,52.5
902412,50690,SKU-85704,Grocery,2,24.32,48.64
902413,50690,SKU-23538,Electronics,3,13.51,40.53
902414,50690,SKU-74969,Grocery,2,73.43,146.86
902415,50691,SKU-32552,Electronics,4,14.82,59.28
902416,50691,SKU-72155,Sports,1,9.37,9.37
902417,50691,SKU-63349,Electronics,3,15.31,45.93
902418,50691,SKU-54592,Apparel,2,25.26,50.52
902419,50692,SKU-37506,Apparel,4,15.05,60.2
902420,50692,SKU-39425,Electronics,4,29.0,116.0
902421,50693,SKU-42977,Apparel,1,25.05,25.05
902422,50693,SKU-69174,Electronics,3,13.97,41.91
902423,50693,SKU-17641,Electronics,2,73.6,147.2
902424,50693,SKU-51402,Grocery,3,13.94,41.82
902425,50693,SKU-39516,Apparel,1,19.27,19.27
902426,50693,SKU-41377,Home,2,68.1,136.2
902427,50694,SKU-59013,Grocery,3,14.95,44.85
902428,50694,SKU-63230,Electronics,4,7.36,29.44
902429,50694,SKU-20190,Home,3,86.96,260.88
902430,50694,SKU-93911,Sports,3,5.54,16.62
902431,50694,SKU-18166,Home,2,47.05,94.1
902432,50695,SKU-99619,Sports,3,30.16,90.48
902433,50695,SKU-71768,Electronics,1,24.54,24.54
902434,50696,SKU-23016,Apparel,2,37.3,74.6
902435,50696,SKU-65404,Electronics,3,20.72,62.16
902436,50696,SKU-50647,Electronics,3,37.61,112.83
902437,50696,SKU-91304,Apparel,1,64.39,64.39
902438,50697,SKU-85530,Grocery,1,72.56,72.56
902439,50697,SKU-15348,Home,1,9.37,9.37
902440,50698,SKU-18588,Grocery,4,20.63,82.52
902441,50698,SKU-12213,Electronics,1,57.78,57.78
902442,50699,SKU-24621,Electronics,1,40.27,40.27
902443,50699,SKU-40728,Apparel,1,78.5,78.5
902444,50699,SKU-55416,Electronics,1,1.7,1.7
902445,50699,SKU-60708,Electronics,2,8.24,16.48
902446,50700,SKU-83764,Grocery,1,12.97,12.97
902447,50700,SKU-57110,Electronics,2,8.5,17.0
902448,50700,SKU-54885,Sports,4,28.1,112.4
902449,50701,SKU-40098,Grocery,4,11.78,47.12
902450,50701,SKU-40696,Home,4,6.3,25.2
902451,50702,SKU-93898,Electronics,3,13.09,39.27
902452,50702,SKU-57460,Home,2,7.06,14.12
902453,50702,SKU-22529,Sports,1,12.81,12.81
902454,50702,SKU-70323,Apparel,2,6.58,13.16
902455,50702,SKU-26186,Sports,4,26.71,106.84
902456,50703,SKU-61063,Sports,2,14.49,28.98
902457,50703,SKU-67056,Grocery,1,49.93,49.93
902458,50703,SKU-32700,Apparel,4,7.64,30.56
902459,50703,SKU-48134,Electronics,2,22.88,45.76
902460,50703,SKU-31727,Electronics,1,52.79,52.79
902461,50704,SKU-11227,Electronics,1,17.34,17.34
902462,50704,SKU-94561,Electronics,1,5.86,5.86
902463,50704,SKU-85538,Grocery,2,28.38,56.76
902464,50704,SKU-95951,Electronics,4,6.92,27.68
902465,50705,SKU-26250,Home,3,24.13,72.39
902466,50705,SKU-45165,Electronics,1,55.72,55.72
902467,50705,SKU-12808,Home,1,13.4,13.4
902468,50705,SKU-71232,Apparel,1,21.39,21.39
902469,50705,SKU-77500,Electronics,1,41.56,41.56
902470,50706,SKU-18359,Apparel,4,38.77,155.08
902471,50706,SKU-66456,Home,1,53.03,53.03
902472,50706,SKU-68464,Home,2,19.88,39.76
902473,50707,SKU-21476,Apparel,3,54.75,164.25
902474,50707,SKU-26832,Home,2,19.39,38.78
902475,50707,SKU-40539,Apparel,3,14.28,42.84
902476,50707,SKU-37636,Apparel,3,10.91,32.73
902477,50707,SKU-39713,Grocery,4,51.36,205.44
902478,50708,SKU-52237,Electronics,3,123.78,371.34
902479,50708,SKU-14869,Apparel,4,33.73,134.92
902480,50708,SKU-58272,Apparel,2,20.19,40.38
902481,50708,SKU-85796,Apparel,4,22.88,91.52
902482,50708,SKU-15619,Apparel,3,18.25,54.75
902483,50708,SKU-27720,Grocery,4,21.75,87.0
902484,50709,SKU-75606,Apparel,3,47.43,142.29
902485,50709,SKU-29997,Grocery,4,16.46,65.84
902486,50709,SKU-26099,Grocery,1,16.74,16.74
902487,50709,SKU-48496,Electronics,3,22.47,67.41
902488,50710,SKU-76650,Home,3,18.44,55.32
902489,50710,SKU-69325,Sports,3,65.6,196.8
902490,50710,SKU-13772,Apparel,1,12.06,12.06
902491,50711,SKU-40197,Electronics,2,6.98,13.96
902492,50711,SKU-34321,Apparel,2,23.02,46.04
902493,50711,SKU-24894,Electronics,4,3.66,14.64
902494,50712,SKU-47188,Home,2,31.41,62.82
902495,50712,SKU-55169,Home,2,53.12,106.24
902496,50712,SKU-99040,Sports,2,13.43,26.86
902497,50712,SKU-60292,Grocery,2,19.13,38.26
902498,50713,SKU-95877,Apparel,2,24.9,49.8
902499,50713,SKU-98105,Apparel,3,28.97,86.91
902500,50713,SKU-66283,Sports,4,13.82,55.28
902501,50714,SKU-66840,Grocery,1,36.27,36.27
902502,50714,SKU-81882,Electronics,3,3.12,9.36
902503,50714,SKU-72302,Apparel,2,39.99,79.98
902504,50714,SKU-89223,Electronics,4,25.82,103.28
902505,50715,SKU-36818,Sports,2,10.02,20.04
902506,50716,SKU-45680,Electronics,1,48.85,48.85
902507,50716,SKU-59237,Grocery,3,10.38,31.14
902508,50716,SKU-28914,Apparel,3,8.32,24.96
902509,50716,SKU-60975,Grocery,3,12.83,38.49
902510,50716,SKU-32647,Grocery,1,53.81,53.81
902511,50716,SKU-42384,Sports,2,2.62,5.24
902512,50717,SKU-43926,Home,2,25.31,50.62
902513,50718,SKU-60981,Home,1,25.34,25.34
902514,50718,SKU-74710,Electronics,2,25.11,50.22
902515,50718,SKU-88105,Apparel,1,37.08,37.08
902516,50718,SKU-54497,Electronics,1,4.35,4.35
902517,50718,SKU-98300,Home,3,28.11,84.33
902518,50718,SKU-54133,Apparel,3,131.56,394.68
902519,50719,SKU-88215,Electronics,1,7.65,7.65
902520,50719,SKU-89494,Grocery,2,55.15,110.3
902521,50719,SKU-50411,Electronics,4,9.84,39.36
902522,50719,SKU-69500,Sports,2,2.68,5.36
902523,50719,SKU-46578,Sports,4,36.01,144.04
902524,50719,SKU-74259,Sports,4,13.17,52.68
902525,50720,SKU-36429,Sports,1,15.26,15.26
902526,50720,SKU-27622,Grocery,2,13.47,26.94
902527,50720,SKU-74238,Home,4,39.09,156.36
902528,50720,SKU-23315,Sports,4,17.38,69.52
902529,50721,SKU-74811,Sports,4,28.14,112.56
902530,50721,SKU-86780,Grocery,1,15.52,15.52
902531,50721,SKU-18832,Sports,2,40.14,80.28
902532,50721,SKU-30378,Electronics,1,29.81,29.81
902533,50721,SKU-19775,Electronics,1,8.86,8.86
902534,50722,SKU-88457,Grocery,2,50.46,100.92
902535,50722,SKU-58529,Electronics,4,3.11,12.44
902536,50722,SKU-14407,Apparel,1,8.51,8.51
902537,50722,SKU-59869,Sports,1,27.2,27.2
902538,50722,SKU-28032,Sports,2,18.4,36.8
902539,50722,SKU-68350,Electronics,1,22.55,22.55
902540,50723,SKU-98809,Apparel,3,11.04,33.12
902541,50723,SKU-83762,Home,3,18.66,55.98
902542,50723,SKU-28557,Sports,4,26.13,104.52
902543,50723,SKU-35348,Apparel,4,60.68,242.72
902544,50723,SKU-16167,Home,4,18.96,75.84
902545,50723,SKU-99821,Grocery,1,65.59,65.59
902546,50724,SKU-71524,Electronics,3,44.6,133.8
902547,50724,SKU-26876,Home,1,31.11,31.11
902548,50724,SKU-76331,Home,3,30.61,91.83
902549,50724,SKU-45431,Electronics,4,12.63,50.52
902550,50725,SKU-65154,Apparel,3,50.35,151.05
902551,50725,SKU-68153,Sports,1,22.99,22.99
902552,50725,SKU-40456,Grocery,1,14.79,14.79
902553,50725,SKU-88429,Apparel,3,16.96,50.88
902554,50725,SKU-55141,Grocery,4,45.56,182.24
902555,50726,SKU-42471,Electronics,1,10.24,10.24
902556,50726,SKU-23916,Apparel,3,22.17,66.51
902557,50726,SKU-29526,Home,1,12.88,12.88
902558,50726,SKU-51913,Sports,2,19.15,38.3
902559,50726,SKU-54133,Sports,3,30.06,90.18
902560,50727,SKU-81998,Grocery,4,20.41,81.64
902561,50727,SKU-88760,Sports,2,16.82,33.64
902562,50727,SKU-41098,Grocery,1,44.67,44.67
902563,50728,SKU-29365,Apparel,3,111.34,334.02
902564,50728,SKU-57868,Sports,2,10.27,20.54
902565,50728,SKU-54811,Grocery,1,44.75,44.75
902566,50728,SKU-53221,Sports,3,384.99,1154.97
902567,50728,SKU-30364,Sports,1,40.46,40.46
902568,50729,SKU-69035,Home,2,16.95,33.9
902569,50729,SKU-27036,Sports,4,35.71,142.84
902570,50729,SKU-60696,Apparel,1,16.73,16.73
902571,50729,SKU-96913,Home,3,7.91,23.73
902572,50729,SKU-79778,Grocery,2,8.29,16.58
902573,50730,SKU-28328,Electronics,1,30.62,30.62
902574,50730,SKU-71067,Apparel,2,37.41,74.82
902575,50730,SKU-35823,Home,1,47.47,47.47
902576,50730,SKU-47014,Sports,2,8.48,16.96
902577,50731,SKU-49931,Grocery,4,68.29,273.16
902578,50731,SKU-25060,Home,3,19.36,58.08
902579,50731,SKU-40108,Apparel,4,50.71,202.84
902580,50731,SKU-47288,Apparel,3,26.24,78.72
902581,50732,SKU-31970,Apparel,2,50.54,101.08
902582,50732,SKU-65956,Electronics,2,28.97,57.94
902583,50733,SKU-28296,Electronics,3,8.67,26.01
902584,50733,SKU-29439,Electronics,1,7.54,7.54
902585,50733,SKU-71874,Grocery,3,40.53,121.59
902586,50733,SKU-27086,Home,1,45.37,45.37
902587,50733,SKU-44864,Sports,4,63.73,254.92
902588,50734,SKU-79266,Electronics,1,11.75,11.75
902589,50734,SKU-62992,Grocery,4,38.12,152.48
902590,50735,SKU-61920,Grocery,1,30.36,30.36
902591,50735,SKU-33986,Sports,2,29.79,59.58
902592,50735,SKU-34965,Electronics,3,26.74,80.22
902593,50736,SKU-95275,Home,1,41.72,41.72
902594,50737,SKU-53653,Sports,3,39.21,117.63
902595,50737,SKU-24346,Grocery,2,21.08,42.16
902596,50737,SKU-83243,Apparel,2,51.89,103.78
902597,50737,SKU-49483,Sports,2,17.96,35.92
902598,50737,SKU-34304,Apparel,4,41.79,167.16
902599,50737,SKU-95330,Grocery,3,27.14,81.42
902600,50738,SKU-49455,Home,3,12.45,37.35
902601,50738,SKU-76036,Sports,4,74.1,296.4
902602,50738,SKU-82077,Apparel,1,15.97,15.97
902603,50738,SKU-71796,Home,3,2.17,6.51
902604,50738,SKU-55505,Home,2,44.67,89.34
902605,50739,SKU-80849,Grocery,4,18.57,74.28
902606,50739,SKU-20224,Apparel,1,17.94,17.94
902607,50739,SKU-14850,Apparel,1,9.39,9.39
902608,50740,SKU-46022,Home,3,34.36,103.08
902609,50740,SKU-43982,Home,1,21.15,21.15
902610,50741,SKU-68934,Apparel,1,44.93,44.93
902611,50741,SKU-97632,Apparel,2,19.5,39.0
902612,50742,SKU-84454,Sports,4,45.27,181.08
902613,50742,SKU-16658,Electronics,2,7.28,14.56
902614,50742,SKU-94338,Home,2,13.94,27.88
902615,50742,SKU-36258,Apparel,4,29.04,116.16
902616,50742,SKU-81216,Grocery,3,78.92,236.76
902617,50742,SKU-83970,Sports,2,19.73,39.46
902618,50743,SKU-26023,Sports,4,26.58,106.32
902619,50743,SKU-11488,Electronics,4,12.88,51.52
902620,50744,SKU-87095,Home,4,87.65,350.6
902621,50745,SKU-38017,Grocery,2,26.92,53.84
902622,50746,SKU-36215,Home,3,14.26,42.78
902623,50746,SKU-84223,Electronics,2,20.84,41.68
902624,50746,SKU-47538,Home,1,24.83,24.83
902625,50746,SKU-63495,Grocery,2,22.77,45.54
902626,50747,SKU-12315,Apparel,3,10.38,31.14
902627,50747,SKU-36210,Sports,4,15.33,61.32
902628,50747,SKU-97349,Sports,3,8.67,26.01
902629,50748,SKU-42853,Electronics,2,5.64,11.28
902630,50748,SKU-13875,Electronics,2,84.28,168.56
902631,50748,SKU-13923,Sports,2,3.07,6.14
902632,50748,SKU-41770,Sports,3,19.98,59.94
902633,50748,SKU-64822,Sports,3,96.88,290.64
902634,50748,SKU-72388,Apparel,3,7.27,21.81
902635,50749,SKU-54166,Home,3,4.24,12.72
902636,50749,SKU-12993,Grocery,3,70.77,212.31
902637,50750,SKU-63484,Home,2,53.63,107.26
902638,50750,SKU-60487,Grocery,1,47.0,47.0
902639,50750,SKU-62418,Home,4,30.62,122.48
902640,50751,SKU-54147,Apparel,1,9.66,9.66
902641,50751,SKU-52702,Home,4,12.55,50.2
902642,50751,SKU-11555,Electronics,4,49.09,196.36
902643,50751,SKU-55371,Grocery,2,46.31,92.62
902644,50751,SKU-89527,Apparel,1,73.96,73.96
902645,50752,SKU-43174,Electronics,4,24.48,97.92
902646,50752,SKU-21882,Grocery,1,8.71,8.71
902647,50752,SKU-40973,Electronics,4,29.1,116.4
902648,50752,SKU-38323,Sports,2,36.05,72.1
902649,50753,SKU-47120,Home,2,20.45,40.9
902650,50753,SKU-72030,Grocery,4,55.2,220.8
902651,50753,SKU-54758,Sports,1,57.66,57.66
902652,50754,SKU-52265,Sports,4,14.01,56.04
902653,50754,SKU-20124,Apparel,1,8.82,8.82
902654,50754,SKU-73802,Electronics,4,12.98,51.92
902655,50754,SKU-60458,Apparel,1,14.49,14.49
902656,50755,SKU-87759,Home,4,6.81,27.24
902657,50755,SKU-49184,Home,2,7.96,15.92
902658,50755,SKU-76165,Grocery,1,47.66,47.66
902659,50755,SKU-15139,Grocery,1,81.58,81.58
902660,50755,SKU-23453,Electronics,1,18.61,18.61
902661,50756,SKU-64130,Sports,4,62.38,249.52
902662,50756,SKU-87667,Home,3,5.5,16.5
902663,50757,SKU-77303,Sports,3,61.9,185.7
902664,50757,SKU-37908,Grocery,1,4.88,4.88
902665,50757,SKU-26594,Sports,4,11.08,44.32
902666,50757,SKU-12314,Sports,3,7.27,21.81
902667,50758,SKU-40470,Apparel,1,13.37,13.37
902668,50758,SKU-17015,Apparel,2,9.15,18.3
902669,50759,SKU-25540,Home,1,7.09,7.09
902670,50759,SKU-82714,Grocery,3,10.78,32.34
902671,50759,SKU-86037,Grocery,3,17.11,51.33
902672,50760,SKU-67492,Grocery,3,57.77,173.31
902673,50760,SKU-65244,Apparel,2,33.84,67.68
902674,50760,SKU-90277,Electronics,2,42.84,85.68
902675,50761,SKU-90816,Sports,4,9.72,38.88
902676,50761,SKU-56436,Apparel,2,31.98,63.96
902677,50761,SKU-65416,Electronics,1,20.34,20.34
902678,50761,SKU-27415,Electronics,4,8.08,32.32
902679,50761,SKU-15254,Home,4,14.53,58.12
902680,50761,SKU-69603,Electronics,2,36.72,73.44
902681,50762,SKU-53736,Electronics,4,17.56,70.24
902682,50762,SKU-76337,Electronics,3,62.64,187.92
902683,50762,SKU-84128,Sports,2,16.27,32.54
902684,50763,SKU-66087,Sports,2,27.35,54.7
902685,50763,SKU-59823,Electronics,4,18.05,72.2
902686,50763,SKU-10127,Electronics,4,23.38,93.52
902687,50763,SKU-83845,Home,1,25.53,25.53
902688,50763,SKU-67802,Electronics,1,13.19,13.19
902689,50763,SKU-73454,Sports,1,27.17,27.17
902690,50764,SKU-80896,Sports,2,50.25,100.5
902691,50764,SKU-19145,Apparel,4,44.66,178.64
902692,50764,SKU-11412,Sports,4,45.25,181.0
902693,50764,SKU-78171,Electronics,4,32.61,130.44
902694,50764,SKU-33102,Grocery,1,14.33,14.33
902695,50764,SKU-90414,Electronics,3,60.73,182.19
902696,50765,SKU-61111,Home,2,15.9,31.8
902697,50765,SKU-80534,Electronics,3,15.35,46.05
902698,50765,SKU-49233,Electronics,1,42.73,42.73
902699,50765,SKU-63319,Sports,4,43.68,174.72
902700,50765,SKU-75441,Sports,1,12.79,12.79
902701,50765,SKU-90520,Grocery,3,20.19,60.57
902702,50766,SKU-97826,Grocery,2,11.66,23.32
902703,50766,SKU-40406,Sports,3,20.29,60.87
902704,50766,SKU-93789,Electronics,4,12.98,51.92
902705,50766,SKU-40075,Home,3,26.85,80.55
902706,50766,SKU-79765,Home,2,5.5,11.0
902707,50767,SKU-57172,Electronics,1,31.75,31.75
902708,50767,SKU-81989,Electronics,4,26.1,104.4
902709,50767,SKU-92025,Home,1,4.97,4.97
902710,50767,SKU-48170,Home,4,24.2,96.8
902711,50768,SKU-61422,Sports,1,29.16,29.16
902712,50768,SKU-22590,Sports,4,18.7,74.8
902713,50769,SKU-52664,Sports,1,22.8,22.8
902714,50769,SKU-84604,Sports,2,32.77,65.54
902715,50769,SKU-61337,Sports,1,22.15,22.15
902716,50770,SKU-26884,Grocery,4,25.3,101.2
902717,50770,SKU-18119,Sports,2,35.97,71.94
902718,50770,SKU-96673,Grocery,2,14.41,28.82
902719,50770,SKU-65442,Electronics,3,88.08,264.24
902720,50770,SKU-49245,Grocery,1,10.01,10.01
902721,50770,SKU-65872,Sports,2,8.57,17.14
902722,50771,SKU-10933,Home,3,9.93,29.79
902723,50771,SKU-17095,Home,2,15.98,31.96
902724,50771,SKU-84068,Grocery,4,87.27,349.08
902725,50771,SKU-51640,Electronics,1,50.17,50.17
902726,50771,SKU-12382,Apparel,1,53.09,53.09
902727,50771,SKU-42157,Grocery,3,72.37,217.11
902728,50772,SKU-82071,Apparel,2,15.33,30.66
902729,50773,SKU-85174,Home,1,30.37,30.37
902730,50773,SKU-78553,Home,4,6.84,27.36
902731,50773,SKU-57468,Electronics,4,9.51,38.04
902732,50773,SKU-48790,Apparel,4,21.24,84.96
902733,50774,SKU-29409,Sports,4,82.14,328.56
902734,50774,SKU-66843,Electronics,4,34.59,138.36
902735,50774,SKU-71222,Home,3,8.76,26.28
902736,50775,SKU-79366,Sports,3,33.76,101.28
902737,50776,SKU-88768,Home,2,17.37,34.74
902738,50776,SKU-74285,Sports,3,10.38,31.14
902739,50776,SKU-77471,Electronics,2,15.55,31.1
902740,50776,SKU-83637,Home,4,16.74,66.96
902741,50776,SKU-49412,Sports,4,14.96,59.84
902742,50776,SKU-26197,Electronics,3,18.16,54.48
902743,50777,SKU-56755,Apparel,3,43.45,130.35
902744,50777,SKU-55780,Grocery,3,42.91,128.73
902745,50777,SKU-67051,Apparel,2,9.16,18.32
902746,50778,SKU-29309,Home,3,9.02,27.06
902747,50778,SKU-22775,Apparel,4,14.86,59.44
902748,50778,SKU-53426,Electronics,1,10.87,10.87
902749,50778,SKU-18561,Sports,2,22.64,45.28
902750,50778,SKU-91248,Sports,3,17.68,53.04
902751,50778,SKU-22101,Electronics,3,17.26,51.78
902752,50779,SKU-47218,Grocery,3,7.95,23.85
902753,50779,SKU-88155,Apparel,2,11.97,23.94
902754,50779,SKU-35122,Electronics,1,33.47,33.47
902755,50779,SKU-73957,Home,4,14.43,57.72
902756,50780,SKU-61677,Sports,4,8.17,32.68
902757,50780,SKU-40488,Apparel,2,13.85,27.7
902758,50780,SKU-58857,Apparel,3,32.12,96.36
902759,50781,SKU-69937,Grocery,3,8.21,24.63
902760,50781,SKU-47573,Grocery,4,25.54,102.16
902761,50781,SKU-86636,Apparel,3,25.23,75.69
902762,50781,SKU-15982,Electronics,1,18.86,18.86
902763,50782,SKU-51805,Apparel,1,8.04,8.04
902764,50782,SKU-30509,Sports,3,34.06,102.18
902765,50782,SKU-54301,Grocery,4,29.63,118.52
902766,50783,SKU-34146,Electronics,1,17.44,17.44
902767,50783,SKU-26542,Electronics,2,10.69,21.38
902768,50783,SKU-47496,Grocery,3,33.22,99.66
902769,50784,SKU-51631,Sports,4,45.04,180.16
902770,50784,SKU-45877,Home,4,18.32,73.28
902771,50784,SKU-98390,Home,2,16.54,33.08
902772,50784,SKU-12164,Electronics,2,43.67,87.34
902773,50784,SKU-20844,Home,1,17.8,17.8
902774,50785,SKU-93101,Apparel,4,14.22,56.88
902775,50785,SKU-20657,Electronics,1,52.39,52.39
902776,50785,SKU-60383,Apparel,2,10.56,21.12
902777,50785,SKU-75189,Sports,1,18.88,18.88
902778,50785,SKU-15533,Apparel,4,35.83,143.32
902779,50785,SKU-95028,Home,3,11.07,33.21
902780,50786,SKU-20660,Home,2,34.21,68.42
902781,50786,SKU-46048,Grocery,3,16.8,50.4
902782,50787,SKU-91985,Sports,1,4.6,4.6
902783,50787,SKU-25001,Grocery,3,21.7,65.1
902784,50788,SKU-71000,Grocery,1,25.67,25.67
902785,50788,SKU-74746,Electronics,3,29.01,87.03
902786,50788,SKU-38083,Apparel,3,18.71,56.13
902787,50788,SKU-17863,Grocery,4,8.4,33.6
902788,50789,SKU-17213,Grocery,4,5.16,20.64
902789,50789,SKU-51437,Sports,2,18.05,36.1
902790,50789,SKU-62476,Home,3,35.63,106.89
902791,50789,SKU-33181,Grocery,3,27.66,82.98
902792,50789,SKU-34724,Sports,3,8.54,25.62
902793,50790,SKU-27097,Electronics,2,37.85,75.7
902794,50790,SKU-46733,Apparel,2,16.85,33.7
902795,50790,SKU-63023,Electronics,4,18.04,72.16
902796,50790,SKU-89933,Sports,2,38.27,76.54
902797,50791,SKU-79716,Sports,1,6.68,6.68
902798,50791,SKU-10518,Apparel,2,20.08,40.16
902799,50791,SKU-69437,Electronics,1,54.68,54.68
902800,50792,SKU-30150,Apparel,2,11.43,22.86
902801,50792,SKU-54954,Grocery,3,22.45,67.35
902802,50792,SKU-78139,Grocery,3,20.74,62.22
902803,50792,SKU-98060,Sports,4,66.53,266.12
902804,50792,SKU-50100,Electronics,3,22.17,66.51
902805,50793,SKU-77802,Electronics,4,13.96,55.84
902806,50793,SKU-77875,Grocery,4,19.69,78.76
902807,50793,SKU-14936,Grocery,3,12.19,36.57
902808,50793,SKU-76540,Home,4,16.26,65.04
902809,50793,SKU-54736,Sports,1,49.42,49.42
902810,50794,SKU-65773,Home,1,14.23,14.23
902811,50794,SKU-88904,Home,1,28.98,28.98
902812,50794,SKU-60462,Home,3,29.76,89.28
902813,50794,SKU-58557,Electronics,3,27.65,82.95
902814,50794,SKU-18044,Home,1,44.17,44.17
902815,50795,SKU-61553,Home,4,7.27,29.08
902816,50795,SKU-29803,Home,4,6.81,27.24
902817,50795,SKU-77086,Home,3,13.14,39.42
902818,50796,SKU-67943,Home,3,26.36,79.08
902819,50797,SKU-83953,Grocery,4,31.29,125.16
902820,50797,SKU-95419,Sports,1,117.38,117.38
902821,50797,SKU-96876,Apparel,4,49.53,198.12
902822,50797,SKU-95171,Sports,4,34.59,138.36
902823,50798,SKU-15902,Grocery,3,12.61,37.83
902824,50798,SKU-33825,Grocery,1,17.73,17.73
902825,50798,SKU-87794,Grocery,2,22.48,44.96
902826,50798,SKU-71540,Electronics,1,10.11,10.11
902827,50798,SKU-70404,Grocery,3,19.53,58.59
902828,50798,SKU-21924,Sports,4,4.15,16.6
902829,50799,SKU-24264,Grocery,1,37.54,37.54
902830,50799,SKU-76566,Electronics,4,38.24,152.96
902831,50799,SKU-30094,Electronics,2,44.3,88.6
902832,50799,SKU-85680,Grocery,3,18.73,56.19
902833,50799,SKU-46444,Sports,3,23.32,69.96
902834,50799,SKU-50428,Electronics,3,18.14,54.42
902835,50800,SKU-63449,Home,3,25.16,75.48
902836,50801,SKU-39175,Apparel,2,49.71,99.42
902837,50801,SKU-61134,Sports,1,143.48,143.48
902838,50802,SKU-37966,Grocery,2,50.08,100.16
902839,50802,SKU-83076,Apparel,4,40.09,160.36
902840,50802,SKU-79784,Electronics,4,21.62,86.48
902841,50802,SKU-65035,Home,3,15.38,46.14
902842,50802,SKU-15472,Grocery,3,12.97,38.91
902843,50803,SKU-93694,Electronics,2,4.68,9.36
902844,50803,SKU-70301,Grocery,2,22.75,45.5
902845,50804,SKU-77171,Home,2,21.9,43.8
902846,50805,SKU-27975,Electronics,2,17.65,35.3
902847,50805,SKU-88206,Home,3,21.0,63.0
902848,50805,SKU-77654,Home,1,5.43,5.43
902849,50805,SKU-42835,Grocery,4,36.21,144.84
902850,50805,SKU-84567,Electronics,1,67.76,67.76
902851,50806,SKU-33131,Grocery,4,115.85,463.4
902852,50806,SKU-72164,Apparel,2,15.13,30.26
902853,50806,SKU-65721,Sports,4,24.13,96.52
902854,50806,SKU-13819,Grocery,4,29.42,117.68
902855,50806,SKU-84629,Apparel,4,13.64,54.56
902856,50807,SKU-28010,Grocery,1,16.59,16.59
902857,50807,SKU-65668,Electronics,1,33.41,33.41
902858,50807,SKU-22295,Apparel,2,39.3,78.6
902859,50807,SKU-33732,Apparel,3,17.65,52.95
902860,50807,SKU-29560,Sports,2,35.62,71.24
902861,50807,SKU-10706,Home,3,21.22,63.66
902862,50808,SKU-73234,Electronics,1,12.39,12.39
902863,50809,SKU-79638,Sports,1,27.23,27.23
902864,50809,SKU-33010,Apparel,2,28.38,56.76
902865,50809,SKU-60821,Electronics,2,10.32,20.64
902866,50809,SKU-54575,Apparel,1,25.19,25.19
902867,50810,SKU-60211,Apparel,1,18.4,18.4
902868,50810,SKU-64734,Apparel,4,32.23,128.92
902869,50810,SKU-96501,Electronics,3,5.96,17.88
902870,50810,SKU-25027,Grocery,1,24.1,24.1
902871,50810,SKU-34160,Grocery,3,9.99,29.97
902872,50810,SKU-77664,Electronics,1,12.5,12.5
902873,50811,SKU-99640,Apparel,3,24.31,72.93
902874,50811,SKU-20039,Electronics,1,25.46,25.46
902875,50811,SKU-36011,Home,2,39.95,79.9
902876,50811,SKU-43094,Home,3,19.64,58.92
902877,50811,SKU-90440,Grocery,3,5.94,17.82
902878,50811,SKU-14896,Electronics,3,28.08,84.24
902879,50812,SKU-48287,Home,2,40.28,80.56
902880,50812,SKU-53494,Sports,1,27.92,27.92
902881,50813,SKU-90165,Home,2,7.54,15.08
902882,50814,SKU-81173,Home,3,45.91,137.73
902883,50814,SKU-76041,Grocery,4,28.17,112.68
902884,50814,SKU-23347,Electronics,1,21.98,21.98
902885,50814,SKU-59408,Electronics,3,14.39,43.17
902886,50814,SKU-38328,Sports,4,13.1,52.4
902887,50815,SKU-39756,Apparel,4,26.31,105.24
902888,50815,SKU-27221,Grocery,3,27.84,83.52
902889,50815,SKU-33172,Grocery,3,33.06,99.18
902890,50815,SKU-56996,Grocery,4,31.89,127.56
902891,50815,SKU-13259,Apparel,1,19.98,19.98
902892,50815,SKU-79681,Grocery,1,80.2,80.2
902893,50816,SKU-60306,Home,4,13.14,52.56
902894,50816,SKU-44316,Electronics,4,24.48,97.92
902895,50816,SKU-12143,Sports,4,49.55,198.2
902896,50816,SKU-70299,Grocery,2,11.44,22.88
902897,50817,SKU-34653,Apparel,1,13.94,13.94
902898,50817,SKU-98913,Home,3,111.86,335.58
902899,50817,SKU-63499,Electronics,2,27.32,54.64
902900,50817,SKU-23271,Home,3,6.85,20.55
902901,50817,SKU-56078,Apparel,1,34.47,34.47
902902,50818,SKU-90742,Apparel,2,19.63,39.26
902903,50818,SKU-62915,Sports,1,40.24,40.24
902904,50818,SKU-41911,Electronics,4,56.6,226.4
902905,50818,SKU-87765,Apparel,3,11.93,35.79
902906,50818,SKU-12092,Sports,4,27.41,109.64
902907,50818,SKU-92950,Grocery,4,18.4,73.6
902908,50819,SKU-68868,Electronics,2,15.83,31.66
902909,50819,SKU-36646,Home,4,12.75,51.0
902910,50819,SKU-11668,Sports,2,23.44,46.88
902911,50820,SKU-14247,Sports,2,141.26,282.52
902912,50820,SKU-94368,Electronics,2,34.05,68.1
902913,50820,SKU-50901,Apparel,3,45.31,135.93
902914,50820,SKU-75076,Electronics,2,31.62,63.24
902915,50821,SKU-35251,Grocery,3,10.0,30.0
902916,50821,SKU-31295,Home,3,30.93,92.79
902917,50821,SKU-87348,Home,4,16.61,66.44
902918,50821,SKU-42462,Home,2,5.26,10.52
902919,50821,SKU-60709,Home,1,15.81,15.81
902920,50822,SKU-45466,Apparel,1,95.33,95.33
902921,50822,SKU-11701,Apparel,2,21.56,43.12
902922,50822,SKU-27883,Sports,1,26.1,26.1
902923,50822,SKU-46604,Grocery,2,17.88,35.76
902924,50822,SKU-88200,Grocery,4,8.55,34.2
902925,50822,SKU-62665,Electronics,2,34.81,69.62
902926,50823,SKU-83716,Home,1,15.15,15.15
902927,50823,SKU-50392,Sports,3,8.6,25.8
902928,50823,SKU-46257,Grocery,3,13.47,40.41
902929,50823,SKU-34225,Sports,3,10.86,32.58
902930,50824,SKU-88793,Sports,4,14.75,59.0
902931,50824,SKU-32288,Grocery,4,17.19,68.76
902932,50824,SKU-51886,Electronics,3,16.54,49.62
902933,50825,SKU-69118,Apparel,1,20.14,20.14
902934,50825,SKU-60312,Home,2,12.63,25.26
902935,50825,SKU-26304,Home,2,21.63,43.26
902936,50825,SKU-28554,Home,3,38.77,116.31
902937,50825,SKU-61419,Home,4,28.87,115.48
902938,50826,SKU-23854,Electronics,1,40.88,40.88
902939,50826,SKU-99453,Home,2,14.91,29.82
902940,50826,SKU-56800,Sports,1,42.9,42.9
902941,50827,SKU-18769,Apparel,2,31.08,62.16
902942,50827,SKU-40759,Sports,2,12.72,25.44
902943,50827,SKU-37893,Electronics,1,38.98,38.98
902944,50827,SKU-55692,Home,3,71.37,214.11
902945,50828,SKU-24482,Sports,4,18.7,74.8
902946,50828,SKU-15870,Electronics,2,26.51,53.02
902947,50828,SKU-10987,Apparel,4,36.41,145.64
902948,50828,SKU-21878,Apparel,3,14.25,42.75
902949,50828,SKU-57246,Grocery,4,11.52,46.08
902950,50828,SKU-64630,Electronics,4,15.05,60.2
902951,50829,SKU-85346,Sports,2,43.99,87.98
902952,50830,SKU-91834,Sports,3,15.24,45.72
902953,50830,SKU-32883,Electronics,1,4.46,4.46
902954,50830,SKU-28013,Apparel,1,15.01,15.01
902955,50830,SKU-87076,Sports,1,30.98,30.98
902956,50830,SKU-39883,Electronics,1,87.04,87.04
902957,50831,SKU-68200,Electronics,4,99.44,397.76
902958,50831,SKU-23646,Grocery,3,13.27,39.81
902959,50831,SKU-89861,Apparel,2,32.4,64.8
902960,50831,SKU-16046,Electronics,2,33.63,67.26
902961,50831,SKU-91511,Sports,2,52.48,104.96
902962,50832,SKU-33793,Sports,2,34.56,69.12
902963,50832,SKU-63022,Electronics,2,8.36,16.72
902964,50833,SKU-23912,Electronics,3,71.38,214.14
902965,50833,SKU-91868,Electronics,2,37.66,75.32
902966,50833,SKU-84575,Sports,2,34.89,69.78
902967,50833,SKU-38518,Sports,3,33.87,101.61
902968,50833,SKU-75977,Grocery,2,26.26,52.52
902969,50834,SKU-24890,Home,4,41.07,164.28
902970,50834,SKU-34080,Sports,1,22.69,22.69
902971,50835,SKU-87567,Apparel,1,56.26,56.26
902972,50835,SKU-95083,Electronics,1,71.36,71.36
902973,50836,SKU-81565,Home,1,24.52,24.52
902974,50836,SKU-53169,Apparel,1,18.18,18.18
902975,50836,SKU-57086,Sports,3,17.47,52.41
902976,50836,SKU-43545,Grocery,2,14.48,28.96
902977,50836,SKU-63454,Apparel,2,107.43,214.86
902978,50837,SKU-81626,Electronics,2,11.8,23.6
902979,50838,SKU-89630,Home,4,38.67,154.68
902980,50838,SKU-22161,Electronics,4,34.21,136.84
902981,50838,SKU-56426,Electronics,3,78.56,235.68
902982,50838,SKU-43373,Grocery,2,80.12,160.24
902983,50839,SKU-90409,Grocery,1,29.13,29.13
902984,50839,SKU-82705,Home,3,11.73,35.19
902985,50839,SKU-52054,Electronics,3,15.11,45.33
902986,50839,SKU-45255,Electronics,3,21.65,64.95
902987,50839,SKU-43557,Apparel,3,85.03,255.09
902988,50840,SKU-84509,Apparel,4,41.06,164.24
902989,50841,SKU-96777,Electronics,3,20.51,61.53
902990,50841,SKU-66154,Grocery,4,15.31,61.24
902991,50841,SKU-33553,Home,2,13.75,27.5
902992,50841,SKU-75032,Apparel,1,33.03,33.03
902993,50841,SKU-66675,Electronics,2,56.19,112.38
902994,50842,SKU-30021,Home,4,24.57,98.28
902995,50842,SKU-29783,Electronics,1,51.57,51.57
902996,50842,SKU-58649,Sports,2,16.04,32.08
902997,50842,SKU-88336,Home,2,35.6,71.2
902998,50842,SKU-37174,Sports,4,33.77,135.08
902999,50842,SKU-33034,Sports,1,16.44,16.44
903000,50843,SKU-67557,Grocery,2,29.57,59.14
903001,50843,SKU-11376,Sports,3,65.55,196.65
903002,50843,SKU-92153,Sports,3,72.89,218.67
903003,50843,SKU-41294,Electronics,1,15.16,15.16
903004,50843,SKU-19204,Electronics,3,35.59,106.77
903005,50844,SKU-69921,Apparel,3,32.03,96.09
903006,50844,SKU-26482,Apparel,1,26.88,26.88
903007,50844,SKU-43738,Apparel,3,27.7,83.1
903008,50844,SKU-44119,Grocery,3,55.2,165.6
903009,50844,SKU-99019,Grocery,3,23.36,70.08
903010,50844,SKU-79579,Home,1,8.64,8.64
903011,50845,SKU-72356,Electronics,2,37.09,74.18
903012,50846,SKU-60052,Sports,4,42.27,169.08
903013,50846,SKU-70496,Grocery,3,12.92,38.76
903014,50846,SKU-42721,Electronics,3,37.23,111.69
903015,50846,SKU-12580,Electronics,3,9.37,28.11
903016,50847,SKU-27198,Electronics,1,40.95,40.95
903017,50848,SKU-72887,Sports,4,38.54,154.16
903018,50848,SKU-25022,Electronics,1,10.78,10.78
903019,50848,SKU-57730,Sports,4,30.28,121.12
903020,50848,SKU-94930,Home,1,41.28,41.28
903021,50848,SKU-69489,Home,3,24.31,72.93
903022,50849,SKU-33609,Apparel,2,23.98,47.96
903023,50849,SKU-96679,Sports,3,22.42,67.26
903024,50849,SKU-63702,Sports,2,22.24,44.48
903025,50850,SKU-88062,Sports,2,47.84,95.68
903026,50850,SKU-18450,Apparel,4,10.34,41.36
903027,50850,SKU-30553,Home,2,14.66,29.32
903028,50850,SKU-47526,Sports,2,14.45,28.9
903029,50850,SKU-35626,Home,1,5.48,5.48
903030,50851,SKU-62375,Electronics,3,35.45,106.35
903031,50852,SKU-20894,Apparel,4,23.15,92.6
903032,50852,SKU-42255,Electronics,3,9.2,27.6
903033,50852,SKU-38546,Grocery,2,20.05,40.1
903034,50852,SKU-65638,Grocery,4,17.52,70.08
903035,50852,SKU-80203,Grocery,1,16.78,16.78
903036,50853,SKU-68723,Grocery,4,6.56,26.24
903037,50853,SKU-95966,Sports,4,55.08,220.32
903038,50853,SKU-32976,Grocery,3,56.79,170.37
903039,50854,SKU-78070,Sports,3,8.78,26.34
903040,50854,SKU-36774,Home,2,17.05,34.1
903041,50854,SKU-44683,Apparel,4,26.05,104.2
903042,50854,SKU-18006,Grocery,3,16.62,49.86
903043,50854,SKU-44285,Sports,1,101.01,101.01
903044,50854,SKU-55501,Apparel,2,32.24,64.48
903045,50855,SKU-25531,Sports,2,68.62,137.24
903046,50855,SKU-51420,Grocery,1,25.89,25.89
903047,50855,SKU-62979,Sports,3,26.85,80.55
903048,50856,SKU-83056,Grocery,1,59.29,59.29
903049,50857,SKU-62875,Apparel,1,7.91,7.91
903050,50857,SKU-91605,Sports,1,86.46,86.46
903051,50857,SKU-93661,Sports,1,58.01,58.01
903052,50858,SKU-34778,Grocery,4,6.77,27.08
903053,50858,SKU-43935,Electronics,1,17.04,17.04
903054,50858,SKU-89187,Electronics,2,50.13,100.26
903055,50858,SKU-41762,Apparel,3,17.12,51.36
903056,50858,SKU-26569,Electronics,3,19.15,57.45
903057,50859,SKU-76578,Grocery,1,48.4,48.4
903058,50860,SKU-51421,Home,2,9.08,18.16
903059,50860,SKU-13083,Grocery,4,3.66,14.64
903060,50860,SKU-48048,Electronics,2,6.52,13.04
903061,50860,SKU-40219,Grocery,1,11.35,11.35
903062,50860,SKU-71234,Apparel,4,13.06,52.24
903063,50861,SKU-37793,Apparel,4,12.94,51.76
903064,50861,SKU-70633,Home,1,18.7,18.7
903065,50862,SKU-11263,Grocery,1,12.12,12.12
903066,50862,SKU-82582,Electronics,2,11.81,23.62
903067,50862,SKU-48188,Sports,4,38.86,155.44
903068,50862,SKU-66530,Electronics,4,52.59,210.36
903069,50863,SKU-17257,Grocery,3,51.56,154.68
903070,50864,SKU-11985,Sports,2,10.67,21.34
903071,50864,SKU-37080,Apparel,4,13.17,52.68
903072,50865,SKU-96366,Sports,1,11.43,11.43
903073,50865,SKU-32940,Electronics,3,10.7,32.1
903074,50865,SKU-59385,Grocery,1,30.04,30.04
903075,50865,SKU-18743,Apparel,3,19.65,58.95
903076,50865,SKU-16690,Apparel,4,104.14,416.56
903077,50866,SKU-19072,Apparel,3,30.6,91.8
903078,50866,SKU-27046,Grocery,4,10.94,43.76
903079,50866,SKU-56014,Home,4,15.06,60.24
903080,50866,SKU-93937,Apparel,4,58.25,233.0
903081,50866,SKU-17092,Grocery,2,20.91,41.82
903082,50866,SKU-90246,Electronics,3,34.07,102.21
903083,50867,SKU-95109,Home,2,36.51,73.02
903084,50867,SKU-82722,Apparel,2,10.69,21.38
903085,50867,SKU-80654,Sports,2,40.04,80.08
903086,50867,SKU-30696,Sports,1,31.69,31.69
903087,50868,SKU-97502,Sports,1,18.15,18.15
903088,50868,SKU-32453,Home,4,6.92,27.68
903089,50868,SKU-11844,Apparel,4,9.83,39.32
903090,50868,SKU-98215,Apparel,2,15.56,31.12
903091,50868,SKU-24720,Apparel,1,33.74,33.74
903092,50869,SKU-92500,Electronics,4,65.83,263.32
903093,50869,SKU-47625,Electronics,4,61.26,245.04
903094,50869,SKU-36971,Sports,4,7.69,30.76
903095,50870,SKU-48905,Electronics,1,11.71,11.71
903096,50870,SKU-57443,Apparel,2,14.73,29.46
903097,50870,SKU-18916,Sports,2,30.18,60.36
903098,50870,SKU-34276,Electronics,4,14.22,56.88
903099,50871,SKU-52683,Home,3,25.44,76.32
903100,50871,SKU-53546,Apparel,4,27.64,110.56
903101,50871,SKU-73203,Sports,4,18.46,73.84
903102,50871,SKU-74148,Electronics,1,59.32,59.32
903103,50871,SKU-39977,Sports,3,20.05,60.15
903104,50871,SKU-75413,Electronics,4,37.36,149.44
903105,50872,SKU-58613,Sports,1,11.77,11.77
903106,50872,SKU-57706,Sports,2,12.76,25.52
903107,50872,SKU-37957,Grocery,3,27.98,83.94
903108,50872,SKU-48057,Sports,2,37.25,74.5
903109,50872,SKU-36706,Home,4,54.16,216.64
903110,50873,SKU-63434,Apparel,1,11.92,11.92
903111,50873,SKU-80378,Sports,4,14.8,59.2
903112,50874,SKU-16672,Grocery,3,36.53,109.59
903113,50874,SKU-23289,Grocery,1,28.17,28.17
903114,50874,SKU-64082,Home,2,14.98,29.96
903115,50874,SKU-25005,Sports,3,40.81,122.43
903116,50874,SKU-32350,Sports,1,19.56,19.56
903117,50874,SKU-97970,Apparel,2,7.17,14.34
903118,50875,SKU-16892,Grocery,2,42.65,85.3
903119,50875,SKU-30635,Apparel,1,16.79,16.79
903120,50875,SKU-91979,Sports,1,10.3,10.3
903121,50876,SKU-90594,Sports,1,31.81,31.81
903122,50877,SKU-59398,Electronics,2,20.19,40.38
903123,50877,SKU-16677,Apparel,4,28.15,112.6
903124,50877,SKU-15868,Apparel,1,53.36,53.36
903125,50877,SKU-52122,Sports,1,23.12,23.12
903126,50877,SKU-55715,Home,2,10.18,20.36
903127,50878,SKU-54299,Electronics,4,67.64,270.56
903128,50879,SKU-94005,Sports,3,98.73,296.19
903129,50879,SKU-17074,Grocery,4,7.88,31.52
903130,50879,SKU-39022,Grocery,4,13.76,55.04
903131,50879,SKU-85220,Electronics,4,65.81,263.24
903132,50880,SKU-92188,Grocery,3,25.04,75.12
903133,50880,SKU-73890,Sports,4,55.03,220.12
903134,50880,SKU-14252,Sports,3,4.24,12.72
903135,50880,SKU-22342,Sports,3,15.1,45.3
903136,50881,SKU-12108,Sports,4,38.36,153.44
903137,50881,SKU-67440,Sports,2,29.7,59.4
903138,50881,SKU-95629,Apparel,3,24.55,73.65
903139,50881,SKU-48702,Sports,3,11.39,34.17
903140,50881,SKU-47532,Electronics,3,32.52,97.56
903141,50882,SKU-33845,Grocery,1,11.21,11.21
903142,50882,SKU-40726,Home,1,103.78,103.78
903143,50882,SKU-55092,Home,1,24.03,24.03
903144,50882,SKU-20920,Home,3,19.82,59.46
903145,50882,SKU-90661,Electronics,2,13.6,27.2
903146,50883,SKU-56640,Apparel,2,41.87,83.74
903147,50883,SKU-77710,Home,2,13.93,27.86
903148,50883,SKU-95681,Apparel,2,8.01,16.02
903149,50883,SKU-37527,Grocery,3,46.96,140.88
903150,50883,SKU-53713,Apparel,1,19.96,19.96
903151,50883,SKU-38921,Sports,4,24.48,97.92
903152,50884,SKU-34957,Grocery,1,21.8,21.8
903153,50885,SKU-26152,Grocery,1,44.04,44.04
903154,50885,SKU-21917,Home,1,40.41,40.41
903155,50886,SKU-23183,Grocery,1,13.93,13.93
903156,50886,SKU-97830,Electronics,1,54.18,54.18
903157,50887,SKU-60324,Electronics,1,15.43,15.43
903158,50887,SKU-96710,Electronics,2,52.33,104.66
903159,50887,SKU-75750,Grocery,4,27.26,109.04
903160,50888,SKU-21945,Electronics,4,18.36,73.44
903161,50888,SKU-44621,Sports,1,20.55,20.55
903162,50888,SKU-40956,Sports,1,35.95,35.95
903163,50889,SKU-88365,Electronics,2,35.72,71.44
903164,50889,SKU-96079,Apparel,4,70.39,281.56
903165,50889,SKU-89481,Grocery,1,50.16,50.16
903166,50889,SKU-66288,Electronics,4,29.34,117.36
903167,50889,SKU-87818,Electronics,2,17.81,35.62
903168,50890,SKU-94350,Electronics,4,71.45,285.8
903169,50890,SKU-84386,Electronics,3,16.01,48.03
903170,50891,SKU-11201,Home,4,18.5,74.0
903171,50891,SKU-85230,Home,1,69.93,69.93
903172,50891,SKU-44607,Sports,4,20.72,82.88
903173,50891,SKU-45138,Grocery,4,13.28,53.12
903174,50891,SKU-38942,Grocery,3,11.45,34.35
903175,50892,SKU-27482,Grocery,2,16.57,33.14
903176,50892,SKU-73768,Electronics,1,43.95,43.95
903177,50892,SKU-99072,Electronics,4,81.12,324.48
903178,50892,SKU-24897,Sports,1,7.48,7.48
903179,50892,SKU-29250,Electronics,2,35.97,71.94
903180,50892,SKU-36631,Home,2,136.65,273.3
903181,50893,SKU-82701,Apparel,4,8.12,32.48
903182,50893,SKU-84130,Sports,2,25.86,51.72
903183,50893,SKU-66305,Sports,3,19.41,58.23
903184,50893,SKU-36937,Electronics,4,45.99,183.96
903185,50894,SKU-67555,Sports,4,13.94,55.76
903186,50894,SKU-22159,Sports,2,13.15,26.3
903187,50894,SKU-27979,Apparel,1,5.06,5.06
903188,50894,SKU-57992,Electronics,4,26.34,105.36
903189,50894,SKU-56162,Home,3,10.7,32.1
903190,50894,SKU-40172,Sports,1,18.98,18.98
903191,50895,SKU-49469,Apparel,4,38.74,154.96
903192,50895,SKU-44994,Home,2,8.47,16.94
903193,50895,SKU-65336,Electronics,4,12.99,51.96
903194,50895,SKU-87214,Grocery,4,21.43,85.72
903195,50896,SKU-93710,Sports,3,41.62,124.86
903196,50896,SKU-72408,Electronics,2,16.04,32.08
903197,50897,SKU-18592,Grocery,3,22.98,68.94
903198,50897,SKU-24284,Sports,2,11.13,22.26
903199,50898,SKU-73420,Home,1,16.52,16.52
903200,50898,SKU-72864,Electronics,2,14.54,29.08
903201,50898,SKU-77215,Electronics,4,12.04,48.16
903202,50898,SKU-96765,Grocery,2,22.59,45.18
903203,50898,SKU-43288,Sports,2,21.24,42.48
903204,50899,SKU-93032,Grocery,4,43.43,173.72
903205,50899,SKU-78502,Electronics,4,81.67,326.68
903206,50899,SKU-61632,Grocery,1,24.19,24.19
903207,50900,SKU-60274,Sports,3,18.14,54.42
903208,50900,SKU-41976,Electronics,4,103.5,414.0
903209,50900,SKU-86197,Apparel,3,35.05,105.15
903210,50901,SKU-15689,Grocery,3,12.34,37.02
903211,50901,SKU-12785,Electronics,4,33.69,134.76
903212,50901,SKU-61105,Sports,4,62.56,250.24
903213,50902,SKU-25952,Grocery,3,40.26,120.78
903214,50902,SKU-75899,Grocery,1,27.01,27.01
903215,50902,SKU-40143,Electronics,2,34.84,69.68
903216,50902,SKU-31626,Sports,4,67.63,270.52
903217,50902,SKU-32431,Sports,2,16.35,32.7
903218,50903,SKU-87926,Home,1,12.34,12.34
903219,50903,SKU-27555,Sports,2,16.06,32.12
903220,50903,SKU-61285,Sports,4,56.04,224.16
903221,50903,SKU-51685,Apparel,2,6.76,13.52
903222,50903,SKU-18785,Sports,2,64.53,129.06
903223,50904,SKU-76457,Home,1,83.09,83.09
903224,50905,SKU-45036,Apparel,2,6.2,12.4
903225,50906,SKU-97670,Grocery,1,45.61,45.61
903226,50907,SKU-67113,Sports,3,12.47,37.41
903227,50907,SKU-24962,Grocery,1,54.48,54.48
903228,50907,SKU-71433,Sports,1,65.96,65.96
903229,50908,SKU-38249,Home,4,34.42,137.68
903230,50908,SKU-79932,Sports,1,38.86,38.86
903231,50908,SKU-16661,Grocery,2,32.09,64.18
903232,50908,SKU-69891,Grocery,4,26.11,104.44
903233,50909,SKU-16776,Electronics,4,30.57,122.28
903234,50909,SKU-74881,Apparel,1,52.57,52.57
903235,50909,SKU-49842,Electronics,2,12.6,25.2
903236,50909,SKU-60877,Sports,3,4.63,13.89
903237,50910,SKU-60555,Apparel,3,35.01,105.03
903238,50910,SKU-93194,Apparel,3,46.71,140.13
903239,50910,SKU-65697,Sports,2,11.47,22.94
903240,50911,SKU-88194,Electronics,3,12.83,38.49
903241,50912,SKU-30368,Sports,4,20.9,83.6
903242,50912,SKU-41933,Electronics,2,20.29,40.58
903243,50912,SKU-88435,Apparel,3,7.55,22.65
903244,50912,SKU-20319,Grocery,3,25.37,76.11
903245,50912,SKU-92879,Apparel,3,5.32,15.96
903246,50912,SKU-49163,Electronics,3,8.15,24.45
903247,50913,SKU-99880,Grocery,4,24.67,98.68
903248,50914,SKU-38492,Home,3,7.65,22.95
903249,50914,SKU-17081,Electronics,4,26.38,105.52
903250,50914,SKU-73615,Apparel,1,26.89,26.89
903251,50914,SKU-58952,Electronics,2,27.31,54.62
903252,50915,SKU-35229,Sports,1,9.17,9.17
903253,50916,SKU-74734,Home,3,23.47,70.41
903254,50917,SKU-83661,Electronics,3,12.39,37.17
903255,50917,SKU-42727,Grocery,3,36.25,108.75
903256,50917,SKU-32281,Home,3,14.85,44.55
903257,50918,SKU-72579,Home,2,17.58,35.16
903258,50918,SKU-22896,Apparel,2,51.3,102.6
903259,50918,SKU-26365,Home,4,21.46,85.84
903260,50918,SKU-20838,Sports,2,29.92,59.84
903261,50918,SKU-14558,Electronics,4,56.36,225.44
903262,50919,SKU-20362,Electronics,2,42.38,84.76
903263,50919,SKU-18752,Apparel,1,15.98,15.98
903264,50919,SKU-97676,Apparel,3,7.12,21.36
903265,50919,SKU-23991,Grocery,2,29.81,59.62
903266,50919,SKU-88355,Home,3,64.31,192.93
903267,50919,SKU-91821,Sports,2,11.67,23.34
903268,50920,SKU-19130,Apparel,4,23.01,92.04
903269,50920,SKU-13945,Grocery,2,33.24,66.48
903270,50920,SKU-65793,Grocery,3,18.51,55.53
903271,50921,SKU-54043,Grocery,4,23.15,92.6
903272,50921,SKU-47331,Apparel,1,24.53,24.53
903273,50921,SKU-16084,Grocery,1,11.92,11.92
903274,50921,SKU-69089,Sports,1,8.28,8.28
903275,50921,SKU-52587,Grocery,3,25.93,77.79
903276,50921,SKU-46307,Sports,3,47.29,141.87
903277,50922,SKU-54132,Apparel,4,24.4,97.6
903278,50923,SKU-33400,Grocery,4,31.48,125.92
903279,50923,SKU-81263,Grocery,4,69.42,277.68
903280,50923,SKU-11521,Sports,3,13.24,39.72
903281,50924,SKU-29431,Grocery,1,17.1,17.1
903282,50925,SKU-98722,Electronics,4,6.16,24.64
903283,50925,SKU-34699,Home,4,21.42,85.68
903284,50925,SKU-52277,Sports,2,22.54,45.08
903285,50926,SKU-59949,Home,2,32.63,65.26
903286,50926,SKU-85543,Home,1,6.98,6.98
903287,50926,SKU-96287,Sports,3,20.53,61.59
903288,50927,SKU-95923,Sports,3,15.98,47.94
903289,50927,SKU-73334,Electronics,2,34.47,68.94
903290,50927,SKU-33084,Home,2,29.27,58.54
903291,50927,SKU-94925,Home,2,14.23,28.46
903292,50928,SKU-59892,Apparel,1,24.33,24.33
903293,50929,SKU-75362,Sports,3,11.68,35.04
903294,50929,SKU-53944,Home,3,13.12,39.36
903295,50929,SKU-46252,Home,1,13.99,13.99
903296,50929,SKU-99847,Electronics,1,13.85,13.85
903297,50929,SKU-80572,Apparel,2,12.03,24.06
903298,50930,SKU-59502,Grocery,1,2.27,2.27
903299,50930,SKU-36742,Home,2,18.19,36.38
903300,50930,SKU-79680,Grocery,4,13.82,55.28
903301,50930,SKU-25636,Home,2,5.01,10.02
903302,50930,SKU-55791,Apparel,4,23.64,94.56
903303,50931,SKU-38212,Apparel,2,9.4,18.8
903304,50931,SKU-35507,Electronics,2,15.93,31.86
903305,50931,SKU-71210,Home,1,42.02,42.02
903306,50931,SKU-22093,Electronics,3,14.95,44.85
903307,50932,SKU-90405,Home,3,15.32,45.96
903308,50932,SKU-14477,Electronics,4,17.39,69.56
903309,50932,SKU-24316,Apparel,3,4.68,14.04
903310,50932,SKU-56543,Electronics,2,25.54,51.08
903311,50932,SKU-96330,Grocery,3,37.5,112.5
903312,50933,SKU-73117,Apparel,2,6.06,12.12
903313,50933,SKU-99056,Apparel,1,22.15,22.15
903314,50933,SKU-73542,Apparel,1,8.13,8.13
903315,50933,SKU-47873,Sports,4,8.66,34.64
903316,50934,SKU-66722,Home,1,37.02,37.02
903317,50934,SKU-43201,Sports,1,14.19,14.19
903318,50934,SKU-35540,Home,3,18.02,54.06
903319,50935,SKU-71104,Sports,4,18.73,74.92
903320,50936,SKU-87375,Grocery,4,10.63,42.52
903321,50936,SKU-72705,Grocery,4,60.13,240.52
903322,50936,SKU-17716,Apparel,2,21.12,42.24
903323,50937,SKU-71560,Apparel,1,23.22,23.22
903324,50938,SKU-54472,Grocery,4,19.87,79.48
903325,50938,SKU-39779,Electronics,3,10.96,32.88
903326,50938,SKU-67533,Sports,2,13.26,26.52
903327,50939,SKU-54659,Sports,2,14.55,29.1
903328,50939,SKU-59623,Sports,4,55.6,222.4
903329,50939,SKU-55349,Electronics,2,57.79,115.58
903330,50939,SKU-79723,Sports,2,10.46,20.92
903331,50939,SKU-62163,Apparel,1,62.04,62.04
903332,50939,SKU-76300,Home,4,54.4,217.6
903333,50940,SKU-30091,Home,2,59.22,118.44
903334,50940,SKU-37416,Home,1,60.25,60.25
903335,50940,SKU-67597,Sports,1,18.66,18.66
903336,50941,SKU-96188,Grocery,3,18.42,55.26
903337,50941,SKU-76194,Apparel,2,77.91,155.82
903338,50941,SKU-58103,Sports,4,7.86,31.44
903339,50941,SKU-87162,Apparel,2,37.79,75.58
903340,50941,SKU-37439,Grocery,2,10.85,21.7
903341,50941,SKU-32219,Home,1,28.07,28.07
903342,50942,SKU-84432,Electronics,1,9.91,9.91
903343,50942,SKU-83721,Electronics,3,101.46,304.38
903344,50942,SKU-51038,Home,2,43.16,86.32
903345,50942,SKU-89457,Electronics,3,67.76,203.28
903346,50942,SKU-45477,Sports,3,84.41,253.23
903347,50943,SKU-97435,Grocery,2,14.0,28.0
903348,50943,SKU-44830,Electronics,1,25.92,25.92
903349,50944,SKU-98202,Apparel,4,49.86,199.44
903350,50944,SKU-62314,Apparel,2,18.2,36.4
903351,50944,SKU-87106,Sports,2,42.78,85.56
903352,50944,SKU-11711,Grocery,4,38.94,155.76
903353,50944,SKU-87547,Electronics,2,19.68,39.36
903354,50944,SKU-24818,Home,2,8.17,16.34
903355,50945,SKU-97322,Electronics,2,9.11,18.22
903356,50945,SKU-19299,Electronics,3,23.44,70.32
903357,50946,SKU-72957,Electronics,2,9.64,19.28
903358,50946,SKU-89432,Apparel,3,25.62,76.86
903359,50947,SKU-43666,Sports,1,23.88,23.88
903360,50947,SKU-79897,Sports,2,42.45,84.9
903361,50947,SKU-97525,Electronics,4,2.22,8.88
903362,50947,SKU-46436,Apparel,2,25.75,51.5
903363,50948,SKU-12295,Grocery,3,20.4,61.2
903364,50949,SKU-81016,Electronics,1,19.53,19.53
903365,50949,SKU-98799,Sports,3,37.15,111.45
903366,50949,SKU-60508,Grocery,1,62.46,62.46
903367,50949,SKU-10890,Electronics,4,23.66,94.64
903368,50949,SKU-52212,Apparel,1,30.98,30.98
903369,50949,SKU-73453,Home,2,28.32,56.64
903370,50950,SKU-37846,Apparel,1,81.08,81.08
903371,50951,SKU-30432,Sports,1,31.59,31.59
903372,50951,SKU-42073,Electronics,3,30.02,90.06
903373,50951,SKU-42787,Grocery,2,7.21,14.42
903374,50952,SKU-55242,Sports,3,17.49,52.47
903375,50952,SKU-50232,Electronics,2,35.6,71.2
903376,50952,SKU-77816,Grocery,2,12.49,24.98
903377,50952,SKU-42661,Electronics,1,13.66,13.66
903378,50952,SKU-78801,Electronics,1,15.88,15.88
903379,50953,SKU-16969,Sports,1,67.33,67.33
903380,50953,SKU-85452,Sports,4,42.55,170.2
903381,50953,SKU-16258,Sports,4,19.99,79.96
903382,50953,SKU-46255,Home,1,7.98,7.98
903383,50953,SKU-38469,Electronics,3,15.23,45.69
903384,50954,SKU-46736,Sports,4,67.86,271.44
903385,50954,SKU-24491,Grocery,2,22.92,45.84
903386,50954,SKU-91516,Apparel,3,17.95,53.85
903387,50955,SKU-91552,Home,2,86.82,173.64
903388,50955,SKU-75894,Grocery,1,41.8,41.8
903389,50955,SKU-33298,Electronics,3,51.47,154.41
903390,50955,SKU-87626,Grocery,2,10.64,21.28
903391,50955,SKU-15164,Grocery,1,20.43,20.43
903392,50955,SKU-19580,Home,1,34.88,34.88
903393,50956,SKU-70970,Home,1,33.07,33.07
903394,50956,SKU-38189,Home,1,5.59,5.59
903395,50956,SKU-86747,Home,1,25.47,25.47
903396,50956,SKU-52769,Apparel,1,11.88,11.88
903397,50956,SKU-68738,Grocery,1,66.85,66.85
903398,50956,SKU-59784,Sports,4,9.9,39.6
903399,50957,SKU-17496,Grocery,2,40.62,81.24
903400,50957,SKU-16250,Sports,4,21.38,85.52
903401,50957,SKU-67927,Sports,1,53.61,53.61
903402,50957,SKU-61259,Sports,2,13.47,26.94
903403,50957,SKU-66877,Electronics,4,9.12,36.48
903404,50957,SKU-39863,Apparel,2,17.88,35.76
903405,50958,SKU-62750,Apparel,2,28.14,56.28
903406,50958,SKU-51082,Sports,4,28.4,113.6
903407,50958,SKU-51447,Electronics,2,27.2,54.4
903408,50958,SKU-34463,Sports,2,33.22,66.44
903409,50958,SKU-85835,Apparel,2,24.94,49.88
903410,50959,SKU-17737,Grocery,1,10.49,10.49
903411,50959,SKU-48210,Home,3,43.48,130.44
903412,50960,SKU-68191,Sports,4,14.72,58.88
903413,50960,SKU-38122,Grocery,1,34.22,34.22
903414,50960,SKU-64885,Sports,2,17.33,34.66
903415,50960,SKU-31546,Apparel,2,7.06,14.12
903416,50960,SKU-33110,Sports,2,4.57,9.14
903417,50960,SKU-76855,Electronics,3,12.12,36.36
903418,50961,SKU-11045,Grocery,2,51.94,103.88
903419,50961,SKU-49111,Home,4,42.61,170.44
903420,50962,SKU-65225,Home,1,23.55,23.55
903421,50963,SKU-91837,Apparel,3,14.83,44.49
903422,50963,SKU-25504,Apparel,1,15.91,15.91
903423,50963,SKU-67929,Home,3,37.39,112.17
903424,50963,SKU-56127,Home,1,6.02,6.02
903425,50964,SKU-84268,Grocery,4,15.2,60.8
903426,50964,SKU-59901,Sports,1,11.2,11.2
903427,50965,SKU-93613,Electronics,4,55.2,220.8
903428,50965,SKU-23484,Electronics,3,48.64,145.92
903429,50965,SKU-74176,Home,4,13.08,52.32
903430,50965,SKU-73312,Grocery,2,10.98,21.96
903431,50965,SKU-74769,Sports,4,28.43,113.72
903432,50966,SKU-64813,Sports,4,4.34,17.36
903433,50966,SKU-16973,Sports,3,34.5,103.5
903434,50966,SKU-28012,Electronics,2,12.48,24.96
903435,50966,SKU-16773,Home,1,18.85,18.85
903436,50966,SKU-93770,Electronics,1,97.65,97.65
903437,50966,SKU-25000,Apparel,4,16.97,67.88
903438,50967,SKU-84369,Home,2,95.76,191.52
903439,50967,SKU-11022,Apparel,1,45.36,45.36
903440,50968,SKU-24718,Home,1,20.29,20.29
903441,50968,SKU-17496,Sports,1,25.39,25.39
903442,50968,SKU-29504,Apparel,3,26.47,79.41
903443,50968,SKU-94840,Sports,4,7.51,30.04
903444,50968,SKU-75272,Electronics,2,15.88,31.76
903445,50969,SKU-56031,Home,1,38.81,38.81
903446,50969,SKU-76277,Electronics,1,9.46,9.46
903447,50969,SKU-44453,Apparel,3,18.83,56.49
903448,50969,SKU-26769,Home,3,28.42,85.26
903449,50969,SKU-22074,Home,2,20.93,41.86
903450,50970,SKU-32190,Sports,4,23.54,94.16
903451,50970,SKU-39413,Home,4,52.09,208.36
903452,50971,SKU-25591,Home,4,9.44,37.76
903453,50971,SKU-15722,Electronics,1,19.16,19.16
903454,50971,SKU-92943,Electronics,3,19.86,59.58
903455,50972,SKU-62254,Electronics,4,13.28,53.12
903456,50972,SKU-93733,Electronics,3,10.98,32.94
903457,50972,SKU-72735,Home,2,16.57,33.14
903458,50972,SKU-61455,Electronics,2,8.84,17.68
903459,50972,SKU-66930,Sports,1,48.2,48.2
903460,50972,SKU-96002,Apparel,3,43.59,130.77
903461,50973,SKU-21678,Home,3,28.17,84.51
903462,50973,SKU-79745,Grocery,1,21.31,21.31
903463,50974,SKU-83567,Electronics,1,15.79,15.79
903464,50974,SKU-86282,Home,2,6.93,13.86
903465,50974,SKU-48644,Sports,1,17.53,17.53
903466,50974,SKU-27617,Sports,4,17.29,69.16
903467,50974,SKU-56173,Home,2,24.93,49.86
903468,50975,SKU-18846,Home,3,13.58,40.74
903469,50975,SKU-35571,Electronics,4,23.43,93.72
903470,50975,SKU-71061,Sports,4,28.82,115.28
903471,50976,SKU-64628,Home,4,7.19,28.76
903472,50976,SKU-76258,Home,3,28.55,85.65
903473,50977,SKU-15698,Grocery,1,98.24,98.24
903474,50978,SKU-50645,Grocery,3,10.69,32.07
903475,50978,SKU-12390,Sports,2,13.66,27.32
903476,50978,SKU-46225,Sports,4,65.25,261.0
903477,50978,SKU-25374,Sports,4,19.63,78.52
903478,50979,SKU-22623,Home,2,16.61,33.22
903479,50979,SKU-33656,Apparel,4,11.75,47.0
903480,50979,SKU-52001,Sports,3,35.16,105.48
903481,50979,SKU-78864,Sports,4,45.38,181.52
903482,50979,SKU-87543,Apparel,2,5.73,11.46
903483,50979,SKU-27009,Home,1,36.11,36.11
903484,50980,SKU-36335,Apparel,1,27.6,27.6
903485,50981,SKU-39077,Electronics,3,8.94,26.82
903486,50981,SKU-99542,Sports,4,28.02,112.08
903487,50981,SKU-32465,Sports,3,16.27,48.81
903488,50981,SKU-53557,Sports,3,18.96,56.88
903489,50982,SKU-58734,Electronics,2,10.64,21.28
903490,50982,SKU-31528,Apparel,3,51.9,155.7
903491,50983,SKU-13985,Apparel,1,43.19,43.19
903492,50983,SKU-25107,Electronics,1,10.56,10.56
903493,50983,SKU-57840,Grocery,3,28.92,86.76
903494,50983,SKU-75259,Grocery,1,8.6,8.6
903495,50983,SKU-46502,Grocery,4,11.53,46.12
903496,50984,SKU-44766,Electronics,3,36.64,109.92
903497,50984,SKU-21453,Sports,2,11.89,23.78
903498,50984,SKU-69683,Grocery,2,85.8,171.6
903499,50985,SKU-11676,Grocery,3,23.5,70.5
903500,50985,SKU-87261,Sports,3,52.97,158.91
903501,50985,SKU-40156,Grocery,3,53.09,159.27
903502,50985,SKU-68230,Apparel,2,11.31,22.62
903503,50986,SKU-47675,Electronics,4,36.02,144.08
903504,50986,SKU-26544,Apparel,1,75.67,75.67
903505,50986,SKU-24272,Electronics,1,19.28,19.28
903506,50987,SKU-26116,Apparel,3,75.75,227.25
903507,50987,SKU-77167,Electronics,2,44.69,89.38
903508,50987,SKU-80520,Home,4,33.62,134.48
903509,50987,SKU-93781,Electronics,4,15.94,63.76
903510,50988,SKU-29106,Grocery,2,13.52,27.04
903511,50988,SKU-19319,Sports,3,12.03,36.09
903512,50989,SKU-86678,Sports,1,16.5,16.5
903513,50990,SKU-83051,Apparel,2,35.05,70.1
903514,50990,SKU-70330,Apparel,2,12.45,24.9
903515,50990,SKU-33198,Sports,4,56.5,226.0
903516,50990,SKU-99026,Electronics,2,17.99,35.98
903517,50991,SKU-51166,Grocery,1,92.89,92.89
903518,50991,SKU-40774,Grocery,3,51.44,154.32
903519,50992,SKU-94265,Electronics,2,15.08,30.16
903520,50992,SKU-95411,Grocery,4,25.98,103.92
903521,50992,SKU-71560,Apparel,3,13.9,41.7
903522,50992,SKU-95972,Home,3,8.73,26.19
903523,50993,SKU-48517,Home,1,7.29,7.29
903524,50993,SKU-57282,Home,3,27.2,81.6
903525,50993,SKU-83984,Sports,2,19.98,39.96
903526,50993,SKU-97878,Apparel,4,21.19,84.76
903527,50993,SKU-28438,Grocery,1,67.83,67.83
903528,50993,SKU-20634,Grocery,2,22.27,44.54
903529,50994,SKU-55994,Apparel,4,16.53,66.12
903530,50994,SKU-53650,Sports,4,19.28,77.12
903531,50995,SKU-84772,Grocery,2,23.92,47.84
903532,50995,SKU-85992,Grocery,1,36.64,36.64
903533,50995,SKU-23801,Sports,4,23.26,93.04
903534,50995,SKU-93890,Home,3,14.6,43.8
903535,50995,SKU-61278,Sports,3,25.24,75.72
903536,50995,SKU-80693,Grocery,2,5.41,10.82
903537,50996,SKU-69502,Electronics,4,26.99,107.96
903538,50996,SKU-57658,Sports,3,45.29,135.87
903539,50996,SKU-59216,Apparel,3,53.06,159.18
903540,50996,SKU-41739,Home,3,20.45,61.35
903541,50996,SKU-68513,Apparel,4,16.69,66.76
903542,50997,SKU-78512,Sports,3,17.72,53.16
903543,50997,SKU-78836,Sports,1,23.8,23.8
903544,50997,SKU-42007,Grocery,4,72.35,289.4
903545,50997,SKU-47241,Grocery,4,16.08,64.32
903546,50998,SKU-94941,Electronics,1,23.02,23.02
903547,50998,SKU-42182,Apparel,4,16.62,66.48
903548,50998,SKU-64886,Home,3,17.36,52.08
903549,50998,SKU-23647,Apparel,3,28.19,84.57
903550,50998,SKU-58935,Sports,2,32.56,65.12
903551,50999,SKU-50833,Grocery,3,22.56,67.68
903552,50999,SKU-32365,Home,4,36.2,144.8
903553,50999,SKU-52210,Electronics,2,9.02,18.04
903554,51000,SKU-96257,Apparel,1,11.0,11.0
903555,51000,SKU-46390,Apparel,1,33.01,33.01
903556,51001,SKU-37704,Home,3,11.82,35.46
903557,51001,SKU-22163,Sports,2,25.89,51.78
903558,51001,SKU-39604,Electronics,3,44.36,133.08
903559,51001,SKU-46786,Grocery,3,16.67,50.01
903560,51002,SKU-53889,Electronics,1,35.77,35.77
903561,51002,SKU-44197,Grocery,4,18.58,74.32
903562,51002,SKU-15204,Electronics,2,10.81,21.62
903563,51002,SKU-33130,Grocery,3,14.93,44.79
903564,51002,SKU-32463,Sports,1,24.76,24.76
903565,51002,SKU-25721,Home,4,44.75,179.0
903566,51003,SKU-48167,Home,3,25.18,75.54
903567,51004,SKU-19102,Apparel,3,18.31,54.93
903568,51005,SKU-82493,Sports,2,30.01,60.02
903569,51005,SKU-26450,Home,1,22.66,22.66
903570,51006,SKU-95112,Electronics,3,12.3,36.9
903571,51006,SKU-70640,Apparel,1,49.23,49.23
903572,51006,SKU-10305,Sports,4,30.74,122.96
903573,51007,SKU-85572,Grocery,4,68.73,274.92
903574,51008,SKU-36624,Home,4,39.65,158.6
903575,51008,SKU-39420,Home,3,33.06,99.18
903576,51008,SKU-87298,Electronics,2,65.02,130.04
903577,51009,SKU-73076,Apparel,2,20.53,41.06
903578,51009,SKU-78018,Apparel,1,5.81,5.81
903579,51010,SKU-96100,Electronics,1,32.25,32.25
903580,51011,SKU-86635,Grocery,1,27.78,27.78
903581,51011,SKU-95497,Sports,3,22.78,68.34
903582,51011,SKU-37757,Electronics,4,17.32,69.28
903583,51011,SKU-97771,Sports,3,69.68,209.04
903584,51011,SKU-17881,Apparel,3,11.01,33.03
903585,51011,SKU-20229,Electronics,3,8.3,24.9
903586,51012,SKU-32848,Electronics,1,76.31,76.31
903587,51013,SKU-67939,Home,1,25.63,25.63
903588,51013,SKU-27120,Apparel,3,22.77,68.31
903589,51013,SKU-74458,Grocery,1,17.26,17.26
903590,51013,SKU-53576,Grocery,3,41.99,125.97
903591,51014,SKU-32006,Sports,1,19.38,19.38
903592,51014,SKU-70881,Grocery,3,69.05,207.15
903593,51014,SKU-44302,Electronics,1,51.03,51.03
903594,51014,SKU-90832,Apparel,4,26.14,104.56
903595,51015,SKU-99547,Grocery,3,18.2,54.6
903596,51015,SKU-75069,Apparel,2,11.33,22.66
903597,51015,SKU-57849,Home,4,50.14,200.56
903598,51016,SKU-21356,Sports,4,35.2,140.8
903599,51016,SKU-50435,Electronics,1,32.21,32.21
903600,51016,SKU-31557,Sports,2,65.15,130.3
903601,51016,SKU-39236,Electronics,4,22.31,89.24
903602,51016,SKU-33192,Grocery,3,71.57,214.71
903603,51016,SKU-38519,Electronics,3,16.77,50.31
903604,51017,SKU-26290,Apparel,4,24.04,96.16
903605,51017,SKU-32709,Home,1,30.52,30.52
903606,51017,SKU-86911,Sports,1,24.28,24.28
903607,51018,SKU-67558,Apparel,2,16.99,33.98
903608,51018,SKU-31752,Grocery,1,43.84,43.84
903609,51018,SKU-32169,Home,3,115.94,347.82
903610,51018,SKU-27175,Home,3,42.58,127.74
903611,51018,SKU-14796,Grocery,3,12.79,38.37
903612,51019,SKU-38549,Apparel,4,22.99,91.96
903613,51019,SKU-67138,Apparel,3,22.75,68.25
903614,51019,SKU-43633,Apparel,3,41.06,123.18
903615,51019,SKU-47667,Sports,2,9.24,18.48
903616,51019,SKU-18230,Electronics,3,30.81,92.43
903617,51020,SKU-51682,Sports,3,21.39,64.17
903618,51020,SKU-17065,Apparel,1,19.67,19.67
903619,51020,SKU-60664,Electronics,3,7.08,21.24
903620,51020,SKU-34083,Apparel,2,132.31,264.62
903621,51020,SKU-92963,Electronics,4,2.56,10.24
903622,51021,SKU-82334,Apparel,3,24.61,73.83
903623,51021,SKU-72401,Home,2,113.86,227.72
903624,51021,SKU-40416,Grocery,2,22.27,44.54
903625,51021,SKU-72495,Sports,3,38.8,116.4
903626,51021,SKU-52088,Sports,4,18.85,75.4
903627,51021,SKU-89877,Apparel,4,59.15,236.6
903628,51022,SKU-41661,Grocery,4,31.38,125.52
903629,51022,SKU-79616,Home,2,12.06,24.12
903630,51022,SKU-36068,Apparel,3,22.53,67.59
903631,51023,SKU-12255,Electronics,3,7.0,21.0
903632,51023,SKU-77151,Electronics,3,9.74,29.22
903633,51023,SKU-24416,Electronics,1,61.69,61.69
903634,51023,SKU-17370,Home,4,33.25,133.0
903635,51023,SKU-97283,Apparel,3,23.27,69.81
903636,51024,SKU-87454,Grocery,4,18.45,73.8
903637,51024,SKU-73873,Sports,2,13.78,27.56
903638,51025,SKU-25869,Apparel,2,27.55,55.1
903639,51025,SKU-95572,Home,1,14.41,14.41
903640,51025,SKU-94303,Electronics,4,18.6,74.4
903641,51025,SKU-16771,Apparel,4,14.49,57.96
903642,51026,SKU-38278,Apparel,2,36.95,73.9
903643,51026,SKU-71508,Sports,3,15.23,45.69
903644,51026,SKU-63228,Apparel,2,29.11,58.22
903645,51026,SKU-57343,Electronics,3,13.41,40.23
903646,51026,SKU-50245,Grocery,4,18.31,73.24
903647,51026,SKU-96362,Apparel,4,12.68,50.72
903648,51027,SKU-90049,Electronics,4,23.0,92.0
903649,51027,SKU-65393,Electronics,4,6.97,27.88
903650,51027,SKU-83056,Apparel,2,48.6,97.2
903651,51027,SKU-89041,Electronics,2,8.35,16.7
903652,51028,SKU-77101,Electronics,1,3.54,3.54
903653,51028,SKU-15991,Sports,2,15.17,30.34
903654,51029,SKU-82387,Sports,2,27.64,55.28
903655,51029,SKU-99304,Grocery,2,26.98,53.96
903656,51029,SKU-97836,Apparel,3,18.78,56.34
903657,51029,SKU-61599,Sports,2,8.55,17.1
903658,51029,SKU-15097,Sports,2,4.04,8.08
903659,51029,SKU-26824,Grocery,3,22.32,66.96
903660,51030,SKU-36167,Grocery,1,41.64,41.64
903661,51030,SKU-49341,Home,1,20.23,20.23
903662,51030,SKU-95685,Home,1,49.9,49.9
903663,51030,SKU-60245,Home,2,45.65,91.3
903664,51030,SKU-69606,Apparel,3,16.68,50.04
903665,51030,SKU-62176,Apparel,3,13.75,41.25
903666,51031,SKU-90331,Apparel,2,4.0,8.0
903667,51031,SKU-90940,Apparel,1,27.52,27.52
903668,51031,SKU-66010,Electronics,2,5.83,11.66
903669,51031,SKU-80045,Apparel,4,30.75,123.0
903670,51031,SKU-97256,Apparel,3,11.22,33.66
903671,51032,SKU-25580,Home,4,29.56,118.24
903672,51032,SKU-94438,Home,4,6.82,27.28
903673,51032,SKU-43337,Grocery,3,8.68,26.04
903674,51032,SKU-86320,Grocery,1,30.13,30.13
903675,51032,SKU-21036,Grocery,3,10.05,30.15
903676,51032,SKU-12778,Sports,2,61.61,123.22
903677,51033,SKU-47251,Electronics,4,69.86,279.44
903678,51033,SKU-51632,Apparel,2,6.12,12.24
903679,51033,SKU-93431,Sports,4,65.06,260.24
903680,51033,SKU-50118,Grocery,2,67.61,135.22
903681,51033,SKU-88340,Sports,1,26.03,26.03
903682,51034,SKU-34295,Home,4,111.84,447.36
903683,51034,SKU-98107,Sports,2,15.08,30.16
903684,51034,SKU-63408,Sports,1,64.48,64.48
903685,51035,SKU-24883,Sports,1,75.14,75.14
903686,51035,SKU-12270,Apparel,4,42.54,170.16
903687,51035,SKU-90314,Sports,2,41.73,83.46
903688,51035,SKU-31982,Home,3,11.26,33.78
903689,51036,SKU-41350,Apparel,3,20.68,62.04
903690,51037,SKU-72446,Electronics,4,28.9,115.6
903691,51037,SKU-79825,Apparel,4,36.93,147.72
903692,51037,SKU-71908,Sports,2,9.08,18.16
903693,51037,SKU-86740,Apparel,2,36.21,72.42
903694,51037,SKU-57569,Sports,2,21.19,42.38
903695,51037,SKU-10008,Grocery,1,59.98,59.98
903696,51038,SKU-25790,Apparel,3,18.87,56.61
903697,51038,SKU-61867,Apparel,1,39.1,39.1
903698,51038,SKU-88864,Apparel,2,4.19,8.38
903699,51039,SKU-54463,Sports,3,9.68,29.04
903700,51039,SKU-55896,Apparel,2,13.01,26.02
903701,51039,SKU-36383,Sports,1,64.27,64.27
903702,51039,SKU-79457,Sports,1,19.95,19.95
903703,51040,SKU-53672,Grocery,1,18.63,18.63
903704,51040,SKU-15659,Electronics,1,6.28,6.28
903705,51040,SKU-91048,Grocery,4,35.79,143.16
903706,51040,SKU-31323,Apparel,2,41.63,83.26
903707,51041,SKU-63522,Sports,4,16.37,65.48
903708,51041,SKU-69313,Apparel,3,37.77,113.31
903709,51041,SKU-23339,Home,2,29.14,58.28
903710,51041,SKU-95030,Electronics,2,25.67,51.34
903711,51041,SKU-60614,Sports,1,24.99,24.99
903712,51041,SKU-26626,Home,3,3.03,9.09
903713,51042,SKU-35909,Home,3,12.21,36.63
903714,51042,SKU-86763,Sports,3,62.09,186.27
903715,51042,SKU-56259,Apparel,2,6.93,13.86
903716,51042,SKU-79206,Grocery,1,39.73,39.73
903717,51042,SKU-55655,Sports,3,34.72,104.16
903718,51042,SKU-24813,Home,1,4.97,4.97
903719,51043,SKU-33620,Electronics,2,13.66,27.32
903720,51043,SKU-81693,Home,1,12.88,12.88
903721,51044,SKU-12626,Electronics,3,143.17,429.51
903722,51044,SKU-19965,Apparel,3,20.76,62.28
903723,51044,SKU-73296,Grocery,4,127.5,510.0
903724,51044,SKU-16520,Grocery,2,27.12,54.24
903725,51044,SKU-42858,Home,1,50.98,50.98
903726,51045,SKU-57999,Home,3,17.46,52.38
903727,51045,SKU-24804,Sports,1,9.94,9.94
903728,51046,SKU-97491,Electronics,4,12.01,48.04
903729,51046,SKU-16571,Home,1,22.19,22.19
903730,51046,SKU-47758,Home,1,15.51,15.51
903731,51046,SKU-33086,Sports,3,98.44,295.32
903732,51047,SKU-31282,Apparel,1,7.77,7.77
903733,51048,SKU-69784,Home,1,28.06,28.06
903734,51049,SKU-43898,Sports,4,46.76,187.04
903735,51050,SKU-20500,Sports,2,17.68,35.36
903736,51050,SKU-30526,Apparel,3,48.6,145.8
903737,51051,SKU-72831,Home,1,42.44,42.44
903738,51051,SKU-14381,Grocery,2,25.2,50.4
903739,51051,SKU-77387,Electronics,2,8.99,17.98
903740,51051,SKU-67807,Sports,1,55.56,55.56
903741,51052,SKU-38764,Grocery,3,11.57,34.71
903742,51052,SKU-81255,Electronics,4,7.09,28.36
903743,51052,SKU-51248,Home,1,27.58,27.58
903744,51052,SKU-87399,Apparel,4,35.11,140.44
903745,51052,SKU-56682,Electronics,2,6.95,13.9
903746,51052,SKU-79855,Sports,1,9.21,9.21
903747,51053,SKU-97832,Electronics,4,23.01,92.04
903748,51054,SKU-31261,Home,1,21.0,21.0
903749,51054,SKU-84778,Sports,4,8.52,34.08
903750,51054,SKU-97702,Sports,3,48.83,146.49
903751,51054,SKU-95506,Grocery,4,15.23,60.92
903752,51055,SKU-56207,Grocery,2,24.43,48.86
903753,51055,SKU-67783,Electronics,1,34.13,34.13
903754,51056,SKU-62311,Grocery,2,14.67,29.34
903755,51056,SKU-30586,Grocery,1,11.18,11.18
903756,51056,SKU-78313,Sports,3,4.38,13.14
903757,51057,SKU-64332,Home,2,5.03,10.06
903758,51057,SKU-50049,Electronics,1,16.0,16.0
903759,51058,SKU-86385,Electronics,2,42.29,84.58
903760,51058,SKU-83336,Grocery,2,8.57,17.14
903761,51059,SKU-61162,Sports,1,17.99,17.99
903762,51059,SKU-30252,Home,4,39.57,158.28
903763,51059,SKU-81673,Apparel,2,14.94,29.88
903764,51059,SKU-85204,Sports,4,21.65,86.6
903765,51060,SKU-12050,Electronics,1,3.93,3.93
903766,51060,SKU-68281,Electronics,3,57.47,172.41
903767,51060,SKU-43555,Apparel,4,33.47,133.88
903768,51060,SKU-41220,Home,3,9.1,27.3
903769,51060,SKU-28478,Sports,2,30.28,60.56
903770,51061,SKU-62694,Apparel,2,4.35,8.7
903771,51061,SKU-62239,Electronics,2,60.32,120.64
903772,51061,SKU-25457,Electronics,3,92.04,276.12
903773,51061,SKU-23807,Sports,3,19.03,57.09
903774,51062,SKU-77643,Apparel,1,13.46,13.46
903775,51062,SKU-73449,Electronics,1,23.13,23.13
903776,51062,SKU-54438,Grocery,4,16.22,64.88
903777,51063,SKU-82883,Electronics,1,14.24,14.24
903778,51063,SKU-76080,Electronics,3,26.98,80.94
903779,51063,SKU-75564,Grocery,2,13.07,26.14
903780,51064,SKU-32452,Grocery,1,30.31,30.31
903781,51065,SKU-72841,Home,2,13.6,27.2
903782,51065,SKU-10799,Sports,1,38.78,38.78
903783,51065,SKU-95515,Sports,1,42.41,42.41
903784,51065,SKU-46053,Sports,4,33.98,135.92
903785,51065,SKU-20954,Apparel,1,12.1,12.1
903786,51066,SKU-35411,Home,1,22.89,22.89
903787,51066,SKU-99904,Home,4,22.19,88.76
903788,51066,SKU-57027,Apparel,3,28.37,85.11
903789,51066,SKU-67433,Grocery,2,24.85,49.7
903790,51066,SKU-65063,Grocery,4,40.07,160.28
903791,51066,SKU-22823,Home,2,12.13,24.26
903792,51067,SKU-53535,Sports,2,31.42,62.84
903793,51067,SKU-79498,Grocery,3,23.3,69.9
903794,51067,SKU-45826,Electronics,3,28.2,84.6
903795,51068,SKU-84644,Electronics,3,24.5,73.5
903796,51068,SKU-24151,Electronics,3,12.63,37.89
903797,51068,SKU-39500,Electronics,3,31.68,95.04
903798,51068,SKU-69043,Apparel,2,28.89,57.78
903799,51068,SKU-92112,Sports,1,19.04,19.04
903800,51068,SKU-53457,Home,1,26.1,26.1
903801,51069,SKU-27226,Home,3,9.82,29.46
903802,51069,SKU-54542,Electronics,3,49.57,148.71
903803,51069,SKU-89034,Apparel,3,8.46,25.38
903804,51069,SKU-72557,Electronics,1,25.28,25.28
903805,51069,SKU-23781,Electronics,3,14.91,44.73
903806,51069,SKU-88981,Grocery,3,17.8,53.4
903807,51070,SKU-17728,Apparel,4,7.21,28.84
903808,51070,SKU-50178,Apparel,2,31.86,63.72
903809,51071,SKU-66117,Grocery,3,10.69,32.07
903810,51071,SKU-15213,Sports,4,8.44,33.76
903811,51072,SKU-29277,Electronics,2,28.72,57.44
903812,51072,SKU-22221,Apparel,1,25.56,25.56
903813,51072,SKU-65989,Apparel,2,17.97,35.94
903814,51072,SKU-96460,Sports,3,17.81,53.43
903815,51073,SKU-50957,Electronics,4,9.56,38.24
903816,51073,SKU-30970,Electronics,4,25.28,101.12
903817,51073,SKU-15187,Home,2,42.19,84.38
903818,51073,SKU-77501,Grocery,3,37.3,111.9
903819,51073,SKU-52753,Sports,4,21.23,84.92
903820,51074,SKU-12435,Home,2,18.45,36.9
903821,51074,SKU-50320,Home,3,28.69,86.07
903822,51074,SKU-62509,Apparel,4,72.19,288.76
903823,51074,SKU-62065,Grocery,1,39.63,39.63
903824,51074,SKU-42597,Grocery,3,44.32,132.96
903825,51075,SKU-29040,Grocery,3,7.97,23.91
903826,51076,SKU-58454,Sports,3,11.67,35.01
903827,51076,SKU-30945,Sports,1,46.46,46.46
903828,51076,SKU-75167,Electronics,3,57.83,173.49
903829,51076,SKU-63158,Sports,3,28.27,84.81
903830,51076,SKU-17307,Grocery,1,43.72,43.72
903831,51076,SKU-50456,Home,4,6.11,24.44
903832,51077,SKU-24346,Electronics,2,25.78,51.56
903833,51077,SKU-89497,Electronics,1,34.56,34.56
903834,51077,SKU-57946,Apparel,4,10.35,41.4
903835,51078,SKU-39593,Home,2,14.14,28.28
903836,51078,SKU-10637,Home,2,46.02,92.04
903837,51078,SKU-82729,Grocery,3,18.94,56.82
903838,51078,SKU-76022,Grocery,2,6.93,13.86
903839,51079,SKU-94050,Grocery,2,6.59,13.18
903840,51079,SKU-95049,Home,1,19.92,19.92
903841,51079,SKU-70083,Apparel,3,5.44,16.32
903842,51079,SKU-69902,Grocery,2,23.62,47.24
903843,51080,SKU-66160,Grocery,4,9.32,37.28
903844,51081,SKU-40268,Home,2,38.17,76.34
903845,51082,SKU-40416,Electronics,3,26.84,80.52
903846,51082,SKU-46598,Apparel,2,22.61,45.22
903847,51082,SKU-39638,Sports,2,53.17,106.34
903848,51082,SKU-63524,Electronics,3,38.24,114.72
903849,51082,SKU-84194,Grocery,3,19.14,57.42
903850,51082,SKU-11681,Apparel,3,29.71,89.13
903851,51083,SKU-86301,Home,3,41.66,124.98
903852,51084,SKU-76420,Apparel,1,99.81,99.81
903853,51084,SKU-27555,Home,1,16.3,16.3
903854,51085,SKU-51971,Electronics,1,84.97,84.97
903855,51085,SKU-19232,Home,4,19.3,77.2
903856,51085,SKU-89455,Apparel,4,14.64,58.56
903857,51085,SKU-16185,Grocery,2,8.66,17.32
903858,51085,SKU-20390,Sports,2,8.4,16.8
903859,51085,SKU-75904,Home,1,29.91,29.91
903860,51086,SKU-87451,Home,1,15.86,15.86
903861,51086,SKU-60635,Grocery,2,19.33,38.66
903862,51086,SKU-89867,Apparel,1,28.27,28.27
903863,51086,SKU-44514,Grocery,4,22.47,89.88
903864,51087,SKU-65094,Home,2,25.43,50.86
903865,51087,SKU-62264,Sports,2,79.42,158.84
903866,51087,SKU-72206,Electronics,2,18.02,36.04
903867,51087,SKU-43661,Grocery,2,54.38,108.76
903868,51087,SKU-62516,Sports,2,36.07,72.14
903869,51087,SKU-50977,Grocery,1,23.65,23.65
903870,51088,SKU-26457,Electronics,3,5.76,17.28
903871,51088,SKU-76288,Sports,2,42.81,85.62
903872,51088,SKU-19971,Home,1,14.85,14.85
903873,51088,SKU-74183,Home,1,31.76,31.76
903874,51088,SKU-28393,Electronics,1,39.31,39.31
903875,51089,SKU-26285,Sports,4,51.62,206.48
903876,51089,SKU-63823,Apparel,3,23.42,70.26
903877,51089,SKU-52230,Apparel,2,19.32,38.64
903878,51090,SKU-46883,Electronics,1,17.51,17.51
903879,51090,SKU-94728,Grocery,4,23.67,94.68
903880,51090,SKU-69983,Grocery,3,9.03,27.09
903881,51090,SKU-99632,Home,3,24.05,72.15
903882,51091,SKU-38152,Apparel,3,17.62,52.86
903883,51091,SKU-89832,Sports,3,44.45,133.35
903884,51091,SKU-77029,Electronics,1,11.67,11.67
903885,51091,SKU-62591,Apparel,3,7.81,23.43
903886,51091,SKU-51649,Apparel,4,25.59,102.36
903887,51092,SKU-59175,Electronics,1,202.99,202.99
903888,51092,SKU-12417,Grocery,1,11.51,11.51
903889,51092,SKU-56936,Apparel,4,30.5,122.0
903890,51092,SKU-54312,Electronics,2,55.36,110.72
903891,51092,SKU-24324,Sports,3,10.25,30.75
903892,51092,SKU-47370,Sports,3,20.58,61.74
903893,51093,SKU-86623,Electronics,1,6.0,6.0
903894,51093,SKU-97500,Home,4,18.56,74.24
903895,51093,SKU-93406,Home,4,60.4,241.6
903896,51093,SKU-17166,Home,3,34.72,104.16
903897,51093,SKU-31093,Apparel,1,24.27,24.27
903898,51094,SKU-94280,Home,1,39.67,39.67
903899,51094,SKU-52133,Apparel,2,28.89,57.78
903900,51094,SKU-86934,Sports,3,31.61,94.83
903901,51094,SKU-54916,Apparel,4,21.64,86.56
903902,51094,SKU-24546,Grocery,4,43.63,174.52
903903,51095,SKU-71372,Electronics,1,71.2,71.2
903904,51095,SKU-40119,Sports,2,7.15,14.3
903905,51095,SKU-57064,Home,3,16.85,50.55
903906,51095,SKU-77841,Grocery,4,15.71,62.84
903907,51096,SKU-74474,Sports,1,28.14,28.14
903908,51096,SKU-84772,Home,4,48.92,195.68
903909,51096,SKU-32253,Electronics,2,24.12,48.24
903910,51096,SKU-28805,Electronics,2,43.7,87.4
903911,51096,SKU-62258,Apparel,1,39.09,39.09
903912,51097,SKU-75319,Apparel,3,62.53,187.59
903913,51098,SKU-78025,Grocery,4,11.49,45.96
903914,51098,SKU-39663,Electronics,1,30.58,30.58
903915,51098,SKU-29552,Apparel,3,23.47,70.41
903916,51098,SKU-73237,Apparel,2,8.56,17.12
903917,51098,SKU-17826,Sports,3,17.77,53.31
903918,51099,SKU-11851,Sports,3,14.88,44.64
903919,51099,SKU-36086,Electronics,2,17.27,34.54
903920,51099,SKU-41127,Home,1,28.33,28.33
903921,51099,SKU-94325,Electronics,4,30.19,120.76
903922,51100,SKU-98821,Apparel,2,105.32,210.64
903923,51101,SKU-72929,Apparel,2,24.89,49.78
903924,51101,SKU-73474,Sports,2,7.43,14.86
903925,51102,SKU-19571,Sports,1,37.32,37.32
903926,51102,SKU-30356,Electronics,2,163.34,326.68
903927,51102,SKU-12880,Electronics,4,36.65,146.6
903928,51102,SKU-59529,Grocery,1,22.72,22.72
903929,51103,SKU-28710,Sports,2,66.51,133.02
903930,51103,SKU-99005,Grocery,2,11.24,22.48
903931,51104,SKU-30838,Sports,1,47.98,47.98
903932,51104,SKU-62154,Electronics,1,11.19,11.19
903933,51104,SKU-15194,Apparel,4,23.85,95.4
903934,51104,SKU-66558,Electronics,2,48.49,96.98
903935,51104,SKU-22475,Grocery,1,35.91,35.91
903936,51104,SKU-15588,Electronics,1,27.8,27.8
903937,51105,SKU-73880,Grocery,3,9.09,27.27
903938,51105,SKU-90994,Home,2,17.49,34.98
903939,51105,SKU-82260,Grocery,4,33.93,135.72
903940,51105,SKU-46120,Electronics,4,23.39,93.56
903941,51105,SKU-51125,Sports,3,21.03,63.09
903942,51105,SKU-33254,Home,3,17.08,51.24
903943,51106,SKU-86153,Grocery,3,43.32,129.96
903944,51106,SKU-63820,Sports,1,21.53,21.53
903945,51106,SKU-62334,Apparel,4,38.48,153.92
903946,51106,SKU-22849,Electronics,2,18.68,37.36
903947,51106,SKU-54773,Sports,4,10.96,43.84
903948,51106,SKU-57389,Electronics,1,13.27,13.27
903949,51107,SKU-19934,Grocery,1,27.45,27.45
903950,51107,SKU-63963,Apparel,4,35.74,142.96
903951,51107,SKU-77848,Electronics,4,11.66,46.64
903952,51108,SKU-71847,Electronics,3,27.49,82.47
903953,51108,SKU-61115,Grocery,4,50.83,203.32
903954,51108,SKU-56563,Home,1,82.52,82.52
903955,51108,SKU-85067,Apparel,3,35.56,106.68
903956,51109,SKU-54560,Grocery,1,15.31,15.31
903957,51109,SKU-82325,Sports,4,49.92,199.68
903958,51109,SKU-17734,Sports,4,14.43,57.72
903959,51109,SKU-87664,Apparel,3,19.25,57.75
903960,51109,SKU-48749,Electronics,3,218.5,655.5
903961,51110,SKU-11660,Sports,1,12.68,12.68
903962,51111,SKU-93532,Sports,3,9.68,29.04
903963,51111,SKU-28018,Electronics,1,16.71,16.71
903964,51111,SKU-40969,Electronics,3,29.78,89.34
903965,51111,SKU-52734,Home,2,11.25,22.5
903966,51111,SKU-91111,Apparel,2,50.65,101.3
903967,51111,SKU-80292,Sports,4,14.34,57.36
903968,51112,SKU-41071,Apparel,4,25.73,102.92
903969,51113,SKU-21069,Sports,1,23.1,23.1
903970,51113,SKU-21161,Apparel,1,19.3,19.3
903971,51113,SKU-26844,Apparel,2,13.94,27.88
903972,51113,SKU-27794,Sports,1,5.9,5.9
903973,51114,SKU-46623,Electronics,2,69.94,139.88
903974,51114,SKU-66558,Grocery,3,23.91,71.73
903975,51115,SKU-47669,Sports,1,11.36,11.36
903976,51115,SKU-61617,Apparel,4,8.26,33.04
903977,51115,SKU-33026,Home,2,11.31,22.62
903978,51115,SKU-65419,Electronics,2,90.46,180.92
903979,51115,SKU-47883,Home,3,74.69,224.07
903980,51115,SKU-11587,Apparel,1,13.23,13.23
903981,51116,SKU-73021,Electronics,2,11.6,23.2
903982,51116,SKU-98036,Electronics,1,36.29,36.29
903983,51116,SKU-54017,Home,2,43.06,86.12
903984,51117,SKU-19900,Apparel,2,7.66,15.32
903985,51117,SKU-63701,Home,1,19.52,19.52
903986,51117,SKU-67843,Sports,4,12.89,51.56
903987,51117,SKU-11384,Grocery,1,11.43,11.43
903988,51117,SKU-71399,Apparel,3,19.27,57.81
903989,51117,SKU-50239,Apparel,1,69.5,69.5
903990,51118,SKU-92714,Apparel,2,47.47,94.94
903991,51118,SKU-43422,Sports,1,13.28,13.28
903992,51118,SKU-21266,Home,3,54.86,164.58
903993,51118,SKU-30400,Apparel,3,27.26,81.78
903994,51119,SKU-96588,Home,4,8.08,32.32
903995,51119,SKU-99865,Sports,3,33.97,101.91
903996,51119,SKU-52094,Sports,2,72.29,144.58
903997,51120,SKU-96513,Sports,3,16.9,50.7
903998,51120,SKU-41459,Apparel,3,18.96,56.88
903999,51120,SKU-43160,Home,2,5.77,11.54
904000,51120,SKU-23444,Grocery,4,73.34,293.36
904001,51120,SKU-80973,Sports,2,72.18,144.36
904002,51120,SKU-55484,Grocery,1,57.49,57.49
904003,51121,SKU-80511,Apparel,4,17.56,70.24
904004,51121,SKU-39490,Home,1,18.45,18.45
904005,51121,SKU-40651,Apparel,3,17.4,52.2
904006,51121,SKU-47671,Sports,4,92.18,368.72
904007,51121,SKU-39508,Home,3,459.27,1377.81
904008,51121,SKU-50419,Grocery,4,19.61,78.44
904009,51122,SKU-74688,Apparel,2,47.78,95.56
904010,51122,SKU-10105,Electronics,4,54.86,219.44
904011,51122,SKU-93681,Sports,2,31.3,62.6
904012,51123,SKU-68437,Grocery,4,49.69,198.76
904013,51123,SKU-11708,Electronics,3,11.73,35.19
904014,51123,SKU-65305,Sports,3,52.2,156.6
904015,51123,SKU-27242,Home,2,217.6,435.2
904016,51123,SKU-45809,Grocery,1,65.32,65.32
904017,51124,SKU-19368,Apparel,3,14.16,42.48
904018,51124,SKU-18327,Home,3,4.54,13.62
904019,51124,SKU-87128,Apparel,2,41.31,82.62
904020,51124,SKU-39551,Apparel,4,9.38,37.52
904021,51124,SKU-75785,Grocery,2,33.57,67.14
904022,51125,SKU-99168,Sports,1,41.56,41.56
904023,51125,SKU-68567,Sports,3,8.06,24.18
904024,51125,SKU-84296,Electronics,1,22.29,22.29
904025,51125,SKU-66978,Sports,4,8.06,32.24
904026,51125,SKU-69588,Electronics,4,23.51,94.04
904027,51126,SKU-52158,Sports,3,26.28,78.84
904028,51126,SKU-97348,Electronics,1,32.69,32.69
904029,51126,SKU-20429,Sports,4,9.54,38.16
904030,51127,SKU-99050,Sports,1,29.77,29.77
904031,51127,SKU-17339,Grocery,2,32.61,65.22
904032,51127,SKU-47746,Electronics,2,9.42,18.84
904033,51127,SKU-81088,Home,4,16.64,66.56
904034,51127,SKU-89437,Home,3,28.47,85.41
904035,51128,SKU-94785,Sports,2,37.75,75.5
904036,51128,SKU-20053,Apparel,1,27.13,27.13
904037,51128,SKU-77730,Electronics,2,5.86,11.72
904038,51128,SKU-13697,Apparel,3,11.92,35.76
904039,51129,SKU-85599,Home,3,20.15,60.45
904040,51129,SKU-41491,Apparel,1,45.25,45.25
904041,51129,SKU-21449,Grocery,3,24.39,73.17
904042,51129,SKU-58773,Grocery,2,38.41,76.82
904043,51129,SKU-73007,Apparel,1,92.29,92.29
904044,51130,SKU-48402,Electronics,2,50.16,100.32
904045,51130,SKU-43619,Grocery,4,66.62,266.48
904046,51130,SKU-69684,Home,3,28.22,84.66
904047,51130,SKU-15641,Electronics,4,26.33,105.32
904048,51131,SKU-11163,Grocery,1,26.99,26.99
904049,51132,SKU-38890,Apparel,3,18.29,54.87
904050,51132,SKU-54440,Apparel,2,67.01,134.02
904051,51132,SKU-87931,Grocery,4,6.7,26.8
904052,51132,SKU-55930,Grocery,2,53.75,107.5
904053,51132,SKU-67349,Sports,2,24.92,49.84
904054,51132,SKU-53070,Home,3,8.65,25.95
904055,51133,SKU-67980,Electronics,1,32.55,32.55
904056,51133,SKU-62904,Sports,3,49.37,148.11
904057,51133,SKU-21825,Sports,1,15.09,15.09
904058,51133,SKU-13563,Grocery,1,30.45,30.45
904059,51133,SKU-57931,Grocery,1,14.92,14.92
904060,51133,SKU-60109,Electronics,1,36.48,36.48
904061,51134,SKU-66506,Home,3,43.64,130.92
904062,51134,SKU-37946,Sports,1,23.5,23.5
904063,51134,SKU-71084,Home,4,152.01,608.04
904064,51135,SKU-80053,Electronics,1,39.8,39.8
904065,51135,SKU-85842,Home,1,22.78,22.78
904066,51136,SKU-81229,Electronics,4,62.22,248.88
904067,51136,SKU-79234,Apparel,2,39.78,79.56
904068,51136,SKU-50907,Grocery,3,6.82,20.46
904069,51136,SKU-77921,Electronics,3,55.21,165.63
904070,51136,SKU-91967,Sports,1,60.57,60.57
904071,51137,SKU-31771,Apparel,1,7.83,7.83
904072,51137,SKU-76837,Electronics,1,43.23,43.23
904073,51137,SKU-76394,Electronics,2,27.61,55.22
904074,51137,SKU-71996,Grocery,4,9.54,38.16
904075,51137,SKU-60289,Grocery,4,16.15,64.6
904076,51138,SKU-86136,Home,2,6.04,12.08
904077,51138,SKU-60496,Grocery,2,26.64,53.28
904078,51138,SKU-70375,Electronics,4,46.63,186.52
904079,51138,SKU-29149,Sports,1,80.21,80.21
904080,51138,SKU-93338,Sports,2,9.19,18.38
904081,51139,SKU-81689,Apparel,3,32.4,97.2
904082,51139,SKU-90553,Electronics,4,19.5,78.0
904083,51139,SKU-61568,Electronics,1,27.13,27.13
904084,51139,SKU-30745,Apparel,2,11.21,22.42
904085,51139,SKU-24452,Sports,1,15.2,15.2
904086,51139,SKU-27614,Home,4,53.56,214.24
904087,51140,SKU-70236,Sports,3,86.8,260.4
904088,51140,SKU-44194,Sports,2,8.61,17.22
904089,51140,SKU-31748,Electronics,2,54.01,108.02
904090,51140,SKU-72002,Sports,2,10.57,21.14
904091,51140,SKU-47730,Apparel,1,24.36,24.36
904092,51140,SKU-41305,Electronics,1,12.98,12.98
904093,51141,SKU-85893,Sports,4,7.87,31.48
904094,51141,SKU-60976,Electronics,2,79.8,159.6
904095,51141,SKU-10012,Sports,3,7.38,22.14
904096,51141,SKU-64395,Electronics,4,13.97,55.88
904097,51141,SKU-30917,Apparel,3,45.04,135.12
904098,51141,SKU-30543,Grocery,1,14.76,14.76
904099,51142,SKU-49181,Apparel,1,16.27,16.27
904100,51142,SKU-42742,Sports,4,64.25,257.0
904101,51143,SKU-29422,Grocery,2,5.86,11.72
904102,51143,SKU-28361,Apparel,4,34.7,138.8
904103,51143,SKU-15584,Grocery,3,15.56,46.68
904104,51144,SKU-58103,Home,3,24.85,74.55
904105,51145,SKU-83194,Electronics,1,40.37,40.37
904106,51145,SKU-22453,Grocery,4,21.45,85.8
904107,51145,SKU-70061,Apparel,3,62.69,188.07
904108,51145,SKU-26025,Sports,4,26.44,105.76
904109,51145,SKU-35162,Grocery,3,26.99,80.97
904110,51145,SKU-18384,Sports,3,20.02,60.06
904111,51146,SKU-57136,Sports,4,14.33,57.32
904112,51146,SKU-35756,Grocery,3,89.75,269.25
904113,51146,SKU-90832,Sports,3,31.44,94.32
904114,51146,SKU-50206,Home,1,13.95,13.95
904115,51147,SKU-51126,Sports,4,35.2,140.8
904116,51148,SKU-29003,Electronics,3,18.4,55.2
904117,51148,SKU-67965,Grocery,4,27.1,108.4
904118,51148,SKU-80189,Grocery,1,34.64,34.64
904119,51149,SKU-74482,Electronics,1,7.69,7.69
904120,51149,SKU-20529,Home,1,12.43,12.43
904121,51149,SKU-15894,Grocery,3,6.73,20.19
904122,51149,SKU-68232,Apparel,1,38.94,38.94
904123,51150,SKU-21553,Electronics,2,18.46,36.92
904124,51150,SKU-14768,Sports,4,29.33,117.32
904125,51150,SKU-22822,Home,1,73.46,73.46
904126,51150,SKU-14751,Apparel,1,14.57,14.57
904127,51151,SKU-27972,Electronics,3,46.61,139.83
904128,51151,SKU-82852,Apparel,2,23.41,46.82
904129,51151,SKU-46650,Sports,2,27.62,55.24
904130,51151,SKU-35677,Electronics,1,10.71,10.71
904131,51152,SKU-64410,Electronics,2,43.3,86.6
904132,51152,SKU-60939,Apparel,4,14.29,57.16
904133,51152,SKU-43805,Home,2,18.22,36.44
904134,51152,SKU-70475,Apparel,3,119.28,357.84
904135,51152,SKU-68293,Electronics,3,45.22,135.66
904136,51153,SKU-60040,Home,1,11.91,11.91
904137,51153,SKU-42508,Electronics,4,20.73,82.92
904138,51153,SKU-32268,Sports,1,8.43,8.43
904139,51153,SKU-29637,Grocery,1,20.21,20.21
904140,51153,SKU-20817,Electronics,1,15.95,15.95
904141,51154,SKU-52230,Home,1,35.06,35.06
904142,51154,SKU-40508,Apparel,3,15.44,46.32
904143,51154,SKU-26355,Sports,3,26.65,79.95
904144,51154,SKU-78792,Electronics,4,17.03,68.12
904145,51154,SKU-87949,Grocery,1,30.65,30.65
904146,51155,SKU-28122,Grocery,1,12.51,12.51
904147,51155,SKU-75678,Apparel,4,10.08,40.32
904148,51156,SKU-85932,Sports,2,14.15,28.3
904149,51156,SKU-45428,Grocery,1,43.52,43.52
904150,51156,SKU-28619,Sports,2,19.83,39.66
904151,51156,SKU-11733,Electronics,1,4.1,4.1
904152,51156,SKU-80962,Apparel,4,38.67,154.68
904153,51156,SKU-29323,Grocery,2,62.9,125.8
904154,51157,SKU-15363,Electronics,1,73.84,73.84
904155,51157,SKU-80184,Grocery,2,42.19,84.38
904156,51157,SKU-86916,Home,1,13.7,13.7
904157,51157,SKU-76651,Sports,3,15.06,45.18
904158,51158,SKU-62656,Electronics,4,13.48,53.92
904159,51158,SKU-35197,Home,2,22.88,45.76
904160,51158,SKU-69146,Electronics,1,9.43,9.43
904161,51158,SKU-24406,Sports,4,81.78,327.12
904162,51158,SKU-43501,Home,3,46.84,140.52
904163,51159,SKU-91851,Grocery,3,15.28,45.84
904164,51159,SKU-49329,Home,3,18.11,54.33
904165,51159,SKU-48346,Apparel,4,50.22,200.88
904166,51159,SKU-80565,Home,1,13.78,13.78
904167,51160,SKU-74287,Grocery,4,12.12,48.48
904168,51160,SKU-65790,Apparel,3,152.27,456.81
904169,51160,SKU-37269,Apparel,2,48.75,97.5
904170,51161,SKU-41963,Apparel,4,9.77,39.08
904171,51161,SKU-82046,Home,3,5.9,17.7
904172,51161,SKU-51810,Sports,2,21.06,42.12
904173,51162,SKU-96933,Apparel,4,43.47,173.88
904174,51163,SKU-48578,Home,4,21.84,87.36
904175,51163,SKU-89817,Sports,4,27.93,111.72
904176,51163,SKU-80315,Grocery,3,26.85,80.55
904177,51164,SKU-74484,Electronics,3,14.93,44.79
904178,51164,SKU-65105,Sports,1,40.17,40.17
904179,51164,SKU-52109,Apparel,4,11.54,46.16
904180,51164,SKU-77205,Sports,3,7.98,23.94
904181,51164,SKU-28002,Grocery,2,19.16,38.32
904182,51165,SKU-32739,Apparel,2,18.4,36.8
904183,51165,SKU-99809,Apparel,3,36.66,109.98
904184,51165,SKU-28253,Home,3,20.99,62.97
904185,51165,SKU-74458,Grocery,4,25.26,101.04
904186,51165,SKU-82374,Sports,3,17.2,51.6
904187,51165,SKU-32239,Grocery,3,23.22,69.66
904188,51166,SKU-69231,Grocery,2,10.19,20.38
904189,51166,SKU-46154,Sports,4,98.42,393.68
904190,51166,SKU-77276,Home,2,11.02,22.04
904191,51166,SKU-73022,Home,4,34.59,138.36
904192,51167,SKU-86054,Home,4,63.24,252.96
904193,51167,SKU-19109,Electronics,1,38.83,38.83
904194,51167,SKU-25216,Home,3,10.54,31.62
904195,51168,SKU-28808,Grocery,1,47.93,47.93
904196,51168,SKU-22208,Home,2,13.75,27.5
904197,51169,SKU-69451,Sports,2,22.24,44.48
904198,51169,SKU-82606,Home,3,18.74,56.22
904199,51169,SKU-58550,Grocery,1,38.75,38.75
904200,51169,SKU-26971,Electronics,1,16.18,16.18
904201,51170,SKU-67107,Apparel,1,27.46,27.46
904202,51170,SKU-66140,Home,4,15.25,61.0
904203,51170,SKU-58289,Sports,2,14.4,28.8
904204,51170,SKU-49633,Sports,4,41.85,167.4
904205,51170,SKU-85340,Electronics,1,26.32,26.32
904206,51170,SKU-21470,Electronics,3,27.53,82.59
904207,51171,SKU-76753,Electronics,2,7.13,14.26
904208,51171,SKU-57274,Grocery,2,30.05,60.1
904209,51171,SKU-42918,Apparel,1,26.27,26.27
904210,51171,SKU-52280,Home,1,54.57,54.57
904211,51172,SKU-85110,Home,1,26.85,26.85
904212,51172,SKU-19181,Home,1,33.65,33.65
904213,51172,SKU-39448,Grocery,4,47.54,190.16
904214,51173,SKU-21809,Electronics,1,19.82,19.82
904215,51173,SKU-12137,Sports,1,44.75,44.75
904216,51173,SKU-20258,Electronics,1,25.82,25.82
904217,51173,SKU-46393,Apparel,2,30.94,61.88
904218,51174,SKU-46541,Grocery,4,17.82,71.28
904219,51174,SKU-76627,Grocery,4,21.61,86.44
904220,51174,SKU-74074,Grocery,1,42.65,42.65
904221,51174,SKU-16284,Sports,4,3.83,15.32
904222,51174,SKU-80739,Sports,2,65.54,131.08
904223,51174,SKU-51783,Apparel,4,98.06,392.24
904224,51175,SKU-38756,Sports,1,15.67,15.67
904225,51175,SKU-24243,Electronics,2,6.68,13.36
904226,51175,SKU-97482,Sports,2,15.96,31.92
904227,51175,SKU-52450,Apparel,3,61.44,184.32
904228,51176,SKU-86175,Grocery,1,29.39,29.39
904229,51176,SKU-37507,Apparel,4,19.72,78.88
904230,51176,SKU-40060,Home,2,19.63,39.26
904231,51176,SKU-28078,Grocery,4,62.05,248.2
904232,51177,SKU-40572,Sports,1,56.55,56.55
904233,51177,SKU-39018,Home,4,22.97,91.88
904234,51178,SKU-45947,Home,2,36.29,72.58
904235,51178,SKU-28856,Electronics,4,10.97,43.88
904236,51178,SKU-87527,Apparel,2,64.44,128.88
904237,51178,SKU-94666,Grocery,4,26.44,105.76
904238,51178,SKU-40366,Sports,1,10.71,10.71
904239,51179,SKU-31647,Electronics,4,125.3,501.2
904240,51179,SKU-75286,Home,2,21.23,42.46
904241,51180,SKU-35968,Sports,2,21.66,43.32
904242,51180,SKU-87245,Apparel,4,21.93,87.72
904243,51180,SKU-50057,Apparel,1,6.16,6.16
904244,51180,SKU-60326,Sports,3,25.53,76.59
904245,51180,SKU-29749,Electronics,2,18.21,36.42
904246,51180,SKU-11782,Home,3,86.58,259.74
904247,51181,SKU-65613,Grocery,3,22.8,68.4
904248,51181,SKU-22736,Grocery,1,46.38,46.38
904249,51181,SKU-69719,Home,3,24.82,74.46
904250,51182,SKU-99636,Electronics,2,26.06,52.12
904251,51183,SKU-81900,Sports,4,33.2,132.8
904252,51183,SKU-81390,Apparel,1,23.4,23.4
904253,51184,SKU-93094,Home,4,57.88,231.52
904254,51184,SKU-23882,Apparel,1,9.27,9.27
904255,51184,SKU-98234,Sports,1,62.26,62.26
904256,51184,SKU-73898,Apparel,4,27.49,109.96
904257,51185,SKU-31822,Grocery,4,27.23,108.92
904258,51185,SKU-54798,Apparel,4,20.57,82.28
904259,51185,SKU-18396,Home,4,22.17,88.68
904260,51186,SKU-99473,Electronics,4,18.69,74.76
904261,51186,SKU-59349,Grocery,4,28.68,114.72
904262,51186,SKU-49331,Home,1,3.05,3.05
904263,51187,SKU-72780,Grocery,1,47.27,47.27
904264,51187,SKU-46432,Sports,2,38.4,76.8
904265,51187,SKU-76937,Home,1,20.77,20.77
904266,51188,SKU-40051,Sports,4,28.04,112.16
904267,51188,SKU-76698,Apparel,1,37.1,37.1
904268,51188,SKU-85267,Grocery,3,68.73,206.19
904269,51189,SKU-17350,Home,2,12.44,24.88
904270,51189,SKU-13679,Electronics,1,13.64,13.64
904271,51189,SKU-43647,Electronics,1,17.49,17.49
904272,51189,SKU-24989,Grocery,1,16.21,16.21
904273,51190,SKU-55184,Home,1,120.26,120.26
904274,51190,SKU-49529,Electronics,1,29.2,29.2
904275,51190,SKU-70857,Electronics,1,11.64,11.64
904276,51190,SKU-71528,Sports,3,17.8,53.4
904277,51190,SKU-26332,Apparel,4,14.95,59.8
904278,51191,SKU-66871,Home,2,23.69,47.38
904279,51191,SKU-12994,Apparel,4,30.84,123.36
904280,51191,SKU-34493,Grocery,1,46.79,46.79
904281,51191,SKU-56350,Electronics,1,12.38,12.38
904282,51192,SKU-78266,Apparel,1,8.16,8.16
904283,51193,SKU-24966,Home,4,14.93,59.72
904284,51193,SKU-78178,Electronics,3,24.16,72.48
904285,51193,SKU-32618,Sports,2,49.02,98.04
904286,51193,SKU-55628,Apparel,3,26.06,78.18
904287,51193,SKU-41688,Sports,1,17.85,17.85
904288,51194,SKU-72193,Grocery,2,44.09,88.18
904289,51195,SKU-74832,Electronics,3,97.44,292.32
904290,51195,SKU-49956,Electronics,2,5.85,11.7
904291,51195,SKU-78125,Home,1,11.44,11.44
904292,51196,SKU-93790,Sports,4,9.46,37.84
904293,51197,SKU-77429,Home,2,9.6,19.2
904294,51198,SKU-17971,Grocery,2,8.99,17.98
904295,51198,SKU-47652,Sports,1,19.87,19.87
904296,51198,SKU-94358,Apparel,2,17.83,35.66
904297,51199,SKU-15611,Electronics,1,12.65,12.65
904298,51199,SKU-61943,Electronics,3,19.79,59.37
904299,51199,SKU-36353,Electronics,1,18.9,18.9
904300,51199,SKU-23188,Grocery,2,17.9,35.8
904301,51200,SKU-25484,Grocery,4,25.51,102.04
904302,51200,SKU-90770,Sports,1,16.45,16.45
904303,51200,SKU-71008,Apparel,3,19.72,59.16
904304,51200,SKU-68657,Home,1,10.32,10.32
904305,51200,SKU-83119,Sports,2,8.45,16.9
904306,51200,SKU-78454,Home,2,6.97,13.94
904307,51201,SKU-13770,Home,2,34.06,68.12
904308,51201,SKU-90916,Home,1,24.92,24.92
904309,51202,SKU-34051,Grocery,3,19.17,57.51
904310,51203,SKU-83821,Electronics,3,24.5,73.5
904311,51203,SKU-24900,Home,1,17.94,17.94
904312,51203,SKU-71171,Electronics,1,22.17,22.17
904313,51204,SKU-40031,Electronics,2,37.22,74.44
904314,51204,SKU-70028,Electronics,3,29.38,88.14
904315,51204,SKU-52455,Apparel,2,27.04,54.08
904316,51204,SKU-43430,Electronics,3,36.28,108.84
904317,51204,SKU-32202,Sports,4,12.51,50.04
904318,51204,SKU-21062,Sports,2,11.06,22.12
904319,51205,SKU-37073,Grocery,3,24.26,72.78
904320,51205,SKU-81919,Grocery,1,7.68,7.68
904321,51205,SKU-57472,Grocery,1,16.01,16.01
904322,51205,SKU-46328,Electronics,4,22.99,91.96
904323,51205,SKU-19840,Sports,4,24.62,98.48
904324,51205,SKU-26736,Sports,3,11.7,35.1
904325,51206,SKU-36616,Sports,3,9.4,28.2
904326,51206,SKU-73471,Electronics,4,102.26,409.04
904327,51207,SKU-78283,Sports,3,16.84,50.52
904328,51207,SKU-71845,Grocery,3,13.17,39.51
904329,51207,SKU-65328,Home,1,32.23,32.23
904330,51207,SKU-63435,Electronics,2,11.23,22.46
904331,51207,SKU-60384,Home,3,50.2,150.6
904332,51208,SKU-62610,Home,4,41.59,166.36
904333,51208,SKU-58545,Electronics,4,40.8,163.2
904334,51208,SKU-68774,Electronics,2,19.82,39.64
904335,51208,SKU-59494,Electronics,1,4.12,4.12
904336,51209,SKU-84786,Electronics,2,26.06,52.12
904337,51209,SKU-18560,Apparel,4,33.66,134.64
904338,51209,SKU-22696,Grocery,4,17.28,69.12
904339,51209,SKU-37085,Sports,3,17.64,52.92
904340,51209,SKU-81165,Electronics,1,23.98,23.98
904341,51209,SKU-87019,Apparel,1,23.92,23.92
904342,51210,SKU-65474,Sports,1,73.02,73.02
904343,51210,SKU-17362,Home,4,38.09,152.36
904344,51210,SKU-23041,Home,4,21.01,84.04
904345,51211,SKU-66224,Electronics,4,11.33,45.32
904346,51211,SKU-47173,Electronics,1,17.06,17.06
904347,51211,SKU-77564,Electronics,3,43.93,131.79
904348,51212,SKU-22052,Electronics,4,23.49,93.96
904349,51213,SKU-63923,Sports,3,18.65,55.95
904350,51214,SKU-59803,Apparel,4,10.82,43.28
904351,51214,SKU-69743,Sports,1,25.42,25.42
904352,51214,SKU-48754,Apparel,3,7.3,21.9
904353,51214,SKU-29299,Grocery,1,70.71,70.71
904354,51215,SKU-68167,Home,3,24.87,74.61
904355,51216,SKU-53025,Electronics,1,14.7,14.7
904356,51216,SKU-86577,Apparel,2,38.1,76.2
904357,51216,SKU-10914,Apparel,1,15.92,15.92
904358,51216,SKU-11654,Apparel,4,17.42,69.68
904359,51217,SKU-77536,Home,1,38.32,38.32
904360,51217,SKU-54304,Sports,1,13.13,13.13
904361,51217,SKU-91349,Grocery,1,15.76,15.76
904362,51217,SKU-46267,Apparel,3,10.82,32.46
904363,51217,SKU-99297,Electronics,2,37.04,74.08
904364,51218,SKU-44606,Sports,4,21.77,87.08
904365,51218,SKU-51210,Apparel,3,7.37,22.11
904366,51218,SKU-44314,Home,4,10.38,41.52
904367,51219,SKU-16521,Electronics,2,12.37,24.74
904368,51219,SKU-38348,Grocery,4,61.75,247.0
904369,51220,SKU-40935,Apparel,1,20.29,20.29
904370,51220,SKU-56659,Sports,4,11.54,46.16
904371,51220,SKU-46967,Home,4,3.96,15.84
904372,51220,SKU-60002,Apparel,1,39.49,39.49
904373,51221,SKU-11501,Grocery,3,24.99,74.97
904374,51221,SKU-47369,Home,1,10.65,10.65
904375,51222,SKU-94139,Apparel,4,12.63,50.52
904376,51222,SKU-33156,Grocery,1,22.18,22.18
904377,51222,SKU-37657,Home,4,5.93,23.72
904378,51222,SKU-58623,Grocery,3,11.48,34.44
904379,51222,SKU-40122,Sports,3,14.44,43.32
904380,51222,SKU-59175,Grocery,4,20.09,80.36
904381,51223,SKU-66829,Sports,2,34.75,69.5
904382,51223,SKU-72353,Sports,4,10.58,42.32
904383,51223,SKU-18249,Home,3,8.86,26.58
904384,51223,SKU-84700,Electronics,3,15.47,46.41
904385,51223,SKU-67902,Apparel,1,9.66,9.66
904386,51223,SKU-52334,Apparel,4,141.88,567.52
904387,51224,SKU-14828,Home,3,9.37,28.11
904388,51225,SKU-81947,Sports,1,36.65,36.65
904389,51225,SKU-56567,Sports,1,22.63,22.63
904390,51225,SKU-49403,Sports,3,22.72,68.16
904391,51226,SKU-66007,Sports,2,5.43,10.86
904392,51226,SKU-90418,Apparel,1,12.23,12.23
904393,51226,SKU-55695,Electronics,4,26.83,107.32
904394,51226,SKU-61083,Electronics,4,28.45,113.8
904395,51227,SKU-15169,Electronics,1,8.39,8.39
904396,51227,SKU-22912,Apparel,3,14.71,44.13
904397,51228,SKU-74516,Home,3,42.9,128.7
904398,51229,SKU-59179,Apparel,4,17.26,69.04
904399,51229,SKU-88621,Apparel,2,48.18,96.36
904400,51229,SKU-51523,Electronics,1,48.29,48.29
904401,51229,SKU-16068,Apparel,1,21.33,21.33
904402,51230,SKU-77783,Home,4,11.11,44.44
904403,51230,SKU-48604,Apparel,1,26.93,26.93
904404,51230,SKU-10398,Electronics,2,15.63,31.26
904405,51230,SKU-66369,Electronics,2,7.63,15.26
904406,51230,SKU-92138,Apparel,1,9.83,9.83
904407,51230,SKU-13735,Sports,1,23.38,23.38
904408,51231,SKU-96760,Grocery,4,13.29,53.16
904409,51231,SKU-82787,Electronics,4,106.55,426.2
904410,51231,SKU-99727,Apparel,2,24.9,49.8
904411,51231,SKU-30990,Grocery,3,35.43,106.29
904412,51232,SKU-29776,Apparel,3,21.32,63.96
904413,51232,SKU-73815,Home,4,40.06,160.24
904414,51232,SKU-56934,Home,1,19.3,19.3
904415,51233,SKU-62235,Home,1,13.14,13.14
904416,51233,SKU-69361,Home,2,6.75,13.5
904417,51233,SKU-68046,Electronics,2,13.56,27.12
904418,51234,SKU-61329,Home,4,12.19,48.76
904419,51234,SKU-38621,Sports,4,4.5,18.0
904420,51234,SKU-45667,Electronics,1,15.03,15.03
904421,51234,SKU-57365,Apparel,4,56.23,224.92
904422,51234,SKU-83332,Apparel,1,50.28,50.28
904423,51234,SKU-85299,Grocery,3,18.77,56.31
904424,51235,SKU-95261,Home,3,49.29,147.87
904425,51235,SKU-15981,Grocery,4,15.91,63.64
904426,51235,SKU-70575,Sports,3,3.34,10.02
904427,51235,SKU-84323,Home,1,63.26,63.26
904428,51235,SKU-82758,Grocery,2,12.13,24.26
904429,51236,SKU-85911,Electronics,3,20.39,61.17
904430,51236,SKU-72409,Home,4,17.48,69.92
904431,51236,SKU-36708,Home,3,8.08,24.24
904432,51236,SKU-44852,Home,3,15.23,45.69
904433,51236,SKU-68463,Grocery,4,39.93,159.72
904434,51237,SKU-42887,Apparel,4,18.78,75.12
904435,51237,SKU-23523,Apparel,4,62.29,249.16
904436,51238,SKU-12437,Apparel,3,43.68,131.04
904437,51238,SKU-80974,Home,4,20.09,80.36
904438,51238,SKU-27579,Sports,4,16.02,64.08
904439,51238,SKU-97636,Electronics,4,12.98,51.92
904440,51238,SKU-82845,Grocery,2,19.64,39.28
904441,51238,SKU-82163,Home,1,96.29,96.29
904442,51239,SKU-63452,Apparel,1,12.48,12.48
904443,51239,SKU-47436,Home,3,7.59,22.77
904444,51239,SKU-72195,Electronics,2,31.26,62.52
904445,51240,SKU-73584,Home,3,18.69,56.07
904446,51240,SKU-99558,Sports,4,129.47,517.88
904447,51240,SKU-10220,Home,3,9.99,29.97
904448,51240,SKU-97230,Grocery,3,42.73,128.19
904449,51240,SKU-30391,Home,3,13.98,41.94
904450,51240,SKU-26125,Apparel,1,27.08,27.08
904451,51241,SKU-71595,Apparel,4,15.48,61.92
904452,51241,SKU-22660,Sports,1,12.02,12.02
904453,51241,SKU-96239,Electronics,2,18.13,36.26
904454,51241,SKU-22885,Home,4,13.33,53.32
904455,51242,SKU-25266,Home,1,102.67,102.67
904456,51242,SKU-70278,Electronics,3,31.38,94.14
904457,51242,SKU-41948,Apparel,3,11.49,34.47
904458,51242,SKU-32798,Grocery,3,13.81,41.43
904459,51243,SKU-78439,Apparel,4,14.88,59.52
904460,51243,SKU-32894,Electronics,3,19.93,59.79
904461,51243,SKU-48669,Electronics,3,4.34,13.02
904462,51243,SKU-32596,Grocery,2,34.1,68.2
904463,51243,SKU-54454,Electronics,3,39.83,119.49
904464,51244,SKU-74621,Grocery,2,18.64,37.28
904465,51244,SKU-48013,Grocery,2,19.26,38.52
904466,51244,SKU-68168,Grocery,3,16.55,49.65
904467,51244,SKU-86678,Apparel,2,9.01,18.02
904468,51244,SKU-72485,Sports,1,17.6,17.6
904469,51244,SKU-94704,Home,3,21.62,64.86
904470,51245,SKU-72821,Home,2,39.28,78.56
904471,51246,SKU-50852,Electronics,3,6.69,20.07
904472,51246,SKU-27783,Home,1,26.17,26.17
904473,51246,SKU-33118,Electronics,2,26.1,52.2
904474,51247,SKU-26444,Electronics,4,13.44,53.76
904475,51247,SKU-51452,Electronics,3,17.34,52.02
904476,51247,SKU-84255,Apparel,4,62.89,251.56
904477,51247,SKU-96297,Electronics,2,17.66,35.32
904478,51247,SKU-26003,Home,4,40.49,161.96
904479,51248,SKU-36288,Sports,3,22.18,66.54
904480,51248,SKU-30111,Home,2,27.79,55.58
904481,51248,SKU-87520,Grocery,2,29.97,59.94
904482,51249,SKU-54999,Electronics,4,30.87,123.48
904483,51249,SKU-43915,Electronics,1,17.03,17.03
904484,51249,SKU-90989,Electronics,2,35.59,71.18
904485,51249,SKU-17721,Grocery,2,85.96,171.92
904486,51249,SKU-13995,Sports,2,8.14,16.28
904487,51249,SKU-16438,Electronics,2,38.64,77.28
904488,51250,SKU-81268,Grocery,2,3.68,7.36
904489,51250,SKU-32921,Apparel,2,30.77,61.54
904490,51250,SKU-13350,Electronics,1,137.82,137.82
904491,51250,SKU-43219,Electronics,2,10.34,20.68
904492,51251,SKU-89461,Electronics,3,14.67,44.01
904493,51251,SKU-39750,Sports,3,37.04,111.12
904494,51251,SKU-53293,Apparel,1,59.93,59.93
904495,51251,SKU-41642,Sports,3,25.47,76.41
904496,51251,SKU-49278,Apparel,2,14.69,29.38
904497,51252,SKU-52225,Grocery,2,19.71,39.42
904498,51252,SKU-94324,Apparel,3,31.87,95.61
904499,51252,SKU-64809,Grocery,1,62.2,62.2
904500,51252,SKU-98735,Home,1,31.86,31.86
904501,51252,SKU-81360,Grocery,4,17.85,71.4
904502,51252,SKU-94941,Apparel,2,25.37,50.74
904503,51253,SKU-18098,Apparel,1,5.55,5.55
904504,51253,SKU-55350,Apparel,4,19.28,77.12
904505,51253,SKU-42534,Sports,3,3.99,11.97
904506,51253,SKU-76493,Sports,3,63.16,189.48
904507,51254,SKU-44779,Electronics,3,44.51,133.53
904508,51254,SKU-58272,Electronics,2,54.48,108.96
904509,51254,SKU-31263,Grocery,4,58.31,233.24
904510,51254,SKU-47827,Apparel,1,18.56,18.56
904511,51254,SKU-65092,Sports,4,54.72,218.88
904512,51255,SKU-63104,Sports,4,10.98,43.92
904513,51255,SKU-88430,Apparel,4,16.83,67.32
904514,51255,SKU-48611,Grocery,4,57.48,229.92
904515,51255,SKU-79246,Sports,4,89.93,359.72
904516,51255,SKU-54073,Grocery,3,10.78,32.34
904517,51255,SKU-49826,Grocery,2,28.26,56.52
904518,51256,SKU-18914,Apparel,3,24.55,73.65
904519,51256,SKU-97643,Sports,4,19.36,77.44
904520,51256,SKU-49441,Grocery,4,31.86,127.44
904521,51256,SKU-23860,Sports,1,62.64,62.64
904522,51256,SKU-40231,Grocery,2,22.94,45.88
904523,51257,SKU-19493,Home,3,18.23,54.69
904524,51257,SKU-34196,Grocery,1,18.42,18.42
904525,51258,SKU-24859,Sports,4,18.83,75.32
904526,51258,SKU-37446,Grocery,2,13.75,27.5
904527,51259,SKU-19781,Grocery,1,18.55,18.55
904528,51259,SKU-20892,Home,2,18.33,36.66
904529,51259,SKU-68661,Electronics,3,12.88,38.64
904530,51259,SKU-27298,Apparel,2,13.32,26.64
904531,51259,SKU-38985,Home,3,7.69,23.07
904532,51259,SKU-47934,Electronics,2,48.83,97.66
904533,51260,SKU-98848,Home,2,14.78,29.56
904534,51260,SKU-66808,Home,1,42.4,42.4
904535,51260,SKU-57734,Home,3,15.08,45.24
904536,51261,SKU-71585,Grocery,2,15.77,31.54
904537,51262,SKU-53381,Grocery,2,41.03,82.06
904538,51262,SKU-26787,Apparel,1,4.91,4.91
904539,51262,SKU-81538,Apparel,4,15.9,63.6
904540,51263,SKU-38901,Home,2,11.72,23.44
904541,51263,SKU-42519,Apparel,4,15.37,61.48
904542,51263,SKU-53536,Home,3,12.08,36.24
904543,51263,SKU-56270,Sports,3,59.84,179.52
904544,51264,SKU-80074,Sports,4,14.02,56.08
904545,51264,SKU-45844,Apparel,4,10.42,41.68
904546,51264,SKU-94838,Home,1,22.58,22.58
904547,51264,SKU-44277,Grocery,3,18.68,56.04
904548,51265,SKU-15594,Sports,3,5.85,17.55
904549,51265,SKU-35923,Apparel,1,19.84,19.84
904550,51265,SKU-24619,Apparel,3,49.06,147.18
904551,51265,SKU-29002,Electronics,3,10.01,30.03
904552,51265,SKU-72150,Home,1,33.62,33.62
904553,51265,SKU-28789,Home,2,14.07,28.14
904554,51266,SKU-30516,Apparel,4,6.31,25.24
904555,51266,SKU-46362,Electronics,1,36.95,36.95
904556,51266,SKU-35506,Apparel,3,34.48,103.44
904557,51266,SKU-97355,Grocery,4,9.24,36.96
904558,51266,SKU-14974,Sports,2,9.51,19.02
904559,51266,SKU-10494,Electronics,2,30.16,60.32
904560,51267,SKU-53477,Apparel,2,25.76,51.52
904561,51267,SKU-79751,Electronics,2,15.13,30.26
904562,51267,SKU-99554,Grocery,1,11.48,11.48
904563,51267,SKU-98224,Apparel,4,14.37,57.48
904564,51267,SKU-97083,Apparel,2,22.56,45.12
904565,51268,SKU-95852,Grocery,3,12.13,36.39
904566,51268,SKU-59320,Electronics,1,31.33,31.33
904567,51268,SKU-37422,Home,4,82.61,330.44
904568,51269,SKU-73331,Grocery,1,50.18,50.18
904569,51269,SKU-28206,Electronics,1,30.02,30.02
904570,51269,SKU-17556,Sports,4,61.17,244.68
904571,51270,SKU-89441,Home,4,10.25,41.0
904572,51271,SKU-15960,Grocery,3,14.18,42.54
904573,51271,SKU-24516,Sports,3,19.66,58.98
904574,51271,SKU-47100,Apparel,2,75.04,150.08
904575,51271,SKU-53058,Home,1,34.24,34.24
904576,51271,SKU-40666,Sports,4,27.6,110.4
904577,51272,SKU-57581,Home,2,18.23,36.46
904578,51272,SKU-49939,Electronics,1,16.0,16.0
904579,51272,SKU-81674,Electronics,4,19.94,79.76
904580,51272,SKU-28994,Apparel,2,19.46,38.92
904581,51273,SKU-14180,Electronics,4,6.25,25.0
904582,51273,SKU-47267,Sports,1,7.49,7.49
904583,51273,SKU-29785,Sports,2,22.59,45.18
904584,51273,SKU-44000,Home,3,35.57,106.71
904585,51274,SKU-36193,Sports,2,10.57,21.14
904586,51274,SKU-12914,Sports,3,10.41,31.23
904587,51274,SKU-22345,Electronics,1,19.32,19.32
904588,51274,SKU-53454,Electronics,2,16.44,32.88
904589,51274,SKU-42365,Home,4,50.57,202.28
904590,51274,SKU-25892,Electronics,1,46.19,46.19
904591,51275,SKU-63746,Grocery,2,12.26,24.52
904592,51276,SKU-42442,Apparel,1,42.14,42.14
904593,51276,SKU-10982,Sports,2,24.58,49.16
904594,51277,SKU-89689,Grocery,4,14.6,58.4
904595,51278,SKU-44324,Grocery,2,18.61,37.22
904596,51278,SKU-83712,Electronics,3,20.1,60.3
904597,51278,SKU-89011,Sports,2,22.82,45.64
904598,51278,SKU-37939,Sports,3,14.32,42.96
904599,51278,SKU-10131,Electronics,3,29.88,89.64
904600,51279,SKU-92070,Home,1,17.82,17.82
904601,51280,SKU-10088,Home,4,46.84,187.36
904602,51280,SKU-95494,Home,1,12.2,12.2
904603,51280,SKU-66695,Grocery,4,14.83,59.32
904604,51281,SKU-97174,Apparel,3,7.68,23.04
904605,51282,SKU-82175,Sports,3,6.19,18.57
904606,51283,SKU-94743,Sports,1,17.06,17.06
904607,51283,SKU-43617,Electronics,4,50.29,201.16
904608,51284,SKU-73594,Home,4,21.85,87.4
904609,51284,SKU-11740,Grocery,4,9.77,39.08
904610,51285,SKU-22042,Apparel,2,22.2,44.4
904611,51285,SKU-94258,Home,4,8.31,33.24
904612,51285,SKU-12674,Home,1,20.04,20.04
904613,51285,SKU-87143,Electronics,3,35.5,106.5
904614,51286,SKU-72414,Apparel,2,16.13,32.26
904615,51286,SKU-87870,Sports,4,16.96,67.84
904616,51286,SKU-98925,Grocery,4,22.5,90.0
904617,51286,SKU-48469,Electronics,3,6.53,19.59
904618,51287,SKU-23179,Home,2,26.03,52.06
904619,51287,SKU-47961,Electronics,1,4.98,4.98
904620,51287,SKU-43490,Sports,4,37.93,151.72
904621,51288,SKU-52401,Grocery,4,23.8,95.2
904622,51288,SKU-39927,Home,3,37.62,112.86
904623,51288,SKU-58818,Home,2,44.38,88.76
904624,51289,SKU-49246,Home,4,12.35,49.4
904625,51289,SKU-71412,Sports,2,15.49,30.98
904626,51290,SKU-94326,Electronics,2,14.38,28.76
904627,51290,SKU-39788,Electronics,1,6.87,6.87
904628,51290,SKU-97692,Electronics,1,18.74,18.74
904629,51291,SKU-84724,Sports,1,20.57,20.57
904630,51291,SKU-95053,Electronics,4,12.52,50.08
904631,51292,SKU-99484,Home,2,12.37,24.74
904632,51292,SKU-18614,Apparel,2,30.88,61.76
904633,51292,SKU-99435,Home,4,10.27,41.08
904634,51293,SKU-18176,Apparel,4,9.31,37.24
904635,51293,SKU-19977,Sports,3,25.98,77.94
904636,51294,SKU-40916,Home,3,58.92,176.76
904637,51294,SKU-81125,Sports,3,44.54,133.62
904638,51295,SKU-38477,Grocery,1,36.57,36.57
904639,51295,SKU-11389,Sports,4,29.23,116.92
904640,51296,SKU-95867,Apparel,2,33.52,67.04
904641,51296,SKU-34971,Sports,3,9.0,27.0
904642,51296,SKU-52776,Electronics,2,40.42,80.84
904643,51296,SKU-74643,Sports,4,6.97,27.88
904644,51296,SKU-10305,Apparel,2,41.82,83.64
904645,51297,SKU-71049,Apparel,3,34.29,102.87
904646,51297,SKU-79146,Grocery,3,12.99,38.97
904647,51297,SKU-91828,Apparel,2,53.99,107.98
904648,51297,SKU-15157,Home,2,21.38,42.76
904649,51297,SKU-47336,Electronics,2,8.82,17.64
904650,51298,SKU-46539,Sports,1,35.75,35.75
904651,51298,SKU-40754,Home,1,6.75,6.75
904652,51298,SKU-27928,Home,1,40.62,40.62
904653,51298,SKU-29537,Apparel,4,9.69,38.76
904654,51298,SKU-44715,Home,2,3.95,7.9
904655,51298,SKU-95598,Home,4,25.72,102.88
904656,51299,SKU-67224,Grocery,1,22.54,22.54
904657,51299,SKU-83058,Electronics,1,77.45,77.45
904658,51300,SKU-12940,Apparel,1,44.23,44.23
904659,51300,SKU-36589,Electronics,4,16.27,65.08
904660,51300,SKU-89103,Sports,3,32.16,96.48
904661,51300,SKU-62104,Grocery,1,63.0,63.0
904662,51301,SKU-73128,Home,3,30.08,90.24
904663,51301,SKU-78964,Apparel,2,23.87,47.74
904664,51301,SKU-27525,Electronics,4,12.99,51.96
904665,51301,SKU-82021,Sports,4,33.48,133.92
904666,51301,SKU-44180,Sports,3,20.89,62.67
904667,51301,SKU-74830,Sports,1,6.94,6.94
904668,51302,SKU-18061,Electronics,2,13.48,26.96
904669,51302,SKU-59746,Grocery,1,11.14,11.14
904670,51303,SKU-81203,Grocery,1,46.65,46.65
904671,51303,SKU-17403,Apparel,1,13.95,13.95
904672,51304,SKU-18500,Apparel,2,34.95,69.9
904673,51304,SKU-29438,Sports,4,116.42,465.68
904674,51304,SKU-99806,Electronics,1,20.05,20.05
904675,51304,SKU-93332,Apparel,1,15.77,15.77
904676,51305,SKU-91043,Grocery,1,20.32,20.32
904677,51305,SKU-25619,Grocery,2,114.55,229.1
904678,51305,SKU-80987,Sports,3,12.49,37.47
904679,51306,SKU-30396,Grocery,3,20.3,60.9
904680,51306,SKU-97732,Grocery,4,162.92,651.68
904681,51306,SKU-87236,Home,2,3.65,7.3
904682,51306,SKU-83433,Apparel,1,20.3,20.3
904683,51306,SKU-59402,Home,3,72.66,217.98
904684,51306,SKU-30185,Apparel,2,18.7,37.4
904685,51307,SKU-12128,Grocery,2,14.08,28.16
904686,51307,SKU-58036,Electronics,4,49.41,197.64
904687,51308,SKU-67630,Sports,1,2.14,2.14
904688,51308,SKU-65009,Electronics,2,50.58,101.16
904689,51308,SKU-33075,Sports,2,27.76,55.52
904690,51309,SKU-17698,Apparel,4,29.56,118.24
904691,51309,SKU-89580,Sports,4,36.63,146.52
904692,51309,SKU-32038,Sports,1,28.27,28.27
904693,51309,SKU-89814,Grocery,1,57.42,57.42
904694,51309,SKU-20418,Home,4,5.49,21.96
904695,51310,SKU-79909,Grocery,2,21.55,43.1
904696,51310,SKU-24825,Apparel,3,28.98,86.94
904697,51310,SKU-58574,Electronics,3,23.02,69.06
904698,51310,SKU-30263,Sports,4,24.39,97.56
904699,51310,SKU-33011,Electronics,2,14.43,28.86
904700,51310,SKU-35013,Sports,2,17.73,35.46
904701,51311,SKU-80862,Electronics,3,21.48,64.44
904702,51311,SKU-47715,Grocery,4,6.8,27.2
904703,51312,SKU-62443,Grocery,1,10.79,10.79
904704,51313,SKU-16232,Sports,1,24.54,24.54
904705,51313,SKU-71531,Electronics,1,22.17,22.17
904706,51313,SKU-74700,Apparel,1,22.15,22.15
904707,51314,SKU-32554,Grocery,4,80.23,320.92
904708,51314,SKU-26764,Electronics,4,35.57,142.28
904709,51314,SKU-20867,Apparel,4,8.86,35.44
904710,51314,SKU-65331,Sports,3,16.36,49.08
904711,51314,SKU-86225,Home,4,18.0,72.0
904712,51314,SKU-80262,Sports,1,97.96,97.96
904713,51315,SKU-69491,Electronics,2,12.98,25.96
904714,51316,SKU-37628,Apparel,4,56.9,227.6
904715,51316,SKU-10885,Apparel,3,10.39,31.17
904716,51316,SKU-35746,Apparel,4,13.84,55.36
904717,51316,SKU-88803,Grocery,3,22.84,68.52
904718,51316,SKU-15448,Electronics,2,44.09,88.18
904719,51317,SKU-28226,Electronics,3,16.7,50.1
904720,51317,SKU-49069,Home,2,20.18,40.36
904721,51317,SKU-44212,Home,4,7.21,28.84
904722,51317,SKU-72520,Electronics,3,12.76,38.28
904723,51317,SKU-44255,Sports,1,23.4,23.4
904724,51317,SKU-33702,Home,2,20.97,41.94
904725,51318,SKU-14542,Sports,1,8.57,8.57
904726,51318,SKU-24076,Grocery,2,28.88,57.76
904727,51318,SKU-65150,Home,4,8.2,32.8
904728,51318,SKU-25472,Electronics,4,63.28,253.12
904729,51318,SKU-99639,Grocery,2,21.08,42.16
904730,51318,SKU-33616,Grocery,1,13.04,13.04
904731,51319,SKU-75226,Home,3,21.65,64.95
904732,51319,SKU-17200,Apparel,1,18.81,18.81
904733,51319,SKU-74855,Home,4,8.1,32.4
904734,51319,SKU-10359,Apparel,3,34.52,103.56
904735,51320,SKU-29788,Apparel,4,18.94,75.76
904736,51320,SKU-79589,Grocery,3,12.59,37.77
904737,51320,SKU-52266,Electronics,2,40.29,80.58
904738,51321,SKU-59540,Home,1,23.4,23.4
904739,51321,SKU-22866,Home,4,75.11,300.44
904740,51321,SKU-61165,Grocery,3,13.74,41.22
904741,51321,SKU-34132,Home,1,46.32,46.32
904742,51321,SKU-10595,Electronics,4,31.58,126.32
904743,51322,SKU-29069,Apparel,3,22.47,67.41
904744,51322,SKU-45167,Sports,4,44.11,176.44
904745,51322,SKU-12442,Home,3,26.58,79.74
904746,51323,SKU-61529,Home,4,61.67,246.68
904747,51323,SKU-11577,Grocery,3,7.84,23.52
904748,51323,SKU-95137,Apparel,4,7.07,28.28
904749,51324,SKU-18690,Home,4,27.35,109.4
904750,51324,SKU-56138,Electronics,4,13.25,53.0
904751,51324,SKU-79078,Sports,1,41.0,41.0
904752,51324,SKU-44311,Home,1,29.24,29.24
904753,51324,SKU-26666,Sports,3,15.47,46.41
904754,51324,SKU-95502,Home,4,26.39,105.56
904755,51325,SKU-69232,Home,2,39.84,79.68
904756,51325,SKU-57443,Apparel,3,17.58,52.74
904757,51325,SKU-51085,Home,2,50.93,101.86
904758,51325,SKU-54104,Electronics,2,8.61,17.22
904759,51325,SKU-93005,Grocery,2,6.34,12.68
904760,51325,SKU-90909,Grocery,4,8.77,35.08
904761,51326,SKU-33883,Electronics,4,20.44,81.76
904762,51326,SKU-66978,Grocery,3,43.75,131.25
904763,51326,SKU-23638,Apparel,4,13.72,54.88
904764,51326,SKU-54864,Sports,3,25.38,76.14
904765,51326,SKU-92870,Sports,2,17.83,35.66
904766,51326,SKU-15496,Sports,4,49.65,198.6
904767,51327,SKU-60456,Electronics,3,23.95,71.85
904768,51327,SKU-87213,Apparel,3,35.2,105.6
904769,51327,SKU-53147,Sports,4,6.83,27.32
904770,51327,SKU-74773,Home,3,9.97,29.91
904771,51327,SKU-65843,Grocery,4,29.64,118.56
904772,51327,SKU-36798,Grocery,3,45.49,136.47
904773,51328,SKU-61916,Home,4,21.92,87.68
904774,51328,SKU-35078,Grocery,4,11.1,44.4
904775,51328,SKU-68095,Apparel,3,73.11,219.33
904776,51328,SKU-17839,Electronics,4,21.7,86.8
904777,51328,SKU-15087,Apparel,4,21.11,84.44
904778,51329,SKU-62573,Electronics,4,18.45,73.8
904779,51329,SKU-64254,Electronics,4,27.28,109.12
904780,51329,SKU-66743,Apparel,2,31.85,63.7
904781,51330,SKU-53364,Apparel,3,68.26,204.78
904782,51330,SKU-75154,Electronics,2,16.88,33.76
904783,51330,SKU-27444,Home,4,16.76,67.04
904784,51330,SKU-64722,Home,1,10.18,10.18
904785,51330,SKU-74405,Home,3,68.29,204.87
904786,51330,SKU-42816,Sports,2,30.69,61.38
904787,51331,SKU-72524,Apparel,4,16.55,66.2
904788,51331,SKU-82802,Home,1,15.66,15.66
904789,51331,SKU-18514,Apparel,1,33.68,33.68
904790,51331,SKU-42372,Sports,1,21.5,21.5
904791,51332,SKU-61673,Home,1,18.84,18.84
904792,51332,SKU-22869,Home,3,10.4,31.2
904793,51332,SKU-59099,Home,1,19.47,19.47
904794,51332,SKU-54183,Grocery,2,71.49,142.98
904795,51333,SKU-53042,Sports,1,16.03,16.03
904796,51333,SKU-37908,Sports,2,46.01,92.02
904797,51334,SKU-99143,Home,1,14.04,14.04
904798,51335,SKU-96732,Grocery,3,35.03,105.09
904799,51335,SKU-72257,Apparel,1,34.32,34.32
904800,51335,SKU-54338,Home,2,26.94,53.88
904801,51335,SKU-17875,Apparel,2,20.14,40.28
904802,51335,SKU-15550,Sports,2,25.62,51.24
904803,51335,SKU-87347,Apparel,1,22.45,22.45
904804,51336,SKU-84440,Electronics,4,58.44,233.76
904805,51336,SKU-64641,Sports,2,18.54,37.08
904806,51336,SKU-70605,Grocery,2,7.44,14.88
904807,51336,SKU-67007,Apparel,2,16.89,33.78
904808,51337,SKU-51676,Sports,4,20.25,81.0
904809,51337,SKU-90495,Electronics,2,32.68,65.36
904810,51337,SKU-70104,Grocery,3,104.69,314.07
904811,51337,SKU-24740,Grocery,3,22.46,67.38
904812,51337,SKU-71029,Apparel,4,20.86,83.44
904813,51337,SKU-97832,Grocery,4,12.3,49.2
904814,51338,SKU-13928,Apparel,4,8.34,33.36
904815,51338,SKU-77014,Electronics,4,34.16,136.64
904816,51338,SKU-30408,Grocery,3,4.91,14.73
904817,51338,SKU-41407,Home,4,21.62,86.48
904818,51339,SKU-23392,Apparel,2,45.17,90.34
904819,51339,SKU-29773,Grocery,1,20.64,20.64
904820,51339,SKU-87306,Sports,1,51.41,51.41
904821,51340,SKU-38398,Home,1,9.4,9.4
904822,51340,SKU-19910,Electronics,2,84.39,168.78
904823,51340,SKU-14706,Home,1,37.97,37.97
904824,51340,SKU-50443,Electronics,1,22.23,22.23
904825,51340,SKU-80145,Home,4,121.02,484.08
904826,51341,SKU-71575,Sports,4,45.16,180.64
904827,51342,SKU-44494,Grocery,2,80.48,160.96
904828,51343,SKU-66391,Apparel,3,20.01,60.03
904829,51343,SKU-16759,Grocery,2,13.4,26.8
904830,51343,SKU-77893,Home,1,6.62,6.62
904831,51343,SKU-22440,Electronics,4,14.16,56.64
904832,51343,SKU-20623,Apparel,2,31.74,63.48
904833,51343,SKU-14834,Grocery,2,13.26,26.52
904834,51344,SKU-16664,Apparel,4,24.62,98.48
904835,51345,SKU-56287,Apparel,1,26.89,26.89
904836,51345,SKU-25263,Grocery,4,8.89,35.56
904837,51345,SKU-28849,Electronics,1,5.33,5.33
904838,51346,SKU-25403,Home,1,6.4,6.4
904839,51346,SKU-94056,Sports,4,14.7,58.8
904840,51347,SKU-33571,Sports,1,41.35,41.35
904841,51348,SKU-18172,Grocery,2,13.99,27.98
904842,51349,SKU-61258,Grocery,3,11.77,35.31
904843,51349,SKU-16419,Sports,2,11.79,23.58
904844,51349,SKU-29022,Electronics,4,44.63,178.52
904845,51350,SKU-46294,Grocery,2,18.64,37.28
904846,51351,SKU-90160,Apparel,1,16.05,16.05
904847,51351,SKU-16073,Sports,1,12.5,12.5
904848,51352,SKU-26979,Sports,1,12.68,12.68
904849,51352,SKU-41653,Sports,1,12.01,12.01
904850,51352,SKU-68541,Home,4,53.65,214.6
904851,51352,SKU-77598,Electronics,3,30.19,90.57
904852,51353,SKU-27574,Electronics,4,45.62,182.48
904853,51353,SKU-72368,Electronics,1,12.34,12.34
904854,51353,SKU-84705,Electronics,3,21.48,64.44
904855,51353,SKU-82898,Apparel,2,39.91,79.82
904856,51353,SKU-99642,Sports,4,40.95,163.8
904857,51354,SKU-93368,Electronics,3,35.71,107.13
904858,51354,SKU-67707,Sports,1,31.52,31.52
904859,51354,SKU-95694,Electronics,2,38.15,76.3
904860,51355,SKU-69507,Grocery,1,14.26,14.26
904861,51355,SKU-72533,Apparel,1,27.18,27.18
904862,51355,SKU-47722,Apparel,4,14.0,56.0
904863,51355,SKU-44398,Home,1,32.06,32.06
904864,51356,SKU-75378,Electronics,3,14.83,44.49
904865,51357,SKU-54125,Electronics,2,8.24,16.48
904866,51358,SKU-68861,Sports,3,36.06,108.18
904867,51358,SKU-18196,Home,2,78.07,156.14
904868,51358,SKU-87952,Sports,2,32.26,64.52
904869,51358,SKU-63950,Home,2,12.52,25.04
904870,51358,SKU-42568,Sports,4,17.08,68.32
904871,51358,SKU-63364,Electronics,1,23.24,23.24
904872,51359,SKU-75415,Electronics,3,16.19,48.57
904873,51359,SKU-24289,Sports,3,23.97,71.91
904874,51359,SKU-91362,Electronics,2,43.18,86.36
904875,51360,SKU-96519,Electronics,1,75.22,75.22
904876,51360,SKU-55653,Sports,3,19.51,58.53
904877,51361,SKU-31367,Electronics,2,38.1,76.2
904878,51362,SKU-83187,Home,4,10.24,40.96
904879,51362,SKU-87065,Electronics,3,61.61,184.83
904880,51362,SKU-67854,Home,2,9.67,19.34
904881,51362,SKU-31424,Electronics,1,25.91,25.91
904882,51362,SKU-19433,Electronics,1,42.77,42.77
904883,51362,SKU-21007,Home,4,7.45,29.8
904884,51363,SKU-74922,Home,3,4.94,14.82
904885,51363,SKU-20121,Home,1,21.66,21.66
904886,51364,SKU-12788,Apparel,3,19.17,57.51
904887,51365,SKU-21176,Sports,2,12.52,25.04
904888,51365,SKU-61909,Home,2,27.05,54.1
904889,51365,SKU-16305,Apparel,1,14.99,14.99
904890,51366,SKU-98042,Home,3,19.87,59.61
904891,51367,SKU-71300,Grocery,2,18.64,37.28
904892,51367,SKU-60890,Sports,1,48.64,48.64
904893,51368,SKU-71249,Home,3,12.24,36.72
904894,51368,SKU-52833,Grocery,3,23.39,70.17
904895,51368,SKU-97956,Apparel,2,19.08,38.16
904896,51368,SKU-39273,Grocery,1,11.0,11.0
904897,51368,SKU-18617,Home,4,14.59,58.36
904898,51369,SKU-84458,Sports,4,114.99,459.96
904899,51369,SKU-77264,Grocery,4,16.73,66.92
904900,51369,SKU-55616,Electronics,4,9.86,39.44
904901,51369,SKU-24486,Apparel,4,26.53,106.12
904902,51369,SKU-26249,Sports,3,38.36,115.08
904903,51370,SKU-54920,Home,2,27.82,55.64
904904,51370,SKU-71776,Apparel,2,14.23,28.46
904905,51370,SKU-70771,Electronics,2,12.52,25.04
904906,51371,SKU-71857,Home,3,18.98,56.94
904907,51371,SKU-47781,Apparel,1,8.59,8.59
904908,51371,SKU-51569,Grocery,3,21.1,63.3
904909,51371,SKU-44027,Electronics,2,64.31,128.62
904910,51371,SKU-61980,Electronics,4,10.24,40.96
904911,51372,SKU-96004,Electronics,1,4.61,4.61
904912,51372,SKU-10849,Grocery,1,20.11,20.11
904913,51372,SKU-87340,Sports,3,27.98,83.94
904914,51373,SKU-43827,Home,3,27.25,81.75
904915,51373,SKU-61909,Grocery,3,11.04,33.12
904916,51374,SKU-95865,Grocery,4,15.89,63.56
904917,51374,SKU-62731,Home,1,30.66,30.66
904918,51374,SKU-41419,Grocery,3,49.91,149.73
904919,51374,SKU-77571,Home,3,56.76,170.28
904920,51374,SKU-89185,Home,1,12.88,12.88
904921,51374,SKU-72815,Electronics,3,37.82,113.46
904922,51375,SKU-58405,Electronics,1,58.07,58.07
904923,51375,SKU-66333,Home,2,7.94,15.88
904924,51375,SKU-57726,Apparel,2,4.41,8.82
904925,51375,SKU-55329,Home,2,72.99,145.98
904926,51375,SKU-78129,Sports,4,25.31,101.24
904927,51376,SKU-29113,Home,1,17.26,17.26
904928,51376,SKU-69603,Electronics,2,35.02,70.04
904929,51376,SKU-35553,Electronics,3,10.43,31.29
904930,51376,SKU-86635,Grocery,4,76.7,306.8
904931,51377,SKU-65551,Grocery,2,16.22,32.44
904932,51377,SKU-59117,Electronics,1,44.08,44.08
904933,51377,SKU-98269,Grocery,1,71.64,71.64
904934,51377,SKU-20852,Grocery,2,14.25,28.5
904935,51377,SKU-44331,Home,1,4.93,4.93
904936,51377,SKU-29845,Home,1,26.45,26.45
904937,51378,SKU-84247,Electronics,2,31.81,63.62
904938,51378,SKU-85184,Electronics,1,17.6,17.6
904939,51378,SKU-77532,Sports,2,16.31,32.62
904940,51378,SKU-96605,Apparel,1,51.65,51.65
904941,51378,SKU-98103,Electronics,2,13.11,26.22
904942,51378,SKU-52573,Sports,3,12.25,36.75
904943,51379,SKU-78988,Home,4,10.02,40.08
904944,51379,SKU-46565,Home,1,19.89,19.89
904945,51379,SKU-11318,Electronics,1,17.51,17.51
904946,51379,SKU-59579,Grocery,4,17.26,69.04
904947,51379,SKU-95353,Apparel,4,22.46,89.84
904948,51379,SKU-35350,Home,1,34.86,34.86
904949,51380,SKU-87728,Grocery,4,59.71,238.84
904950,51380,SKU-39546,Grocery,2,13.0,26.0
904951,51380,SKU-53941,Electronics,3,38.82,116.46
904952,51380,SKU-77526,Apparel,2,55.07,110.14
904953,51380,SKU-17678,Sports,2,55.36,110.72
904954,51380,SKU-50792,Electronics,4,79.05,316.2
904955,51381,SKU-95990,Grocery,4,30.61,122.44
904956,51382,SKU-66793,Apparel,4,38.9,155.6
904957,51382,SKU-26148,Electronics,4,30.83,123.32
904958,51383,SKU-69652,Apparel,1,19.81,19.81
904959,51383,SKU-37312,Home,3,11.22,33.66
904960,51383,SKU-18527,Apparel,4,47.49,189.96
904961,51384,SKU-81683,Grocery,4,19.61,78.44
904962,51384,SKU-35173,Grocery,3,14.16,42.48
904963,51384,SKU-44867,Sports,1,8.01,8.01
904964,51384,SKU-85061,Sports,1,18.71,18.71
904965,51384,SKU-43684,Grocery,2,34.36,68.72
904966,51384,SKU-51055,Home,3,53.43,160.29
904967,51385,SKU-74785,Home,3,36.32,108.96
904968,51386,SKU-54401,Apparel,3,23.76,71.28
904969,51387,SKU-40154,Grocery,1,69.83,69.83
904970,51387,SKU-10415,Home,2,9.98,19.96
904971,51387,SKU-81151,Apparel,3,30.75,92.25
904972,51387,SKU-22466,Home,1,12.65,12.65
904973,51387,SKU-86880,Apparel,2,16.9,33.8
904974,51387,SKU-84770,Apparel,4,10.13,40.52
904975,51388,SKU-35366,Grocery,2,81.31,162.62
904976,51389,SKU-13915,Home,4,84.48,337.92
904977,51389,SKU-84609,Grocery,3,12.55,37.65
904978,51389,SKU-80404,Sports,1,93.85,93.85
904979,51390,SKU-56293,Electronics,2,31.91,63.82
904980,51390,SKU-10925,Sports,2,26.27,52.54
904981,51390,SKU-19631,Electronics,1,63.03,63.03
904982,51391,SKU-89592,Grocery,3,36.94,110.82
904983,51392,SKU-83394,Electronics,3,11.77,35.31
904984,51392,SKU-31223,Sports,4,13.84,55.36
904985,51392,SKU-77642,Apparel,3,15.32,45.96
904986,51392,SKU-40633,Sports,4,60.67,242.68
904987,51392,SKU-58356,Electronics,2,163.57,327.14
904988,51393,SKU-57159,Grocery,2,19.62,39.24
904989,51393,SKU-24495,Sports,2,18.57,37.14
904990,51393,SKU-87174,Apparel,4,13.0,52.0
904991,51393,SKU-87932,Sports,3,35.18,105.54
904992,51393,SKU-36508,Home,2,29.55,59.1
904993,51393,SKU-35791,Sports,2,20.95,41.9
904994,51394,SKU-65390,Apparel,4,6.69,26.76
904995,51395,SKU-27816,Home,2,62.96,125.92
904996,51395,SKU-61931,Home,1,32.24,32.24
904997,51395,SKU-31652,Grocery,4,24.16,96.64
904998,51396,SKU-85556,Apparel,1,29.88,29.88
904999,51396,SKU-65778,Sports,1,18.51,18.51
905000,51396,SKU-98695,Electronics,3,29.47,88.41
905001,51396,SKU-88580,Electronics,3,12.66,37.98
905002,51397,SKU-82638,Home,2,29.78,59.56
905003,51397,SKU-38022,Grocery,4,56.2,224.8
905004,51397,SKU-69426,Home,2,12.38,24.76
905005,51397,SKU-57356,Sports,1,13.0,13.0
905006,51398,SKU-62462,Electronics,3,32.51,97.53
905007,51399,SKU-49608,Electronics,1,9.84,9.84
905008,51400,SKU-39259,Sports,4,65.14,260.56
905009,51400,SKU-16829,Electronics,2,22.13,44.26
905010,51400,SKU-84829,Home,3,8.96,26.88
905011,51401,SKU-37105,Electronics,1,29.89,29.89
905012,51401,SKU-64212,Apparel,4,16.76,67.04
905013,51401,SKU-10296,Grocery,3,18.98,56.94
905014,51402,SKU-62542,Sports,2,13.3,26.6
905015,51403,SKU-72922,Electronics,1,12.03,12.03
905016,51403,SKU-66684,Grocery,4,11.43,45.72
905017,51403,SKU-27743,Grocery,2,15.73,31.46
905018,51403,SKU-13282,Home,1,15.33,15.33
905019,51403,SKU-98428,Electronics,1,5.74,5.74
905020,51404,SKU-36859,Apparel,4,23.72,94.88
905021,51404,SKU-33756,Electronics,4,42.65,170.6
905022,51404,SKU-43917,Electronics,3,33.0,99.0
905023,51404,SKU-10910,Electronics,3,33.27,99.81
905024,51405,SKU-10889,Apparel,4,9.28,37.12
905025,51405,SKU-36690,Grocery,4,19.02,76.08
905026,51405,SKU-85432,Apparel,2,10.52,21.04
905027,51405,SKU-34966,Grocery,2,10.08,20.16
905028,51406,SKU-91053,Grocery,3,35.05,105.15
905029,51406,SKU-90474,Sports,4,7.61,30.44
905030,51406,SKU-90286,Grocery,3,196.35,589.05
905031,51406,SKU-85842,Grocery,3,15.92,47.76
905032,51407,SKU-84484,Grocery,4,29.22,116.88
905033,51407,SKU-24904,Electronics,3,11.43,34.29
905034,51407,SKU-72682,Home,1,19.84,19.84
905035,51407,SKU-13438,Grocery,2,21.64,43.28
905036,51407,SKU-24705,Grocery,2,63.58,127.16
905037,51408,SKU-82201,Home,2,13.93,27.86
905038,51408,SKU-36290,Home,4,9.68,38.72
905039,51409,SKU-56120,Grocery,3,34.56,103.68
905040,51409,SKU-46609,Grocery,1,39.68,39.68
905041,51409,SKU-76066,Sports,1,7.9,7.9
905042,51409,SKU-99865,Home,4,51.92,207.68
905043,51409,SKU-82222,Sports,4,69.95,279.8
905044,51410,SKU-21241,Home,1,14.42,14.42
905045,51410,SKU-22167,Electronics,1,6.03,6.03
905046,51410,SKU-12430,Grocery,3,35.65,106.95
905047,51410,SKU-95612,Electronics,2,37.75,75.5
905048,51410,SKU-62397,Electronics,4,13.16,52.64
905049,51411,SKU-48621,Apparel,1,167.63,167.63
905050,51411,SKU-76326,Electronics,1,22.34,22.34
905051,51411,SKU-50291,Sports,3,20.74,62.22
905052,51411,SKU-77376,Apparel,2,31.07,62.14
905053,51412,SKU-44834,Sports,4,19.55,78.2
905054,51412,SKU-82217,Grocery,1,33.09,33.09
905055,51412,SKU-37284,Sports,1,17.32,17.32
905056,51412,SKU-53343,Grocery,1,42.94,42.94
905057,51412,SKU-71383,Sports,3,32.5,97.5
905058,51413,SKU-19611,Sports,3,121.65,364.95
905059,51413,SKU-89313,Home,4,13.01,52.04
905060,51413,SKU-75135,Grocery,4,16.61,66.44
905061,51413,SKU-88288,Sports,4,44.25,177.0
905062,51413,SKU-56940,Electronics,1,47.61,47.61
905063,51414,SKU-15213,Grocery,2,55.58,111.16
905064,51414,SKU-69940,Apparel,1,29.54,29.54
905065,51414,SKU-35214,Apparel,1,80.82,80.82
905066,51414,SKU-39952,Grocery,4,16.93,67.72
905067,51414,SKU-45287,Home,3,19.67,59.01
905068,51414,SKU-46621,Home,4,53.57,214.28
905069,51415,SKU-71815,Electronics,4,13.67,54.68
905070,51415,SKU-67201,Apparel,3,25.86,77.58
905071,51415,SKU-44231,Home,2,13.68,27.36
905072,51416,SKU-28562,Apparel,3,23.92,71.76
905073,51416,SKU-89633,Home,3,75.42,226.26
905074,51416,SKU-39769,Home,1,17.27,17.27
905075,51417,SKU-70155,Apparel,2,71.16,142.32
905076,51417,SKU-84203,Home,1,56.19,56.19
905077,51417,SKU-47648,Sports,4,39.73,158.92
905078,51417,SKU-68947,Apparel,3,19.34,58.02
905079,51417,SKU-54713,Apparel,4,19.63,78.52
905080,51418,SKU-41488,Grocery,4,2.16,8.64
905081,51418,SKU-42060,Apparel,3,129.17,387.51
905082,51418,SKU-63556,Sports,4,23.21,92.84
905083,51419,SKU-34688,Electronics,4,23.53,94.12
905084,51419,SKU-68640,Grocery,4,28.44,113.76
905085,51419,SKU-83015,Sports,4,33.11,132.44
905086,51419,SKU-72754,Apparel,4,9.0,36.0
905087,51419,SKU-26761,Apparel,3,47.46,142.38
905088,51420,SKU-36041,Apparel,3,78.19,234.57
905089,51420,SKU-82593,Apparel,1,31.63,31.63
905090,51420,SKU-20610,Grocery,1,18.15,18.15
905091,51420,SKU-12695,Home,1,47.88,47.88
905092,51421,SKU-57515,Home,2,16.99,33.98
905093,51421,SKU-18818,Sports,2,10.27,20.54
905094,51421,SKU-10550,Home,1,37.42,37.42
905095,51421,SKU-20846,Electronics,1,17.99,17.99
905096,51421,SKU-79732,Electronics,2,16.45,32.9
905097,51422,SKU-36949,Grocery,2,14.21,28.42
905098,51422,SKU-26109,Apparel,4,14.44,57.76
905099,51422,SKU-58779,Sports,2,53.76,107.52
905100,51423,SKU-72839,Apparel,1,76.64,76.64
905101,51423,SKU-84901,Home,2,5.95,11.9
905102,51423,SKU-35299,Electronics,4,22.99,91.96
905103,51424,SKU-68137,Sports,1,31.71,31.71
905104,51425,SKU-73327,Sports,1,17.14,17.14
905105,51425,SKU-60964,Grocery,1,43.9,43.9
905106,51425,SKU-18633,Sports,4,100.89,403.56
905107,51425,SKU-15106,Electronics,2,14.65,29.3
905108,51425,SKU-93270,Electronics,4,4.41,17.64
905109,51426,SKU-86728,Home,1,21.76,21.76
905110,51426,SKU-74707,Grocery,2,21.16,42.32
905111,51426,SKU-57818,Sports,1,21.96,21.96
905112,51426,SKU-22106,Electronics,2,18.74,37.48
905113,51427,SKU-26309,Grocery,3,19.61,58.83
905114,51427,SKU-33575,Sports,2,28.52,57.04
905115,51427,SKU-88666,Sports,1,29.18,29.18
905116,51427,SKU-54725,Grocery,1,41.32,41.32
905117,51427,SKU-37745,Apparel,3,16.84,50.52
905118,51427,SKU-73310,Grocery,4,14.02,56.08
905119,51428,SKU-76816,Apparel,3,7.75,23.25
905120,51428,SKU-43586,Electronics,4,17.96,71.84
905121,51428,SKU-71876,Sports,3,14.9,44.7
905122,51429,SKU-14069,Sports,3,30.23,90.69
905123,51429,SKU-45144,Electronics,4,15.25,61.0
905124,51429,SKU-91527,Home,4,20.15,80.6
905125,51429,SKU-20427,Apparel,1,68.55,68.55
905126,51430,SKU-33823,Grocery,1,17.05,17.05
905127,51430,SKU-92642,Apparel,1,9.34,9.34
905128,51431,SKU-26186,Home,2,10.38,20.76
905129,51431,SKU-73513,Electronics,2,11.64,23.28
905130,51432,SKU-38663,Apparel,2,13.15,26.3
905131,51432,SKU-56565,Home,3,22.64,67.92
905132,51432,SKU-27159,Sports,3,42.0,126.0
905133,51432,SKU-26399,Grocery,4,37.78,151.12
905134,51432,SKU-72019,Sports,1,25.26,25.26
905135,51433,SKU-85274,Apparel,4,56.03,224.12
905136,51433,SKU-20312,Home,2,32.38,64.76
905137,51434,SKU-30478,Sports,3,26.68,80.04
905138,51434,SKU-83025,Home,2,43.04,86.08
905139,51435,SKU-91855,Sports,1,13.4,13.4
905140,51435,SKU-67317,Electronics,3,23.44,70.32
905141,51436,SKU-86158,Apparel,3,16.99,50.97
905142,51436,SKU-57493,Sports,4,26.06,104.24
905143,51437,SKU-83422,Apparel,4,30.51,122.04
905144,51437,SKU-83682,Apparel,1,8.49,8.49
905145,51437,SKU-75598,Home,1,22.97,22.97
905146,51437,SKU-35131,Apparel,1,13.21,13.21
905147,51437,SKU-36333,Apparel,3,15.72,47.16
905148,51438,SKU-18080,Electronics,2,19.65,39.3
905149,51439,SKU-19838,Electronics,1,20.05,20.05
905150,51439,SKU-68314,Home,4,10.19,40.76
905151,51439,SKU-69053,Grocery,4,34.91,139.64
905152,51439,SKU-99985,Electronics,1,39.8,39.8
905153,51440,SKU-62740,Apparel,3,3.97,11.91
905154,51440,SKU-50370,Grocery,4,18.44,73.76
905155,51440,SKU-11843,Sports,4,34.08,136.32
905156,51441,SKU-33514,Apparel,4,5.64,22.56
905157,51441,SKU-36713,Grocery,2,92.0,184.0
905158,51441,SKU-83984,Electronics,4,33.02,132.08
905159,51441,SKU-53913,Home,1,12.76,12.76
905160,51441,SKU-63832,Apparel,2,48.35,96.7
905161,51441,SKU-40947,Electronics,3,44.65,133.95
905162,51442,SKU-30776,Grocery,4,14.04,56.16
905163,51442,SKU-38990,Sports,2,4.5,9.0
905164,51442,SKU-44077,Sports,3,8.39,25.17
905165,51442,SKU-22173,Sports,4,15.49,61.96
905166,51442,SKU-49115,Sports,4,3.54,14.16
905167,51443,SKU-60565,Grocery,1,64.33,64.33
905168,51443,SKU-47968,Home,4,15.7,62.8
905169,51443,SKU-39177,Electronics,2,44.12,88.24
905170,51444,SKU-76236,Grocery,1,93.15,93.15
905171,51444,SKU-64714,Sports,1,36.96,36.96
905172,51444,SKU-30881,Home,3,35.97,107.91
905173,51444,SKU-10709,Apparel,4,20.61,82.44
905174,51444,SKU-53353,Home,3,23.31,69.93
905175,51444,SKU-93302,Sports,4,3.69,14.76
905176,51445,SKU-46205,Sports,4,8.03,32.12
905177,51445,SKU-31596,Apparel,2,13.96,27.92
905178,51446,SKU-86106,Grocery,3,80.81,242.43
905179,51446,SKU-29035,Home,1,57.79,57.79
905180,51446,SKU-65557,Apparel,4,9.24,36.96
905181,51446,SKU-63934,Sports,4,24.1,96.4
905182,51447,SKU-83050,Sports,4,14.28,57.12
905183,51447,SKU-40705,Grocery,2,22.02,44.04
905184,51448,SKU-42930,Home,4,16.86,67.44
905185,51449,SKU-79840,Grocery,1,98.41,98.41
905186,51449,SKU-65330,Home,3,19.57,58.71
905187,51449,SKU-16260,Home,1,13.67,13.67
905188,51450,SKU-17806,Apparel,1,3.03,3.03
905189,51451,SKU-85830,Home,1,25.56,25.56
905190,51451,SKU-78705,Home,2,7.46,14.92
905191,51451,SKU-89348,Apparel,3,18.09,54.27
905192,51451,SKU-63701,Home,1,6.11,6.11
905193,51451,SKU-20491,Grocery,3,6.09,18.27
905194,51452,SKU-50564,Sports,1,44.37,44.37
905195,51452,SKU-48358,Electronics,4,14.05,56.2
905196,51452,SKU-20146,Sports,2,20.36,40.72
905197,51452,SKU-78295,Electronics,1,36.43,36.43
905198,51453,SKU-56904,Home,4,8.49,33.96
905199,51453,SKU-71267,Apparel,4,26.1,104.4
905200,51453,SKU-87710,Home,4,16.82,67.28
905201,51453,SKU-19996,Electronics,4,25.96,103.84
905202,51454,SKU-52571,Sports,3,19.93,59.79
905203,51454,SKU-78190,Home,4,18.31,73.24
905204,51455,SKU-53235,Grocery,4,8.14,32.56
905205,51455,SKU-94129,Apparel,1,17.0,17.0
905206,51455,SKU-13653,Home,3,4.49,13.47
905207,51455,SKU-72330,Apparel,2,26.76,53.52
905208,51455,SKU-63007,Apparel,1,55.05,55.05
905209,51456,SKU-61913,Apparel,1,43.33,43.33
905210,51456,SKU-59266,Grocery,2,24.92,49.84
905211,51456,SKU-24411,Grocery,1,129.27,129.27
905212,51456,SKU-90609,Electronics,3,23.1,69.3
905213,51456,SKU-22395,Sports,3,62.7,188.1
905214,51457,SKU-55273,Sports,2,30.96,61.92
905215,51457,SKU-18266,Home,2,56.1,112.2
905216,51457,SKU-92299,Grocery,1,17.54,17.54
905217,51457,SKU-16466,Sports,4,49.23,196.92
905218,51457,SKU-62018,Apparel,1,8.22,8.22
905219,51458,SKU-48147,Apparel,2,28.43,56.86
905220,51458,SKU-36512,Sports,2,20.1,40.2
905221,51458,SKU-85653,Apparel,4,34.53,138.12
905222,51458,SKU-63127,Sports,4,26.56,106.24
905223,51458,SKU-25832,Apparel,3,11.82,35.46
905224,51459,SKU-54897,Sports,4,20.58,82.32
905225,51459,SKU-90219,Grocery,3,24.4,73.2
905226,51459,SKU-20076,Grocery,1,32.73,32.73
905227,51459,SKU-56842,Sports,2,13.98,27.96
905228,51459,SKU-50845,Electronics,4,7.26,29.04
905229,51460,SKU-78115,Electronics,3,35.08,105.24
905230,51460,SKU-68943,Apparel,1,13.75,13.75
905231,51460,SKU-24140,Apparel,4,8.05,32.2
905232,51460,SKU-92972,Home,1,30.68,30.68
905233,51460,SKU-37729,Electronics,2,12.99,25.98
905234,51461,SKU-16577,Grocery,4,26.03,104.12
905235,51461,SKU-41306,Apparel,3,23.49,70.47
905236,51461,SKU-56078,Sports,2,18.98,37.96
905237,51461,SKU-96160,Sports,4,33.27,133.08
905238,51462,SKU-91689,Sports,2,22.72,45.44
905239,51462,SKU-16138,Electronics,1,7.11,7.11
905240,51463,SKU-22677,Home,3,25.72,77.16
905241,51463,SKU-79560,Apparel,1,3.66,3.66
905242,51464,SKU-11381,Apparel,3,19.7,59.1
905243,51464,SKU-19268,Home,1,7.99,7.99
905244,51464,SKU-80898,Grocery,2,18.14,36.28
905245,51464,SKU-96316,Electronics,4,35.2,140.8
905246,51465,SKU-37124,Home,2,37.49,74.98
905247,51465,SKU-20159,Electronics,4,57.27,229.08
905248,51466,SKU-46593,Home,4,15.75,63.0
905249,51467,SKU-31888,Grocery,2,35.55,71.1
905250,51467,SKU-98043,Sports,1,29.93,29.93
905251,51467,SKU-66030,Sports,4,18.38,73.52
905252,51468,SKU-38161,Electronics,1,67.32,67.32
905253,51468,SKU-23123,Electronics,4,23.53,94.12
905254,51468,SKU-37287,Home,3,20.39,61.17
905255,51468,SKU-20759,Sports,1,15.75,15.75
905256,51468,SKU-80705,Sports,4,17.16,68.64
905257,51469,SKU-36518,Home,4,18.04,72.16
905258,51469,SKU-61437,Electronics,3,12.11,36.33
905259,51469,SKU-87675,Home,1,9.72,9.72
905260,51469,SKU-31318,Grocery,2,13.87,27.74
905261,51470,SKU-91667,Grocery,1,14.9,14.9
905262,51470,SKU-15817,Electronics,2,10.1,20.2
905263,51470,SKU-57207,Home,1,23.36,23.36
905264,51470,SKU-78380,Electronics,4,37.16,148.64
905265,51470,SKU-45615,Home,3,8.74,26.22
905266,51471,SKU-58883,Sports,2,32.72,65.44
905267,51471,SKU-13512,Sports,3,26.34,79.02
905268,51471,SKU-96250,Sports,2,10.07,20.14
905269,51471,SKU-96237,Sports,4,36.72,146.88
905270,51471,SKU-10373,Sports,3,20.32,60.96
905271,51471,SKU-16952,Apparel,4,28.8,115.2
905272,51472,SKU-82716,Grocery,2,5.28,10.56
905273,51472,SKU-30120,Home,1,44.84,44.84
905274,51472,SKU-48996,Apparel,4,21.45,85.8
905275,51473,SKU-51823,Electronics,3,10.12,30.36
905276,51474,SKU-14183,Home,4,10.33,41.32
905277,51475,SKU-12925,Sports,2,21.18,42.36
905278,51475,SKU-51014,Apparel,2,35.08,70.16
905279,51475,SKU-27648,Grocery,2,26.09,52.18
905280,51475,SKU-46952,Grocery,1,20.11,20.11
905281,51476,SKU-17888,Home,1,5.25,5.25
905282,51476,SKU-36008,Grocery,2,24.35,48.7
905283,51476,SKU-10189,Sports,1,21.16,21.16
905284,51476,SKU-93020,Home,3,13.5,40.5
905285,51477,SKU-53363,Home,1,36.81,36.81
905286,51478,SKU-92569,Grocery,2,48.17,96.34
905287,51479,SKU-65064,Apparel,2,74.34,148.68
905288,51480,SKU-66652,Home,1,26.72,26.72
905289,51481,SKU-68341,Electronics,3,122.37,367.11
905290,51481,SKU-62229,Apparel,3,5.89,17.67
905291,51481,SKU-84809,Grocery,2,15.73,31.46
905292,51482,SKU-26164,Home,2,23.19,46.38
905293,51483,SKU-36781,Home,3,7.81,23.43
905294,51484,SKU-18787,Home,2,121.48,242.96
905295,51485,SKU-10770,Grocery,4,43.11,172.44
905296,51485,SKU-56294,Sports,2,27.01,54.02
905297,51485,SKU-89772,Home,3,15.11,45.33
905298,51485,SKU-83397,Sports,4,30.47,121.88
905299,51485,SKU-61245,Sports,4,11.03,44.12
905300,51485,SKU-49734,Electronics,4,32.83,131.32
905301,51486,SKU-42368,Sports,2,21.57,43.14
905302,51486,SKU-78294,Grocery,4,20.98,83.92
905303,51486,SKU-23730,Apparel,4,25.44,101.76
905304,51486,SKU-28766,Apparel,1,39.7,39.7
905305,51487,SKU-22835,Sports,3,4.74,14.22
905306,51487,SKU-39429,Sports,2,115.63,231.26
905307,51487,SKU-71006,Electronics,3,12.56,37.68
905308,51488,SKU-20189,Apparel,1,44.9,44.9
905309,51488,SKU-69366,Apparel,4,56.26,225.04
905310,51488,SKU-30354,Home,4,64.43,257.72
905311,51489,SKU-84899,Home,4,43.03,172.12
905312,51489,SKU-69352,Sports,3,7.04,21.12
905313,51489,SKU-22055,Grocery,3,8.31,24.93
905314,51489,SKU-75849,Electronics,2,9.84,19.68
905315,51489,SKU-81824,Grocery,4,84.39,337.56
905316,51489,SKU-63498,Electronics,2,18.68,37.36
905317,51490,SKU-43039,Apparel,2,25.43,50.86
905318,51490,SKU-26351,Home,4,13.2,52.8
905319,51490,SKU-70134,Grocery,2,50.19,100.38
905320,51491,SKU-80773,Electronics,2,51.73,103.46
905321,51491,SKU-17910,Sports,3,28.68,86.04
905322,51491,SKU-37917,Apparel,2,18.33,36.66
905323,51492,SKU-17659,Home,4,14.49,57.96
905324,51492,SKU-86844,Electronics,2,38.04,76.08
905325,51492,SKU-31354,Apparel,4,12.17,48.68
905326,51492,SKU-32344,Electronics,4,10.98,43.92
905327,51492,SKU-58242,Home,4,33.54,134.16
905328,51493,SKU-95982,Home,2,20.16,40.32
905329,51493,SKU-17782,Sports,3,26.6,79.8
905330,51493,SKU-95596,Sports,1,29.82,29.82
905331,51494,SKU-39878,Electronics,1,30.73,30.73
905332,51494,SKU-67991,Sports,1,36.7,36.7
905333,51494,SKU-45926,Grocery,2,8.92,17.84
905334,51494,SKU-29117,Home,3,25.06,75.18
905335,51494,SKU-22980,Grocery,3,112.16,336.48
905336,51494,SKU-17646,Home,3,32.35,97.05
905337,51495,SKU-23640,Sports,4,13.53,54.12
905338,51495,SKU-72533,Electronics,2,23.06,46.12
905339,51496,SKU-15935,Electronics,2,17.22,34.44
905340,51496,SKU-70160,Grocery,4,5.49,21.96
905341,51496,SKU-14182,Home,3,14.6,43.8
905342,51497,SKU-36817,Apparel,4,13.8,55.2
905343,51497,SKU-15151,Sports,1,65.65,65.65
905344,51498,SKU-44018,Apparel,3,57.82,173.46
905345,51499,SKU-70257,Grocery,2,38.49,76.98
905346,51499,SKU-50189,Sports,4,10.86,43.44
905347,51500,SKU-55072,Electronics,2,18.02,36.04
905348,51500,SKU-78968,Electronics,4,13.52,54.08
905349,51500,SKU-48272,Apparel,4,22.31,89.24
905350,51500,SKU-96542,Electronics,4,21.07,84.28
905351,51501,SKU-89911,Home,2,14.26,28.52
905352,51501,SKU-25923,Grocery,2,7.53,15.06
905353,51501,SKU-84183,Apparel,1,10.99,10.99
905354,51502,SKU-92867,Sports,2,30.91,61.82
905355,51502,SKU-36750,Sports,3,31.41,94.23
905356,51503,SKU-96613,Grocery,4,31.88,127.52
905357,51503,SKU-33242,Home,3,13.57,40.71
905358,51503,SKU-20967,Electronics,1,18.62,18.62
905359,51503,SKU-28184,Apparel,2,81.25,162.5
905360,51504,SKU-29900,Electronics,2,9.77,19.54
905361,51504,SKU-27609,Apparel,3,12.45,37.35
905362,51504,SKU-84564,Apparel,4,84.35,337.4
905363,51505,SKU-60586,Home,3,34.58,103.74
905364,51506,SKU-21085,Electronics,1,19.94,19.94
905365,51506,SKU-44237,Sports,1,33.52,33.52
905366,51506,SKU-42970,Electronics,2,20.06,40.12
905367,51506,SKU-94663,Sports,1,28.07,28.07
905368,51506,SKU-11029,Sports,1,16.58,16.58
905369,51506,SKU-14062,Sports,3,34.72,104.16
905370,51507,SKU-20221,Grocery,1,13.37,13.37
905371,51507,SKU-74291,Home,3,10.23,30.69
905372,51508,SKU-52131,Grocery,2,14.72,29.44
905373,51508,SKU-15050,Grocery,3,14.31,42.93
905374,51508,SKU-65024,Electronics,3,4.4,13.2
905375,51509,SKU-38977,Apparel,1,28.78,28.78
905376,51509,SKU-34423,Grocery,1,16.03,16.03
905377,51509,SKU-64237,Sports,2,33.22,66.44
905378,51509,SKU-30193,Home,4,34.74,138.96
905379,51509,SKU-52871,Sports,1,39.53,39.53
905380,51509,SKU-83948,Electronics,4,63.11,252.44
905381,51510,SKU-84128,Sports,4,49.26,197.04
905382,51510,SKU-38545,Home,3,11.22,33.66
905383,51511,SKU-99981,Sports,3,30.29,90.87
905384,51511,SKU-31973,Sports,4,9.99,39.96
905385,51511,SKU-51983,Sports,2,45.76,91.52
905386,51511,SKU-83007,Grocery,3,25.32,75.96
905387,51512,SKU-22577,Sports,3,11.85,35.55
905388,51512,SKU-64049,Grocery,4,8.63,34.52
905389,51512,SKU-16634,Sports,4,10.02,40.08
905390,51512,SKU-30471,Grocery,3,10.33,30.99
905391,51512,SKU-93957,Electronics,3,36.25,108.75
905392,51513,SKU-88609,Grocery,4,10.03,40.12
905393,51513,SKU-14279,Electronics,1,74.2,74.2
905394,51513,SKU-86853,Electronics,4,40.64,162.56
905395,51513,SKU-56232,Home,1,10.16,10.16
905396,51513,SKU-77131,Apparel,4,15.47,61.88
905397,51514,SKU-27742,Home,3,23.83,71.49
905398,51514,SKU-64826,Electronics,4,27.01,108.04
905399,51514,SKU-34668,Sports,3,19.87,59.61
905400,51514,SKU-37118,Grocery,1,24.42,24.42
905401,51514,SKU-43333,Electronics,1,28.42,28.42
905402,51515,SKU-65236,Home,2,11.22,22.44
905403,51515,SKU-15940,Grocery,4,37.43,149.72
905404,51515,SKU-64216,Sports,3,19.28,57.84
905405,51515,SKU-32820,Apparel,3,74.37,223.11
905406,51516,SKU-63174,Grocery,2,68.62,137.24
905407,51517,SKU-28444,Apparel,2,31.86,63.72
905408,51517,SKU-47129,Home,1,15.67,15.67
905409,51517,SKU-27191,Apparel,3,16.45,49.35
905410,51517,SKU-27174,Electronics,2,23.71,47.42
905411,51517,SKU-37704,Sports,1,8.38,8.38
905412,51517,SKU-40132,Electronics,4,34.99,139.96
905413,51518,SKU-37558,Electronics,1,14.11,14.11
905414,51518,SKU-59563,Home,3,28.32,84.96
905415,51518,SKU-84303,Grocery,2,26.8,53.6
905416,51518,SKU-28572,Grocery,1,71.02,71.02
905417,51519,SKU-49691,Apparel,3,57.7,173.1
905418,51519,SKU-71377,Grocery,2,19.64,39.28
905419,51520,SKU-43609,Grocery,4,35.29,141.16
905420,51521,SKU-98615,Apparel,3,70.32,210.96
905421,51522,SKU-96308,Grocery,2,92.76,185.52
905422,51522,SKU-66242,Electronics,2,9.29,18.58
905423,51522,SKU-64637,Electronics,1,35.64,35.64
905424,51522,SKU-28147,Apparel,1,47.58,47.58
905425,51522,SKU-49408,Electronics,2,11.23,22.46
905426,51523,SKU-23969,Apparel,2,81.79,163.58
905427,51523,SKU-16237,Home,1,6.97,6.97
905428,51524,SKU-56826,Electronics,4,9.47,37.88
905429,51524,SKU-12216,Grocery,4,37.54,150.16
905430,51524,SKU-40432,Grocery,2,47.85,95.7
905431,51524,SKU-21027,Electronics,4,5.65,22.6
905432,51525,SKU-94105,Sports,4,10.32,41.28
905433,51525,SKU-28816,Grocery,4,14.51,58.04
905434,51525,SKU-51543,Sports,4,35.84,143.36
905435,51526,SKU-10617,Sports,4,10.59,42.36
905436,51526,SKU-49783,Sports,3,49.72,149.16
905437,51527,SKU-37036,Grocery,1,29.72,29.72
905438,51527,SKU-17765,Grocery,2,40.6,81.2
905439,51527,SKU-81308,Electronics,3,61.38,184.14
905440,51528,SKU-91747,Home,4,34.17,136.68
905441,51528,SKU-55597,Electronics,3,12.88,38.64
905442,51528,SKU-27872,Grocery,4,16.81,67.24
905443,51529,SKU-50017,Apparel,2,22.66,45.32
905444,51529,SKU-94997,Home,2,7.7,15.4
905445,51529,SKU-30764,Grocery,3,20.17,60.51
905446,51530,SKU-32659,Apparel,1,55.26,55.26
905447,51530,SKU-95258,Apparel,2,11.72,23.44
905448,51531,SKU-20623,Sports,3,36.98,110.94
905449,51532,SKU-23766,Sports,1,16.27,16.27
905450,51532,SKU-67477,Home,2,4.68,9.36
905451,51532,SKU-24440,Sports,2,36.42,72.84
905452,51532,SKU-26027,Sports,4,37.8,151.2
905453,51532,SKU-52648,Grocery,2,15.49,30.98
905454,51532,SKU-71390,Sports,2,18.29,36.58
905455,51533,SKU-63680,Grocery,4,56.97,227.88
905456,51533,SKU-50408,Sports,1,19.18,19.18
905457,51533,SKU-33637,Grocery,4,11.22,44.88
905458,51533,SKU-95705,Grocery,2,12.81,25.62
905459,51534,SKU-15946,Apparel,2,8.55,17.1
905460,51535,SKU-56086,Home,4,13.38,53.52
905461,51536,SKU-23772,Electronics,1,25.08,25.08
905462,51536,SKU-14466,Sports,3,23.62,70.86
905463,51536,SKU-86376,Sports,3,17.72,53.16
905464,51536,SKU-71653,Grocery,2,18.76,37.52
905465,51536,SKU-90802,Sports,1,28.64,28.64
905466,51536,SKU-38102,Electronics,1,32.8,32.8
905467,51537,SKU-54969,Sports,3,4.63,13.89
905468,51537,SKU-12719,Grocery,3,22.79,68.37
905469,51537,SKU-61522,Sports,3,14.14,42.42
905470,51537,SKU-71468,Grocery,3,19.18,57.54
905471,51537,SKU-17050,Grocery,3,17.34,52.02
905472,51537,SKU-99499,Sports,3,6.45,19.35
905473,51538,SKU-49113,Home,3,26.23,78.69
905474,51538,SKU-45654,Apparel,3,10.99,32.97
905475,51538,SKU-30292,Sports,2,20.2,40.4
905476,51538,SKU-52944,Sports,3,61.41,184.23
905477,51538,SKU-95902,Apparel,4,73.94,295.76
905478,51538,SKU-59328,Home,4,14.32,57.28
905479,51539,SKU-44779,Apparel,1,16.81,16.81
905480,51539,SKU-97582,Electronics,4,13.01,52.04
905481,51539,SKU-12648,Apparel,1,8.74,8.74
905482,51540,SKU-64245,Sports,2,34.57,69.14
905483,51540,SKU-34517,Home,1,47.53,47.53
905484,51540,SKU-37393,Electronics,1,27.69,27.69
905485,51540,SKU-87032,Grocery,2,66.16,132.32
905486,51540,SKU-90104,Electronics,4,12.88,51.52
905487,51540,SKU-19637,Sports,2,15.66,31.32
905488,51541,SKU-89567,Home,4,30.82,123.28
905489,51542,SKU-29625,Electronics,1,6.74,6.74
905490,51543,SKU-23266,Apparel,2,19.71,39.42
905491,51543,SKU-10400,Electronics,3,56.99,170.97
905492,51543,SKU-52950,Electronics,1,32.95,32.95
905493,51543,SKU-86202,Grocery,4,10.84,43.36
905494,51543,SKU-32138,Sports,4,26.8,107.2
905495,51543,SKU-66422,Sports,3,30.79,92.37
905496,51544,SKU-40970,Home,1,20.9,20.9
905497,51544,SKU-57813,Sports,2,24.09,48.18
905498,51545,SKU-24059,Home,2,36.33,72.66
905499,51545,SKU-28715,Apparel,4,2.79,11.16
905500,51545,SKU-44257,Grocery,4,17.42,69.68
905501,51545,SKU-91440,Apparel,1,34.16,34.16
905502,51545,SKU-94174,Sports,1,79.06,79.06
905503,51546,SKU-12863,Home,1,70.23,70.23
905504,51546,SKU-24927,Grocery,3,14.63,43.89
905505,51547,SKU-88078,Sports,2,22.79,45.58
905506,51547,SKU-33132,Sports,3,10.06,30.18
905507,51547,SKU-77801,Home,3,24.93,74.79
905508,51547,SKU-79910,Sports,2,5.51,11.02
905509,51547,SKU-21396,Home,4,33.03,132.12
905510,51548,SKU-19011,Sports,3,15.8,47.4
905511,51548,SKU-76068,Grocery,3,34.9,104.7
905512,51548,SKU-38589,Apparel,4,10.71,42.84
905513,51548,SKU-21008,Electronics,3,20.67,62.01
905514,51548,SKU-61263,Home,2,5.7,11.4
905515,51549,SKU-54656,Sports,3,29.63,88.89
905516,51550,SKU-31486,Apparel,4,12.01,48.04
905517,51551,SKU-20912,Electronics,1,4.01,4.01
905518,51552,SKU-19724,Home,1,26.32,26.32
905519,51552,SKU-86166,Sports,4,20.89,83.56
905520,51552,SKU-38140,Sports,1,12.43,12.43
905521,51552,SKU-73366,Sports,4,15.6,62.4
905522,51552,SKU-44930,Electronics,1,31.04,31.04
905523,51552,SKU-82656,Grocery,2,18.42,36.84
905524,51553,SKU-23942,Apparel,1,17.55,17.55
905525,51554,SKU-68224,Home,3,21.03,63.09
905526,51554,SKU-11343,Electronics,2,23.51,47.02
905527,51554,SKU-54141,Home,2,22.46,44.92
905528,51554,SKU-67458,Apparel,1,48.28,48.28
905529,51554,SKU-27099,Grocery,1,30.88,30.88
905530,51555,SKU-43965,Sports,4,21.87,87.48
905531,51555,SKU-62818,Home,4,44.8,179.2
905532,51555,SKU-71898,Apparel,2,34.45,68.9
905533,51555,SKU-33863,Apparel,1,18.91,18.91
905534,51555,SKU-96748,Grocery,3,12.17,36.51
905535,51555,SKU-75408,Sports,4,10.39,41.56
905536,51556,SKU-22121,Electronics,3,28.09,84.27
905537,51556,SKU-30196,Home,4,6.45,25.8
905538,51557,SKU-61002,Apparel,2,27.18,54.36
905539,51557,SKU-85167,Sports,1,24.89,24.89
905540,51558,SKU-25088,Sports,2,33.9,67.8
905541,51558,SKU-87702,Apparel,1,24.83,24.83
905542,51559,SKU-38728,Sports,2,17.23,34.46
905543,51559,SKU-76111,Home,4,28.93,115.72
905544,51559,SKU-17340,Electronics,1,5.08,5.08
905545,51560,SKU-76030,Sports,2,13.61,27.22
905546,51560,SKU-28554,Sports,4,73.67,294.68
905547,51560,SKU-40182,Electronics,2,19.97,39.94
905548,51560,SKU-95137,Home,1,21.44,21.44
905549,51560,SKU-23446,Apparel,4,36.24,144.96
905550,51560,SKU-94249,Apparel,1,22.24,22.24
905551,51561,SKU-80784,Apparel,4,24.79,99.16
905552,51561,SKU-18315,Electronics,2,23.95,47.9
905553,51562,SKU-66955,Electronics,4,9.64,38.56
905554,51562,SKU-39468,Grocery,2,11.96,23.92
905555,51563,SKU-74103,Grocery,4,66.32,265.28
905556,51563,SKU-21667,Grocery,1,53.55,53.55
905557,51563,SKU-50708,Sports,4,8.46,33.84
905558,51563,SKU-93652,Home,3,18.05,54.15
905559,51564,SKU-49637,Apparel,1,30.29,30.29
905560,51564,SKU-22812,Apparel,4,59.16,236.64
905561,51565,SKU-58875,Electronics,3,8.8,26.4
905562,51565,SKU-78314,Sports,1,33.38,33.38
905563,51566,SKU-47239,Sports,4,17.63,70.52
905564,51566,SKU-63481,Home,3,1.86,5.58
905565,51566,SKU-32496,Grocery,1,41.19,41.19
905566,51566,SKU-16273,Apparel,2,16.4,32.8
905567,51567,SKU-33176,Electronics,1,24.46,24.46
905568,51567,SKU-92441,Sports,2,6.43,12.86
905569,51567,SKU-25420,Sports,3,48.52,145.56
905570,51567,SKU-65802,Home,4,22.5,90.0
905571,51567,SKU-18315,Home,4,8.06,32.24
905572,51567,SKU-32414,Apparel,3,20.88,62.64
905573,51568,SKU-60555,Sports,4,17.9,71.6
905574,51568,SKU-87045,Home,2,36.23,72.46
905575,51568,SKU-68055,Electronics,1,10.65,10.65
905576,51568,SKU-93776,Sports,3,20.62,61.86
905577,51568,SKU-48435,Grocery,2,20.46,40.92
905578,51568,SKU-60612,Electronics,2,69.71,139.42
905579,51569,SKU-70070,Grocery,3,18.2,54.6
905580,51569,SKU-77511,Grocery,4,88.22,352.88
905581,51569,SKU-86662,Grocery,4,14.46,57.84
905582,51569,SKU-59179,Home,1,29.68,29.68
905583,51569,SKU-90722,Grocery,2,17.45,34.9
905584,51569,SKU-66545,Grocery,3,26.81,80.43
905585,51570,SKU-22055,Sports,2,8.93,17.86
905586,51570,SKU-15393,Electronics,1,53.14,53.14
905587,51570,SKU-81916,Apparel,3,39.18,117.54
905588,51570,SKU-54903,Apparel,4,42.62,170.48
905589,51570,SKU-31211,Electronics,2,37.63,75.26
905590,51570,SKU-54136,Grocery,2,26.72,53.44
905591,51571,SKU-27824,Home,3,52.16,156.48
905592,51571,SKU-77149,Apparel,1,14.23,14.23
905593,51572,SKU-78790,Apparel,3,27.72,83.16
905594,51572,SKU-27694,Sports,1,14.79,14.79
905595,51572,SKU-17790,Electronics,1,16.02,16.02
905596,51572,SKU-19351,Electronics,4,18.81,75.24
905597,51572,SKU-33253,Grocery,2,25.43,50.86
905598,51573,SKU-20716,Electronics,2,19.24,38.48
905599,51573,SKU-47847,Home,4,18.88,75.52
905600,51573,SKU-55437,Grocery,3,9.89,29.67
905601,51574,SKU-31479,Grocery,4,27.2,108.8
905602,51574,SKU-59387,Home,1,28.08,28.08
905603,51574,SKU-55279,Home,2,4.68,9.36
905604,51574,SKU-75707,Apparel,4,8.84,35.36
905605,51574,SKU-28257,Grocery,4,4.14,16.56
905606,51575,SKU-34099,Home,2,9.24,18.48
905607,51575,SKU-75804,Grocery,3,46.34,139.02
905608,51575,SKU-95271,Apparel,3,41.74,125.22
905609,51576,SKU-21949,Apparel,3,5.93,17.79
905610,51576,SKU-94015,Home,1,32.25,32.25
905611,51576,SKU-31114,Apparel,2,30.47,60.94
905612,51576,SKU-57957,Home,3,41.06,123.18
905613,51576,SKU-11643,Grocery,3,102.36,307.08
905614,51577,SKU-23830,Electronics,3,40.88,122.64
905615,51578,SKU-97285,Sports,3,45.02,135.06
905616,51578,SKU-61609,Home,1,10.31,10.31
905617,51578,SKU-22149,Sports,1,15.59,15.59
905618,51578,SKU-34744,Apparel,4,15.19,60.76
905619,51579,SKU-23576,Apparel,1,57.52,57.52
905620,51579,SKU-43744,Apparel,1,15.41,15.41
905621,51580,SKU-92011,Grocery,4,29.68,118.72
905622,51580,SKU-63607,Apparel,3,40.21,120.63
905623,51580,SKU-44949,Home,1,25.42,25.42
905624,51580,SKU-49463,Sports,1,24.9,24.9
905625,51581,SKU-36883,Apparel,3,18.16,54.48
905626,51581,SKU-49608,Electronics,3,26.82,80.46
905627,51581,SKU-70504,Sports,2,23.56,47.12
905628,51581,SKU-49426,Apparel,2,22.82,45.64
905629,51582,SKU-35370,Grocery,1,10.75,10.75
905630,51582,SKU-36571,Apparel,1,8.64,8.64
905631,51582,SKU-98193,Electronics,2,7.46,14.92
905632,51582,SKU-11556,Grocery,3,13.48,40.44
905633,51582,SKU-88468,Grocery,2,25.53,51.06
905634,51583,SKU-94712,Sports,1,20.98,20.98
905635,51583,SKU-45067,Grocery,4,51.2,204.8
905636,51583,SKU-69911,Grocery,2,10.11,20.22
905637,51583,SKU-57373,Sports,4,19.11,76.44
905638,51583,SKU-27147,Home,4,43.55,174.2
905639,51583,SKU-31407,Electronics,3,13.8,41.4
905640,51584,SKU-15552,Sports,4,10.11,40.44
905641,51584,SKU-56147,Home,2,15.94,31.88
905642,51584,SKU-69865,Apparel,4,21.01,84.04
905643,51584,SKU-79603,Sports,3,45.35,136.05
905644,51584,SKU-48219,Home,1,18.52,18.52
905645,51585,SKU-97644,Home,1,12.09,12.09
905646,51585,SKU-38235,Apparel,3,46.02,138.06
905647,51585,SKU-10628,Electronics,1,38.04,38.04
905648,51586,SKU-28626,Sports,3,9.62,28.86
905649,51586,SKU-91585,Apparel,2,30.13,60.26
905650,51587,SKU-50127,Sports,1,25.14,25.14
905651,51587,SKU-34372,Home,2,23.33,46.66
905652,51588,SKU-29390,Grocery,2,8.78,17.56
905653,51588,SKU-75780,Apparel,1,43.76,43.76
905654,51588,SKU-58439,Sports,3,57.38,172.14
905655,51588,SKU-27970,Sports,3,5.27,15.81
905656,51588,SKU-71395,Home,4,42.48,169.92
905657,51588,SKU-13539,Electronics,1,13.88,13.88
905658,51589,SKU-52670,Electronics,3,17.09,51.27
905659,51590,SKU-10725,Grocery,1,11.29,11.29
905660,51590,SKU-42038,Home,1,77.55,77.55
905661,51590,SKU-72612,Grocery,3,15.0,45.0
905662,51591,SKU-77080,Electronics,2,29.18,58.36
905663,51592,SKU-14750,Electronics,2,33.3,66.6
905664,51593,SKU-57755,Home,1,28.38,28.38
905665,51593,SKU-29094,Grocery,2,69.33,138.66
905666,51593,SKU-14142,Grocery,4,20.04,80.16
905667,51593,SKU-33949,Apparel,4,51.95,207.8
905668,51593,SKU-74230,Grocery,1,8.18,8.18
905669,51594,SKU-84911,Grocery,2,49.73,99.46
905670,51595,SKU-39661,Grocery,3,42.64,127.92
905671,51596,SKU-62937,Home,1,20.1,20.1
905672,51596,SKU-38485,Sports,2,48.19,96.38
905673,51596,SKU-81177,Grocery,3,12.99,38.97
905674,51596,SKU-11282,Sports,2,17.8,35.6
905675,51596,SKU-24960,Sports,1,15.13,15.13
905676,51596,SKU-56132,Sports,2,16.6,33.2
905677,51597,SKU-21388,Sports,4,7.34,29.36
905678,51597,SKU-96835,Apparel,4,29.72,118.88
905679,51597,SKU-85862,Apparel,2,44.66,89.32
905680,51597,SKU-83718,Apparel,1,20.41,20.41
905681,51597,SKU-10023,Home,2,16.88,33.76
905682,51597,SKU-32208,Electronics,3,6.92,20.76
905683,51598,SKU-22074,Apparel,2,17.84,35.68
905684,51598,SKU-57181,Sports,2,20.59,41.18
905685,51598,SKU-25730,Apparel,1,47.27,47.27
905686,51599,SKU-37398,Grocery,1,35.82,35.82
905687,51599,SKU-45449,Apparel,1,13.94,13.94
905688,51599,SKU-82082,Grocery,4,16.9,67.6
905689,51599,SKU-35297,Sports,1,17.68,17.68
905690,51599,SKU-94580,Sports,4,11.69,46.76
905691,51600,SKU-82048,Electronics,2,18.86,37.72
905692,51601,SKU-18917,Sports,2,14.19,28.38
905693,51601,SKU-70330,Home,4,24.3,97.2
905694,51601,SKU-98858,Apparel,4,21.52,86.08
905695,51601,SKU-96342,Electronics,2,18.95,37.9
905696,51602,SKU-57157,Home,3,9.15,27.45
905697,51603,SKU-93604,Grocery,4,30.0,120.0
905698,51603,SKU-43580,Electronics,3,47.31,141.93
905699,51603,SKU-50995,Sports,2,42.18,84.36
905700,51604,SKU-80899,Electronics,4,13.74,54.96
905701,51604,SKU-46231,Sports,2,16.7,33.4
905702,51604,SKU-57544,Home,3,20.68,62.04
905703,51605,SKU-87868,Grocery,1,12.64,12.64
905704,51605,SKU-96655,Electronics,2,22.61,45.22
905705,51606,SKU-64509,Apparel,1,47.65,47.65
905706,51606,SKU-33489,Electronics,2,30.09,60.18
905707,51606,SKU-97022,Apparel,3,10.46,31.38
905708,51606,SKU-40416,Grocery,1,9.57,9.57
905709,51606,SKU-60829,Sports,2,15.01,30.02
905710,51607,SKU-76968,Sports,4,26.49,105.96
905711,51607,SKU-54052,Home,4,95.59,382.36
905712,51607,SKU-52303,Sports,1,12.7,12.7
905713,51607,SKU-15410,Home,1,18.71,18.71
905714,51607,SKU-14399,Apparel,4,35.91,143.64
905715,51608,SKU-84170,Grocery,3,36.91,110.73
905716,51608,SKU-38240,Grocery,1,10.27,10.27
905717,51609,SKU-19360,Grocery,3,14.1,42.3
905718,51609,SKU-67638,Grocery,4,47.33,189.32
905719,51609,SKU-92809,Apparel,3,73.33,219.99
905720,51609,SKU-75320,Home,3,44.44,133.32
905721,51610,SKU-29636,Home,2,14.37,28.74
905722,51610,SKU-30058,Sports,2,20.02,40.04
905723,51610,SKU-77425,Grocery,4,19.14,76.56
905724,51610,SKU-43190,Sports,2,8.41,16.82
905725,51610,SKU-20009,Electronics,1,11.72,11.72
905726,51611,SKU-98588,Grocery,4,57.02,228.08
905727,51612,SKU-77088,Grocery,3,11.32,33.96
905728,51612,SKU-90912,Sports,3,7.1,21.3
905729,51613,SKU-60854,Grocery,4,6.17,24.68
905730,51613,SKU-14966,Sports,3,40.55,121.65
905731,51613,SKU-42629,Electronics,1,15.36,15.36
905732,51614,SKU-76558,Grocery,3,34.74,104.22
905733,51614,SKU-84859,Apparel,2,12.12,24.24
905734,51614,SKU-63678,Electronics,3,40.91,122.73
905735,51614,SKU-79923,Grocery,1,25.06,25.06
905736,51615,SKU-70406,Home,2,14.13,28.26
905737,51615,SKU-88748,Apparel,4,82.76,331.04
905738,51615,SKU-21891,Electronics,2,7.09,14.18
905739,51615,SKU-54570,Electronics,3,7.11,21.33
905740,51615,SKU-81395,Apparel,1,8.53,8.53
905741,51615,SKU-19995,Sports,3,33.39,100.17
905742,51616,SKU-40374,Electronics,1,52.46,52.46
905743,51617,SKU-16350,Home,1,44.11,44.11
905744,51617,SKU-63278,Electronics,2,9.7,19.4
905745,51617,SKU-41110,Sports,3,48.01,144.03
905746,51617,SKU-91140,Grocery,4,35.56,142.24
905747,51617,SKU-52119,Home,1,55.4,55.4
905748,51617,SKU-19783,Sports,1,11.93,11.93
905749,51618,SKU-39249,Sports,1,9.68,9.68
905750,51618,SKU-85122,Grocery,2,13.38,26.76
905751,51618,SKU-19575,Grocery,1,12.92,12.92
905752,51618,SKU-34744,Electronics,2,17.7,35.4
905753,51619,SKU-23357,Electronics,1,20.74,20.74
905754,51619,SKU-50317,Home,3,35.04,105.12
905755,51620,SKU-95230,Grocery,1,24.49,24.49
905756,51620,SKU-69470,Apparel,3,50.73,152.19
905757,51620,SKU-40349,Electronics,1,23.88,23.88
905758,51620,SKU-52272,Apparel,4,7.39,29.56
905759,51620,SKU-26326,Apparel,2,4.56,9.12
905760,51621,SKU-77928,Apparel,3,23.12,69.36
905761,51621,SKU-10162,Apparel,2,31.26,62.52
905762,51621,SKU-77230,Home,3,20.26,60.78
905763,51621,SKU-33911,Home,1,46.55,46.55
905764,51622,SKU-18890,Grocery,2,27.93,55.86
905765,51622,SKU-77508,Apparel,1,9.41,9.41
905766,51622,SKU-30783,Electronics,1,10.56,10.56
905767,51622,SKU-48985,Electronics,2,24.93,49.86
905768,51623,SKU-86981,Home,2,14.39,28.78
905769,51623,SKU-38034,Home,1,13.94,13.94
905770,51623,SKU-49895,Electronics,3,32.13,96.39
905771,51623,SKU-75506,Apparel,3,24.84,74.52
905772,51623,SKU-51892,Grocery,3,24.93,74.79
905773,51623,SKU-21638,Sports,2,34.94,69.88
905774,51624,SKU-64174,Sports,1,51.74,51.74
905775,51625,SKU-95252,Grocery,1,43.94,43.94
905776,51625,SKU-46189,Sports,3,65.87,197.61
905777,51625,SKU-38670,Apparel,1,19.45,19.45
905778,51625,SKU-15445,Electronics,3,52.39,157.17
905779,51625,SKU-23517,Sports,4,17.35,69.4
905780,51625,SKU-75397,Home,4,10.39,41.56
905781,51626,SKU-56632,Grocery,1,29.49,29.49
905782,51626,SKU-49517,Home,1,51.68,51.68
905783,51626,SKU-81094,Apparel,4,16.74,66.96
905784,51627,SKU-79286,Electronics,3,18.77,56.31
905785,51627,SKU-48491,Electronics,2,47.6,95.2
905786,51627,SKU-39682,Grocery,1,56.0,56.0
905787,51628,SKU-68660,Electronics,4,33.41,133.64
905788,51628,SKU-54951,Sports,4,59.87,239.48
905789,51628,SKU-22735,Electronics,4,27.42,109.68
905790,51628,SKU-96935,Grocery,1,20.72,20.72
905791,51629,SKU-57480,Home,1,20.06,20.06
905792,51629,SKU-43865,Sports,3,109.51,328.53
905793,51629,SKU-95830,Sports,1,86.64,86.64
905794,51630,SKU-82696,Apparel,3,55.76,167.28
905795,51630,SKU-99071,Apparel,1,23.29,23.29
905796,51630,SKU-57298,Home,3,46.04,138.12
905797,51630,SKU-76973,Sports,4,117.74,470.96
905798,51630,SKU-13551,Sports,1,36.38,36.38
905799,51630,SKU-36323,Grocery,3,15.4,46.2
905800,51631,SKU-91421,Electronics,2,31.25,62.5
905801,51631,SKU-81327,Sports,2,47.86,95.72
905802,51632,SKU-90034,Apparel,2,20.74,41.48
905803,51632,SKU-50194,Home,1,22.52,22.52
905804,51632,SKU-56205,Apparel,1,50.27,50.27
905805,51632,SKU-34333,Sports,2,2.36,4.72
905806,51633,SKU-95399,Home,4,21.62,86.48
905807,51633,SKU-86271,Home,1,27.27,27.27
905808,51634,SKU-71388,Electronics,1,23.75,23.75
905809,51634,SKU-39257,Grocery,1,148.06,148.06
905810,51634,SKU-24201,Electronics,1,8.35,8.35
905811,51634,SKU-22974,Electronics,2,23.05,46.1
905812,51634,SKU-58761,Apparel,4,16.23,64.92
905813,51634,SKU-32856,Electronics,2,18.67,37.34
905814,51635,SKU-60192,Electronics,3,12.38,37.14
905815,51636,SKU-13825,Home,2,12.15,24.3
905816,51636,SKU-48941,Electronics,4,46.1,184.4
905817,51636,SKU-19620,Apparel,4,6.62,26.48
905818,51637,SKU-42897,Sports,1,25.75,25.75
905819,51637,SKU-83145,Sports,2,52.23,104.46
905820,51637,SKU-44684,Grocery,3,15.27,45.81
905821,51637,SKU-92694,Apparel,2,20.7,41.4
905822,51638,SKU-68037,Apparel,4,30.38,121.52
905823,51638,SKU-74919,Electronics,3,30.62,91.86
905824,51639,SKU-90526,Sports,1,56.07,56.07
905825,51639,SKU-11629,Electronics,2,23.74,47.48
905826,51639,SKU-66567,Grocery,4,11.69,46.76
905827,51639,SKU-84294,Home,4,13.23,52.92
905828,51639,SKU-23022,Electronics,4,7.95,31.8
905829,51640,SKU-36632,Electronics,2,23.23,46.46
905830,51640,SKU-48004,Electronics,1,36.84,36.84
905831,51640,SKU-36028,Apparel,4,26.53,106.12
905832,51640,SKU-90165,Home,2,7.23,14.46
905833,51640,SKU-96352,Sports,1,30.04,30.04
905834,51641,SKU-73752,Electronics,4,37.39,149.56
905835,51641,SKU-20487,Grocery,2,21.23,42.46
905836,51641,SKU-24466,Sports,1,44.49,44.49
905837,51641,SKU-42262,Home,1,14.35,14.35
905838,51641,SKU-68852,Apparel,1,32.79,32.79
905839,51642,SKU-74474,Apparel,3,48.38,145.14
905840,51642,SKU-70118,Sports,4,49.78,199.12
905841,51642,SKU-83425,Apparel,3,13.68,41.04
905842,51642,SKU-82326,Electronics,3,11.95,35.85
905843,51643,SKU-42615,Apparel,1,16.01,16.01
905844,51644,SKU-22973,Sports,2,7.83,15.66
905845,51644,SKU-62749,Apparel,2,30.71,61.42
905846,51644,SKU-56748,Apparel,4,32.43,129.72
905847,51644,SKU-43016,Electronics,4,8.3,33.2
905848,51644,SKU-45964,Electronics,3,59.99,179.97
905849,51644,SKU-25787,Home,1,26.98,26.98
905850,51645,SKU-92595,Grocery,2,15.12,30.24
905851,51645,SKU-99667,Electronics,2,38.84,77.68
905852,51645,SKU-62864,Apparel,4,4.88,19.52
905853,51646,SKU-16310,Grocery,4,9.72,38.88
905854,51646,SKU-37401,Sports,2,4.43,8.86
905855,51647,SKU-78875,Sports,2,40.15,80.3
905856,51647,SKU-14175,Home,4,58.24,232.96
905857,51647,SKU-98134,Apparel,2,38.57,77.14
905858,51647,SKU-32359,Apparel,1,22.87,22.87
905859,51648,SKU-36809,Electronics,1,46.18,46.18
905860,51648,SKU-30831,Apparel,3,14.37,43.11
905861,51648,SKU-52548,Home,4,15.19,60.76
905862,51648,SKU-29327,Home,4,70.27,281.08
905863,51649,SKU-80718,Home,2,33.9,67.8
905864,51649,SKU-63007,Home,3,89.99,269.97
905865,51649,SKU-77517,Home,1,25.69,25.69
905866,51650,SKU-76652,Home,2,13.9,27.8
905867,51650,SKU-91542,Apparel,3,27.84,83.52
905868,51650,SKU-48644,Grocery,3,28.21,84.63
905869,51650,SKU-89125,Grocery,4,33.36,133.44
905870,51650,SKU-43668,Home,4,18.11,72.44
905871,51651,SKU-92922,Grocery,3,20.2,60.6
905872,51652,SKU-78761,Home,1,24.11,24.11
905873,51652,SKU-53144,Electronics,2,38.53,77.06
905874,51652,SKU-14089,Grocery,4,22.44,89.76
905875,51652,SKU-86510,Electronics,4,10.36,41.44
905876,51653,SKU-37346,Sports,3,21.79,65.37
905877,51653,SKU-38818,Electronics,2,67.77,135.54
905878,51653,SKU-10685,Apparel,4,15.85,63.4
905879,51654,SKU-66534,Electronics,2,13.26,26.52
905880,51655,SKU-71444,Sports,4,20.66,82.64
905881,51655,SKU-32332,Sports,4,31.24,124.96
905882,51655,SKU-58141,Electronics,1,43.77,43.77
905883,51655,SKU-71247,Apparel,2,120.2,240.4
905884,51656,SKU-30003,Electronics,1,14.7,14.7
905885,51656,SKU-86329,Electronics,2,22.92,45.84
905886,51656,SKU-23526,Grocery,4,32.05,128.2
905887,51656,SKU-51105,Grocery,1,32.98,32.98
905888,51656,SKU-88242,Grocery,3,21.78,65.34
905889,51657,SKU-25360,Sports,3,4.21,12.63
905890,51657,SKU-90329,Home,4,51.53,206.12
905891,51658,SKU-57273,Electronics,3,20.44,61.32
905892,51658,SKU-13992,Electronics,2,35.63,71.26
905893,51658,SKU-53888,Grocery,1,19.62,19.62
905894,51658,SKU-73317,Home,2,28.82,57.64
905895,51658,SKU-47094,Sports,3,89.66,268.98
905896,51658,SKU-31899,Sports,2,16.06,32.12
905897,51659,SKU-24457,Home,4,36.9,147.6
905898,51659,SKU-68911,Electronics,3,67.61,202.83
905899,51659,SKU-61236,Apparel,1,11.95,11.95
905900,51659,SKU-34977,Electronics,4,14.24,56.96
905901,51660,SKU-20361,Sports,3,15.12,45.36
905902,51660,SKU-87805,Electronics,4,36.14,144.56
905903,51661,SKU-12351,Grocery,3,36.61,109.83
905904,51661,SKU-21994,Grocery,3,40.32,120.96
905905,51661,SKU-56505,Sports,1,57.9,57.9
905906,51662,SKU-94532,Electronics,2,6.82,13.64
905907,51662,SKU-56073,Electronics,2,11.24,22.48
905908,51662,SKU-76857,Apparel,4,9.69,38.76
905909,51662,SKU-38718,Home,4,16.78,67.12
905910,51663,SKU-57754,Grocery,4,14.39,57.56
905911,51664,SKU-15027,Electronics,2,17.12,34.24
905912,51664,SKU-81089,Sports,4,71.69,286.76
905913,51665,SKU-72470,Grocery,4,5.11,20.44
905914,51665,SKU-99110,Electronics,1,35.11,35.11
905915,51665,SKU-39165,Home,4,44.05,176.2
905916,51665,SKU-74284,Apparel,4,33.21,132.84
905917,51665,SKU-49935,Home,2,101.9,203.8
905918,51665,SKU-42158,Home,2,10.92,21.84
905919,51666,SKU-73349,Electronics,1,24.36,24.36
905920,51666,SKU-35051,Home,1,19.15,19.15
905921,51666,SKU-88956,Grocery,2,20.07,40.14
905922,51667,SKU-90246,Apparel,4,11.98,47.92
905923,51667,SKU-89282,Home,3,44.85,134.55
905924,51667,SKU-96199,Grocery,1,29.64,29.64
905925,51668,SKU-46207,Sports,1,20.62,20.62
905926,51668,SKU-90296,Grocery,3,31.6,94.8
905927,51668,SKU-39298,Home,1,20.22,20.22
905928,51669,SKU-63662,Electronics,4,38.06,152.24
905929,51669,SKU-82179,Sports,4,15.23,60.92
905930,51669,SKU-88762,Grocery,1,37.56,37.56
905931,51669,SKU-70632,Sports,3,39.84,119.52
905932,51670,SKU-64624,Grocery,2,28.89,57.78
905933,51670,SKU-12694,Apparel,2,118.46,236.92
905934,51670,SKU-12835,Grocery,2,7.08,14.16
905935,51671,SKU-39838,Apparel,1,35.46,35.46
905936,51671,SKU-67708,Home,3,22.1,66.3
905937,51671,SKU-53852,Grocery,2,7.3,14.6
905938,51671,SKU-64741,Electronics,2,9.36,18.72
905939,51672,SKU-74701,Electronics,4,19.44,77.76
905940,51672,SKU-11081,Grocery,4,21.94,87.76
905941,51672,SKU-34926,Electronics,4,10.9,43.6
905942,51672,SKU-64293,Grocery,1,23.5,23.5
905943,51672,SKU-37188,Home,3,21.05,63.15
905944,51672,SKU-69042,Apparel,2,10.92,21.84
905945,51673,SKU-11910,Electronics,2,23.26,46.52
905946,51673,SKU-21212,Sports,1,82.13,82.13
905947,51674,SKU-17394,Home,3,17.79,53.37
905948,51674,SKU-20281,Electronics,1,8.4,8.4
905949,51674,SKU-42489,Electronics,4,39.9,159.6
905950,51675,SKU-40386,Sports,4,11.87,47.48
905951,51675,SKU-92870,Home,3,16.46,49.38
905952,51675,SKU-16061,Grocery,2,16.17,32.34
905953,51675,SKU-68921,Apparel,3,26.12,78.36
905954,51675,SKU-61776,Sports,2,49.24,98.48
905955,51675,SKU-11019,Sports,3,10.51,31.53
905956,51676,SKU-57290,Home,4,9.54,38.16
905957,51676,SKU-26100,Sports,4,57.44,229.76
905958,51677,SKU-79215,Home,4,24.28,97.12
905959,51677,SKU-42819,Electronics,1,34.98,34.98
905960,51677,SKU-44132,Electronics,1,19.53,19.53
905961,51677,SKU-51613,Electronics,4,26.11,104.44
905962,51677,SKU-94917,Sports,1,15.61,15.61
905963,51678,SKU-64054,Apparel,3,28.72,86.16
905964,51678,SKU-47176,Apparel,2,39.08,78.16
905965,51678,SKU-82955,Apparel,3,26.19,78.57
905966,51679,SKU-72262,Sports,3,14.49,43.47
905967,51679,SKU-48362,Sports,1,7.53,7.53
905968,51679,SKU-36512,Sports,1,11.12,11.12
905969,51679,SKU-91301,Electronics,3,15.16,45.48
905970,51679,SKU-46549,Apparel,4,20.98,83.92
905971,51679,SKU-14055,Electronics,1,47.31,47.31
905972,51680,SKU-33479,Home,3,21.87,65.61
905973,51680,SKU-77604,Home,3,46.29,138.87
905974,51680,SKU-80281,Sports,2,23.22,46.44
905975,51680,SKU-10217,Home,3,50.96,152.88
905976,51681,SKU-39231,Sports,2,246.22,492.44
905977,51681,SKU-72086,Electronics,1,17.37,17.37
905978,51682,SKU-39744,Apparel,3,16.44,49.32
905979,51682,SKU-58921,Grocery,2,48.72,97.44
905980,51683,SKU-34796,Apparel,3,26.99,80.97
905981,51684,SKU-34327,Apparel,1,7.44,7.44
905982,51684,SKU-56728,Home,1,23.14,23.14
905983,51684,SKU-82784,Grocery,4,23.33,93.32
905984,51684,SKU-65829,Apparel,3,17.7,53.1
905985,51684,SKU-38254,Electronics,4,16.9,67.6
905986,51684,SKU-99658,Apparel,4,14.63,58.52
905987,51685,SKU-22269,Home,4,22.88,91.52
905988,51685,SKU-56221,Home,3,48.37,145.11
905989,51685,SKU-25423,Sports,2,10.85,21.7
905990,51685,SKU-61633,Apparel,1,35.6,35.6
905991,51686,SKU-99722,Electronics,1,22.12,22.12
905992,51686,SKU-92298,Grocery,1,21.7,21.7
905993,51687,SKU-48936,Sports,2,17.77,35.54
905994,51687,SKU-19514,Sports,2,16.15,32.3
905995,51688,SKU-78565,Sports,1,73.5,73.5
905996,51688,SKU-34793,Grocery,3,9.41,28.23
905997,51688,SKU-62818,Home,4,44.68,178.72
905998,51688,SKU-98853,Home,2,37.73,75.46
905999,51689,SKU-84254,Grocery,3,8.83,26.49
906000,51690,SKU-80587,Grocery,1,15.52,15.52
906001,51691,SKU-18101,Sports,1,19.78,19.78
906002,51692,SKU-97288,Electronics,4,12.07,48.28
906003,51692,SKU-13991,Home,2,21.15,42.3
906004,51692,SKU-61717,Apparel,2,51.04,102.08
906005,51692,SKU-44149,Grocery,3,9.25,27.75
906006,51692,SKU-47977,Apparel,3,29.99,89.97
906007,51692,SKU-95397,Grocery,1,26.75,26.75
906008,51693,SKU-29338,Home,4,14.12,56.48
906009,51693,SKU-46687,Apparel,4,43.87,175.48
906010,51693,SKU-13037,Electronics,3,17.43,52.29
906011,51693,SKU-23234,Grocery,3,26.45,79.35
906012,51694,SKU-79918,Electronics,4,18.92,75.68
906013,51694,SKU-92871,Electronics,3,21.54,64.62
906014,51694,SKU-54518,Home,2,26.46,52.92
906015,51694,SKU-90263,Sports,4,71.1,284.4
906016,51695,SKU-22345,Sports,1,10.07,10.07
906017,51695,SKU-30383,Grocery,4,17.74,70.96
906018,51696,SKU-82304,Apparel,1,15.72,15.72
906019,51696,SKU-55681,Sports,2,17.77,35.54
906020,51696,SKU-21284,Electronics,2,21.74,43.48
906021,51697,SKU-77257,Grocery,2,15.08,30.16
906022,51698,SKU-89974,Home,3,7.05,21.15
906023,51698,SKU-86104,Home,2,11.55,23.1
906024,51698,SKU-89218,Home,4,37.18,148.72
906025,51698,SKU-69182,Grocery,4,17.46,69.84
906026,51698,SKU-53396,Sports,1,26.85,26.85
906027,51698,SKU-32355,Grocery,3,24.59,73.77
906028,51699,SKU-19971,Sports,2,95.46,190.92
906029,51699,SKU-61568,Home,2,13.31,26.62
906030,51699,SKU-16530,Home,4,31.2,124.8
906031,51699,SKU-13991,Apparel,3,14.74,44.22
906032,51699,SKU-62893,Grocery,3,25.27,75.81
906033,51699,SKU-75177,Electronics,2,28.62,57.24
906034,51700,SKU-19537,Grocery,4,46.31,185.24
906035,51700,SKU-83253,Electronics,3,11.72,35.16
906036,51701,SKU-17184,Home,2,32.46,64.92
906037,51702,SKU-94937,Apparel,4,12.41,49.64
906038,51702,SKU-98614,Electronics,3,12.65,37.95
906039,51702,SKU-79276,Apparel,4,11.92,47.68
906040,51703,SKU-61722,Grocery,4,73.46,293.84
906041,51703,SKU-90452,Electronics,1,27.4,27.4
906042,51703,SKU-40095,Grocery,3,44.52,133.56
906043,51703,SKU-58501,Sports,2,11.18,22.36
906044,51704,SKU-16168,Home,4,13.76,55.04
906045,51704,SKU-99868,Sports,1,11.36,11.36
906046,51704,SKU-11301,Home,2,25.94,51.88
906047,51704,SKU-75616,Apparel,3,64.87,194.61
906048,51705,SKU-63193,Grocery,1,25.47,25.47
906049,51705,SKU-92549,Grocery,2,23.95,47.9
906050,51705,SKU-89332,Grocery,3,6.63,19.89
906051,51705,SKU-29252,Sports,1,26.05,26.05
906052,51705,SKU-90159,Apparel,1,7.17,7.17
906053,51705,SKU-94166,Electronics,3,26.63,79.89
906054,51706,SKU-57644,Electronics,4,26.14,104.56
906055,51706,SKU-37269,Electronics,4,9.01,36.04
906056,51706,SKU-35228,Electronics,1,15.94,15.94
906057,51706,SKU-80547,Home,1,14.12,14.12
906058,51706,SKU-10212,Electronics,1,61.92,61.92
906059,51706,SKU-16434,Apparel,4,19.14,76.56
906060,51707,SKU-76316,Grocery,3,33.88,101.64
906061,51707,SKU-42106,Grocery,2,79.8,159.6
906062,51707,SKU-58724,Grocery,3,36.25,108.75
906063,51707,SKU-98080,Grocery,1,16.68,16.68
906064,51707,SKU-56457,Electronics,1,60.72,60.72
906065,51708,SKU-55010,Apparel,4,12.91,51.64
906066,51708,SKU-82375,Sports,4,30.96,123.84
906067,51708,SKU-41647,Electronics,1,43.49,43.49
906068,51708,SKU-16202,Apparel,2,6.68,13.36
906069,51708,SKU-70013,Apparel,2,28.2,56.4
906070,51708,SKU-99622,Grocery,3,31.35,94.05
906071,51709,SKU-33420,Electronics,2,39.34,78.68
906072,51709,SKU-82411,Electronics,4,30.3,121.2
906073,51709,SKU-74909,Grocery,3,18.91,56.73
906074,51710,SKU-57591,Sports,4,12.51,50.04
906075,51710,SKU-68972,Grocery,1,16.36,16.36
906076,51710,SKU-59163,Sports,3,55.52,166.56
906077,51710,SKU-63951,Home,2,29.28,58.56
906078,51711,SKU-58144,Grocery,2,26.15,52.3
906079,51711,SKU-26159,Home,3,10.63,31.89
906080,51711,SKU-88649,Grocery,1,9.47,9.47
906081,51711,SKU-15488,Home,4,6.12,24.48
906082,51712,SKU-30887,Home,1,25.44,25.44
906083,51712,SKU-75883,Home,3,7.65,22.95
906084,51713,SKU-69263,Sports,2,82.43,164.86
906085,51713,SKU-19250,Home,3,11.59,34.77
906086,51713,SKU-73180,Sports,1,31.76,31.76
906087,51713,SKU-14991,Home,1,16.26,16.26
906088,51713,SKU-57683,Home,1,51.36,51.36
906089,51713,SKU-49914,Apparel,4,33.81,135.24
906090,51714,SKU-90150,Electronics,4,51.28,205.12
906091,51714,SKU-41725,Home,1,32.78,32.78
906092,51715,SKU-62019,Sports,3,10.62,31.86
906093,51715,SKU-16118,Electronics,4,9.63,38.52
906094,51715,SKU-86983,Home,1,20.18,20.18
906095,51715,SKU-98775,Sports,2,19.73,39.46
906096,51715,SKU-18394,Apparel,4,54.65,218.6
906097,51715,SKU-79523,Home,3,48.89,146.67
906098,51716,SKU-96280,Grocery,2,21.86,43.72
906099,51716,SKU-74495,Home,4,15.97,63.88
906100,51717,SKU-33056,Grocery,2,97.56,195.12
906101,51717,SKU-51674,Electronics,3,14.26,42.78
906102,51717,SKU-17438,Grocery,4,10.31,41.24
906103,51718,SKU-71996,Apparel,3,64.16,192.48
906104,51718,SKU-13750,Grocery,3,14.96,44.88
906105,51718,SKU-47781,Grocery,1,53.46,53.46
906106,51718,SKU-76075,Sports,1,38.24,38.24
906107,51719,SKU-46676,Grocery,4,15.73,62.92
906108,51719,SKU-11207,Electronics,3,10.15,30.45
906109,51719,SKU-96245,Sports,1,11.77,11.77
906110,51719,SKU-48717,Electronics,4,69.79,279.16
906111,51719,SKU-23655,Apparel,4,36.09,144.36
906112,51720,SKU-36539,Apparel,1,34.98,34.98
906113,51720,SKU-56483,Sports,4,27.97,111.88
906114,51720,SKU-27208,Apparel,1,20.72,20.72
906115,51720,SKU-70601,Apparel,2,6.87,13.74
906116,51720,SKU-89353,Grocery,3,28.07,84.21
906117,51721,SKU-30256,Grocery,3,7.39,22.17
906118,51721,SKU-77751,Grocery,4,26.55,106.2
906119,51721,SKU-59128,Home,4,100.27,401.08
906120,51722,SKU-92447,Home,3,12.2,36.6
906121,51722,SKU-84682,Electronics,3,13.06,39.18
906122,51723,SKU-64927,Grocery,2,44.93,89.86
906123,51723,SKU-21210,Electronics,2,30.95,61.9
906124,51724,SKU-99271,Electronics,3,18.29,54.87
906125,51724,SKU-96349,Sports,2,45.84,91.68
906126,51724,SKU-68368,Grocery,1,159.9,159.9
906127,51724,SKU-64136,Sports,3,38.97,116.91
906128,51724,SKU-75923,Sports,2,34.64,69.28
906129,51725,SKU-89606,Home,4,7.76,31.04
906130,51725,SKU-56797,Electronics,3,48.49,145.47
906131,51725,SKU-87173,Sports,2,68.78,137.56
906132,51726,SKU-97355,Apparel,3,30.87,92.61
906133,51726,SKU-19446,Sports,1,44.54,44.54
906134,51726,SKU-38782,Electronics,4,48.7,194.8
906135,51726,SKU-33791,Electronics,4,10.35,41.4
906136,51726,SKU-48304,Grocery,3,65.89,197.67
906137,51727,SKU-18364,Electronics,2,7.2,14.4
906138,51727,SKU-47246,Home,1,10.49,10.49
906139,51728,SKU-95727,Electronics,3,26.49,79.47
906140,51728,SKU-45905,Electronics,2,36.93,73.86
906141,51728,SKU-95008,Grocery,1,23.85,23.85
906142,51728,SKU-62707,Home,4,23.44,93.76
906143,51729,SKU-97061,Apparel,1,14.71,14.71
906144,51729,SKU-71544,Home,1,49.02,49.02
906145,51729,SKU-60480,Grocery,1,15.78,15.78
906146,51730,SKU-80778,Sports,3,11.94,35.82
906147,51730,SKU-18880,Grocery,1,26.81,26.81
906148,51730,SKU-54032,Home,1,46.26,46.26
906149,51730,SKU-82236,Grocery,1,98.55,98.55
906150,51731,SKU-90611,Electronics,1,51.54,51.54
906151,51731,SKU-20708,Apparel,2,45.02,90.04
906152,51731,SKU-70636,Apparel,2,19.5,39.0
906153,51731,SKU-10782,Grocery,1,56.17,56.17
906154,51732,SKU-47873,Grocery,3,14.88,44.64
906155,51732,SKU-55909,Apparel,1,50.25,50.25
906156,51733,SKU-76316,Apparel,2,12.69,25.38
906157,51734,SKU-41095,Apparel,4,9.75,39.0
906158,51734,SKU-60159,Apparel,4,78.43,313.72
906159,51734,SKU-36487,Sports,3,11.03,33.09
906160,51734,SKU-62726,Grocery,2,39.82,79.64
906161,51735,SKU-37111,Grocery,2,28.25,56.5
906162,51735,SKU-72812,Electronics,4,27.56,110.24
906163,51735,SKU-27788,Apparel,1,4.8,4.8
906164,51735,SKU-71319,Electronics,2,9.52,19.04
906165,51735,SKU-52513,Grocery,1,15.29,15.29
906166,51736,SKU-73340,Home,4,21.55,86.2
906167,51737,SKU-89935,Home,4,36.68,146.72
906168,51738,SKU-73641,Sports,1,12.64,12.64
906169,51738,SKU-73841,Home,4,26.02,104.08
906170,51738,SKU-46007,Sports,3,23.72,71.16
906171,51739,SKU-67028,Apparel,4,23.04,92.16
906172,51739,SKU-75050,Home,1,32.45,32.45
906173,51740,SKU-75747,Sports,1,5.76,5.76
906174,51741,SKU-18217,Home,1,38.76,38.76
906175,51742,SKU-51241,Apparel,1,23.06,23.06
906176,51742,SKU-88410,Electronics,3,11.62,34.86
906177,51742,SKU-99878,Apparel,1,25.92,25.92
906178,51743,SKU-34976,Sports,1,24.03,24.03
906179,51743,SKU-71261,Home,2,10.41,20.82
906180,51744,SKU-82650,Home,4,7.9,31.6
906181,51744,SKU-85676,Apparel,2,27.74,55.48
906182,51744,SKU-52477,Home,1,78.7,78.7
906183,51744,SKU-68939,Grocery,1,11.22,11.22
906184,51744,SKU-60261,Home,4,59.59,238.36
906185,51745,SKU-10064,Apparel,3,117.51,352.53
906186,51745,SKU-45722,Home,4,51.73,206.92
906187,51746,SKU-35051,Sports,4,24.26,97.04
906188,51746,SKU-54661,Grocery,4,39.56,158.24
906189,51746,SKU-31342,Apparel,4,12.55,50.2
906190,51746,SKU-65063,Electronics,3,23.34,70.02
906191,51747,SKU-67362,Apparel,1,20.5,20.5
906192,51747,SKU-35554,Electronics,3,32.85,98.55
906193,51747,SKU-34119,Electronics,3,42.64,127.92
906194,51748,SKU-70097,Apparel,1,45.29,45.29
906195,51748,SKU-18407,Apparel,1,15.03,15.03
906196,51749,SKU-36990,Sports,4,8.62,34.48
906197,51749,SKU-60287,Home,3,32.08,96.24
906198,51749,SKU-33792,Electronics,3,10.68,32.04
906199,51749,SKU-94186,Apparel,1,60.17,60.17
906200,51749,SKU-55067,Grocery,3,20.03,60.09
906201,51749,SKU-43444,Sports,2,10.01,20.02
906202,51750,SKU-22196,Electronics,3,7.48,22.44
906203,51750,SKU-87115,Grocery,1,19.63,19.63
906204,51750,SKU-68122,Home,4,23.49,93.96
906205,51751,SKU-66761,Electronics,1,28.52,28.52
906206,51751,SKU-84765,Sports,1,14.44,14.44
906207,51752,SKU-20328,Grocery,4,57.26,229.04
906208,51752,SKU-83280,Home,1,32.56,32.56
906209,51752,SKU-69928,Electronics,3,13.57,40.71
906210,51752,SKU-89910,Sports,2,30.64,61.28
906211,51753,SKU-29437,Electronics,1,70.28,70.28
906212,51753,SKU-61060,Electronics,4,30.04,120.16
906213,51754,SKU-39137,Home,4,14.46,57.84
906214,51754,SKU-32355,Apparel,4,10.31,41.24
906215,51754,SKU-82927,Sports,4,26.69,106.76
906216,51754,SKU-10419,Grocery,2,33.41,66.82
906217,51755,SKU-76005,Apparel,4,104.57,418.28
906218,51755,SKU-13192,Grocery,2,42.04,84.08
906219,51755,SKU-33646,Grocery,3,8.11,24.33
906220,51756,SKU-13619,Sports,4,16.3,65.2
906221,51756,SKU-70050,Apparel,2,7.03,14.06
906222,51757,SKU-14225,Apparel,3,25.41,76.23
906223,51757,SKU-11798,Home,1,29.09,29.09
906224,51758,SKU-33164,Sports,1,36.66,36.66
906225,51758,SKU-57694,Home,1,10.01,10.01
906226,51758,SKU-35866,Grocery,1,12.26,12.26
906227,51759,SKU-22821,Electronics,4,2.73,10.92
906228,51759,SKU-54549,Grocery,3,37.6,112.8
906229,51759,SKU-14623,Apparel,1,5.93,5.93
906230,51759,SKU-69810,Electronics,1,55.12,55.12
906231,51759,SKU-57619,Sports,4,12.79,51.16
906232,51760,SKU-53269,Grocery,2,27.78,55.56
906233,51760,SKU-24260,Apparel,4,17.94,71.76
906234,51760,SKU-79653,Sports,2,43.23,86.46
906235,51760,SKU-81138,Grocery,2,8.08,16.16
906236,51760,SKU-60064,Electronics,2,61.54,123.08
906237,51760,SKU-46534,Home,3,29.55,88.65
906238,51761,SKU-59883,Electronics,3,43.88,131.64
906239,51762,SKU-22699,Sports,1,10.5,10.5
906240,51762,SKU-24631,Home,2,25.0,50.0
906241,51762,SKU-95989,Home,4,29.96,119.84
906242,51763,SKU-69268,Sports,2,14.62,29.24
906243,51763,SKU-68692,Grocery,2,9.27,18.54
906244,51763,SKU-81485,Apparel,1,27.57,27.57
906245,51763,SKU-79913,Apparel,1,11.13,11.13
906246,51763,SKU-21687,Electronics,4,21.55,86.2
906247,51764,SKU-39444,Home,1,5.06,5.06
906248,51764,SKU-62956,Apparel,2,84.14,168.28
906249,51765,SKU-17526,Apparel,3,25.91,77.73
906250,51766,SKU-61589,Sports,3,21.73,65.19
906251,51766,SKU-94760,Home,1,7.84,7.84
906252,51766,SKU-18804,Electronics,1,22.67,22.67
906253,51766,SKU-40104,Sports,1,20.7,20.7
906254,51767,SKU-94724,Sports,2,74.94,149.88
906255,51768,SKU-98233,Home,4,15.76,63.04
906256,51768,SKU-76734,Home,4,16.46,65.84
906257,51768,SKU-83968,Sports,2,21.92,43.84
906258,51768,SKU-17221,Electronics,4,19.41,77.64
906259,51768,SKU-79159,Home,3,16.58,49.74
906260,51769,SKU-19366,Electronics,1,8.06,8.06
906261,51769,SKU-93402,Home,3,19.37,58.11
906262,51769,SKU-52282,Grocery,2,14.05,28.1
906263,51769,SKU-17785,Electronics,3,15.13,45.39
906264,51769,SKU-62694,Sports,2,45.28,90.56
906265,51770,SKU-87201,Electronics,1,39.62,39.62
906266,51770,SKU-68450,Home,1,16.22,16.22
906267,51770,SKU-34465,Electronics,3,8.85,26.55
906268,51771,SKU-83172,Electronics,3,37.67,113.01
906269,51771,SKU-19460,Electronics,2,10.27,20.54
906270,51771,SKU-93479,Grocery,4,18.29,73.16
906271,51772,SKU-57736,Electronics,4,11.34,45.36
906272,51773,SKU-93134,Grocery,4,5.53,22.12
906273,51773,SKU-86021,Home,2,27.94,55.88
906274,51773,SKU-24937,Electronics,4,5.6,22.4
906275,51773,SKU-62226,Electronics,1,50.68,50.68
906276,51773,SKU-53084,Sports,2,14.42,28.84
906277,51774,SKU-88056,Grocery,3,45.83,137.49
906278,51774,SKU-98116,Electronics,4,20.7,82.8
906279,51774,SKU-29994,Home,4,13.33,53.32
906280,51774,SKU-30519,Grocery,3,51.92,155.76
906281,51774,SKU-52975,Home,3,18.27,54.81
906282,51774,SKU-17668,Home,2,12.64,25.28
906283,51775,SKU-15780,Sports,1,122.49,122.49
906284,51775,SKU-17831,Grocery,3,35.45,106.35
906285,51775,SKU-56025,Electronics,3,21.75,65.25
906286,51776,SKU-62901,Apparel,4,29.33,117.32
906287,51776,SKU-42190,Grocery,3,13.31,39.93
906288,51776,SKU-54458,Sports,1,10.51,10.51
906289,51776,SKU-64926,Grocery,3,26.59,79.77
906290,51776,SKU-10175,Apparel,4,6.02,24.08
906291,51776,SKU-30603,Sports,4,13.8,55.2
906292,51777,SKU-43941,Electronics,2,7.54,15.08
906293,51777,SKU-16838,Sports,3,7.8,23.4
906294,51777,SKU-28160,Home,1,48.98,48.98
906295,51777,SKU-36223,Sports,2,32.67,65.34
906296,51777,SKU-44711,Sports,4,38.32,153.28
906297,51777,SKU-57482,Grocery,2,55.38,110.76
906298,51778,SKU-23338,Home,2,20.94,41.88
906299,51778,SKU-65159,Sports,4,22.22,88.88
906300,51779,SKU-78121,Electronics,4,14.31,57.24
906301,51779,SKU-67092,Sports,1,17.15,17.15
906302,51779,SKU-65830,Electronics,2,10.98,21.96
906303,51779,SKU-21456,Grocery,2,24.34,48.68
906304,51779,SKU-59146,Sports,2,21.86,43.72
906305,51780,SKU-50535,Sports,3,23.09,69.27
906306,51780,SKU-92532,Apparel,3,118.66,355.98
906307,51780,SKU-92930,Sports,4,23.68,94.72
906308,51780,SKU-62350,Sports,2,19.54,39.08
906309,51780,SKU-29283,Grocery,4,30.9,123.6
906310,51780,SKU-71847,Grocery,3,28.23,84.69
906311,51781,SKU-32626,Electronics,4,51.51,206.04
906312,51781,SKU-71176,Sports,4,74.67,298.68
906313,51781,SKU-29315,Sports,1,12.53,12.53
906314,51782,SKU-77003,Grocery,2,24.23,48.46
906315,51782,SKU-11805,Electronics,3,12.02,36.06
906316,51782,SKU-89857,Home,3,41.73,125.19
906317,51782,SKU-30855,Home,2,63.44,126.88
906318,51782,SKU-39087,Sports,2,40.99,81.98
906319,51783,SKU-55224,Grocery,3,21.22,63.66
906320,51783,SKU-93749,Home,4,28.09,112.36
906321,51783,SKU-79225,Grocery,1,22.79,22.79
906322,51784,SKU-12089,Home,3,16.96,50.88
906323,51784,SKU-20714,Grocery,4,28.11,112.44
906324,51784,SKU-61624,Home,3,6.74,20.22
906325,51784,SKU-80886,Sports,1,30.97,30.97
906326,51784,SKU-18743,Electronics,2,20.42,40.84
906327,51785,SKU-90520,Grocery,3,5.1,15.3
906328,51785,SKU-90994,Home,4,17.62,70.48
906329,51785,SKU-35101,Home,3,15.62,46.86
906330,51786,SKU-44552,Electronics,3,11.88,35.64
906331,51786,SKU-34064,Sports,3,28.65,85.95
906332,51786,SKU-96153,Sports,2,17.49,34.98
906333,51787,SKU-99959,Sports,1,71.31,71.31
906334,51787,SKU-83303,Sports,2,16.65,33.3
906335,51787,SKU-22193,Sports,2,42.84,85.68
906336,51787,SKU-42677,Sports,3,8.62,25.86
906337,51787,SKU-42961,Home,1,50.87,50.87
906338,51787,SKU-35633,Sports,2,24.7,49.4
906339,51788,SKU-73155,Electronics,1,8.52,8.52
906340,51788,SKU-94149,Home,1,7.14,7.14
906341,51788,SKU-14746,Grocery,4,24.38,97.52
906342,51789,SKU-90933,Grocery,4,24.91,99.64
906343,51790,SKU-40871,Home,4,13.44,53.76
906344,51790,SKU-54757,Apparel,4,18.95,75.8
906345,51790,SKU-31308,Apparel,4,25.99,103.96
906346,51790,SKU-82468,Sports,1,77.5,77.5
906347,51791,SKU-35597,Electronics,2,25.21,50.42
906348,51791,SKU-97355,Sports,2,21.33,42.66
906349,51791,SKU-26093,Electronics,4,8.6,34.4
906350,51791,SKU-31605,Electronics,3,46.91,140.73
906351,51791,SKU-24901,Home,4,7.25,29.0
906352,51792,SKU-93620,Electronics,1,20.21,20.21
906353,51793,SKU-36437,Grocery,1,9.19,9.19
906354,51793,SKU-78144,Apparel,2,16.75,33.5
906355,51793,SKU-36665,Home,2,23.79,47.58
906356,51793,SKU-32455,Apparel,1,12.01,12.01
906357,51794,SKU-82374,Electronics,3,24.09,72.27
906358,51794,SKU-95389,Sports,4,45.17,180.68
906359,51795,SKU-49648,Home,1,7.8,7.8
906360,51795,SKU-79969,Apparel,4,23.26,93.04
906361,51795,SKU-28981,Grocery,4,10.5,42.0
906362,51795,SKU-82877,Apparel,2,15.16,30.32
906363,51796,SKU-30966,Home,1,13.78,13.78
906364,51797,SKU-76950,Grocery,4,15.51,62.04
906365,51797,SKU-94260,Home,3,15.87,47.61
906366,51797,SKU-52231,Apparel,1,9.22,9.22
906367,51797,SKU-79075,Apparel,3,10.06,30.18
906368,51798,SKU-42954,Apparel,2,23.81,47.62
906369,51799,SKU-73917,Electronics,3,38.73,116.19
906370,51799,SKU-98881,Electronics,2,22.36,44.72
906371,51799,SKU-72264,Electronics,4,17.42,69.68
906372,51800,SKU-95853,Sports,1,23.08,23.08
906373,51800,SKU-73776,Apparel,4,34.78,139.12
906374,51800,SKU-25976,Electronics,3,51.96,155.88
906375,51800,SKU-19614,Electronics,2,16.09,32.18
906376,51800,SKU-83161,Home,3,24.28,72.84
906377,51801,SKU-89672,Electronics,4,109.14,436.56
906378,51802,SKU-44501,Grocery,4,15.39,61.56
906379,51802,SKU-13661,Grocery,1,34.32,34.32
906380,51802,SKU-33741,Home,4,8.97,35.88
906381,51803,SKU-35475,Sports,1,9.42,9.42
906382,51804,SKU-28919,Grocery,4,14.42,57.68
906383,51804,SKU-24559,Sports,1,46.17,46.17
906384,51804,SKU-59764,Sports,2,35.12,70.24
906385,51805,SKU-81063,Grocery,2,7.23,14.46
906386,51805,SKU-65301,Apparel,3,54.01,162.03
906387,51805,SKU-12844,Home,3,6.03,18.09
906388,51805,SKU-82691,Sports,1,24.32,24.32
906389,51805,SKU-77972,Sports,1,22.78,22.78
906390,51806,SKU-16670,Sports,1,14.11,14.11
906391,51806,SKU-74356,Home,4,13.15,52.6
906392,51806,SKU-59760,Home,3,17.7,53.1
906393,51806,SKU-87067,Sports,3,58.61,175.83
906394,51806,SKU-40522,Grocery,1,34.51,34.51
906395,51807,SKU-58635,Apparel,1,41.16,41.16
906396,51808,SKU-94697,Sports,4,49.43,197.72
906397,51808,SKU-20390,Home,4,19.51,78.04
906398,51808,SKU-58227,Home,3,10.86,32.58
906399,51808,SKU-25062,Grocery,4,16.01,64.04
906400,51809,SKU-91448,Home,4,20.53,82.12
906401,51809,SKU-12347,Sports,1,118.15,118.15
906402,51809,SKU-52849,Grocery,1,10.13,10.13
906403,51809,SKU-60679,Grocery,3,36.21,108.63
906404,51809,SKU-51882,Apparel,1,27.24,27.24
906405,51809,SKU-61033,Apparel,1,40.89,40.89
906406,51810,SKU-62069,Grocery,2,26.56,53.12
906407,51810,SKU-77228,Apparel,3,9.74,29.22
906408,51811,SKU-18240,Electronics,2,11.25,22.5
906409,51811,SKU-94678,Electronics,3,28.19,84.57
906410,51812,SKU-15765,Home,4,49.94,199.76
906411,51813,SKU-46064,Apparel,4,15.75,63.0
906412,51814,SKU-66478,Electronics,2,28.48,56.96
906413,51814,SKU-30878,Apparel,2,17.6,35.2
906414,51814,SKU-24695,Sports,4,10.06,40.24
906415,51815,SKU-33354,Sports,3,15.42,46.26
906416,51815,SKU-71609,Home,2,8.89,17.78
906417,51815,SKU-80055,Grocery,1,29.97,29.97
906418,51815,SKU-61841,Home,2,11.2,22.4
906419,51815,SKU-22410,Electronics,3,25.19,75.57
906420,51816,SKU-63554,Home,3,27.92,83.76
906421,51816,SKU-88748,Home,4,22.46,89.84
906422,51816,SKU-82757,Grocery,3,28.53,85.59
906423,51816,SKU-62647,Apparel,4,12.9,51.6
906424,51817,SKU-23798,Apparel,2,47.11,94.22
906425,51817,SKU-23489,Home,2,15.25,30.5
906426,51817,SKU-69681,Home,1,24.74,24.74
906427,51818,SKU-66391,Home,1,11.84,11.84
906428,51818,SKU-58801,Home,3,13.85,41.55
906429,51819,SKU-67924,Apparel,1,17.17,17.17
906430,51819,SKU-12468,Electronics,2,17.93,35.86
906431,51819,SKU-37610,Home,4,10.99,43.96
906432,51819,SKU-94573,Sports,2,6.37,12.74
906433,51819,SKU-87036,Home,1,18.88,18.88
906434,51819,SKU-44573,Electronics,3,38.56,115.68
906435,51820,SKU-34623,Electronics,2,28.17,56.34
906436,51820,SKU-90075,Home,3,13.02,39.06
906437,51820,SKU-29391,Sports,4,16.18,64.72
906438,51820,SKU-83171,Apparel,3,10.11,30.33
906439,51820,SKU-48129,Grocery,4,20.47,81.88
906440,51820,SKU-79376,Sports,2,30.92,61.84
906441,51821,SKU-36633,Sports,2,14.33,28.66
906442,51821,SKU-85417,Grocery,2,52.36,104.72
906443,51821,SKU-71281,Home,3,23.15,69.45
906444,51821,SKU-61997,Grocery,4,29.36,117.44
906445,51821,SKU-24735,Home,2,34.04,68.08
906446,51822,SKU-82336,Apparel,3,20.13,60.39
906447,51822,SKU-30415,Grocery,2,50.89,101.78
906448,51822,SKU-84235,Apparel,3,81.46,244.38
906449,51822,SKU-53333,Sports,4,24.18,96.72
906450,51822,SKU-18968,Home,4,4.25,17.0
906451,51823,SKU-11832,Grocery,2,30.7,61.4
906452,51824,SKU-79600,Sports,2,91.25,182.5
906453,51824,SKU-46802,Sports,1,23.76,23.76
906454,51824,SKU-81749,Grocery,3,71.07,213.21
906455,51824,SKU-51439,Sports,3,22.85,68.55
906456,51824,SKU-46270,Apparel,4,53.69,214.76
906457,51825,SKU-43444,Sports,2,30.06,60.12
906458,51825,SKU-62906,Apparel,2,33.64,67.28
906459,51826,SKU-82779,Home,3,30.48,91.44
906460,51826,SKU-16805,Apparel,1,54.6,54.6
906461,51826,SKU-61868,Home,4,10.98,43.92
906462,51826,SKU-79063,Apparel,4,64.0,256.0
906463,51827,SKU-56699,Apparel,4,16.09,64.36
906464,51828,SKU-97867,Sports,1,29.81,29.81
906465,51828,SKU-95208,Sports,3,17.17,51.51
906466,51828,SKU-61221,Home,1,36.25,36.25
906467,51828,SKU-77965,Grocery,4,12.37,49.48
906468,51829,SKU-57715,Apparel,1,39.37,39.37
906469,51829,SKU-62034,Apparel,2,49.43,98.86
906470,51829,SKU-99463,Home,3,28.55,85.65
906471,51830,SKU-51129,Electronics,3,32.64,97.92
906472,51830,SKU-65372,Sports,4,28.8,115.2
906473,51830,SKU-14339,Apparel,1,27.32,27.32
906474,51830,SKU-22348,Sports,3,18.35,55.05
906475,51830,SKU-40007,Grocery,3,8.21,24.63
906476,51830,SKU-86753,Apparel,3,34.81,104.43
906477,51831,SKU-66280,Electronics,3,31.32,93.96
906478,51831,SKU-19751,Home,1,229.36,229.36
906479,51831,SKU-91968,Home,2,10.13,20.26
906480,51832,SKU-73642,Grocery,1,11.32,11.32
906481,51832,SKU-54469,Apparel,3,2.75,8.25
906482,51832,SKU-39371,Electronics,3,54.94,164.82
906483,51833,SKU-33357,Grocery,4,15.92,63.68
906484,51833,SKU-53990,Apparel,4,20.41,81.64
906485,51833,SKU-63705,Apparel,4,7.36,29.44
906486,51833,SKU-54740,Apparel,4,39.78,159.12
906487,51834,SKU-99584,Home,2,43.54,87.08
906488,51834,SKU-67288,Apparel,3,17.13,51.39
906489,51834,SKU-22998,Home,4,6.05,24.2
906490,51835,SKU-22051,Electronics,1,4.65,4.65
906491,51835,SKU-62323,Home,3,18.8,56.4
906492,51835,SKU-88296,Apparel,1,32.19,32.19
906493,51835,SKU-82310,Electronics,4,13.96,55.84
906494,51836,SKU-58549,Sports,3,17.67,53.01
906495,51836,SKU-94515,Electronics,1,13.52,13.52
906496,51837,SKU-93118,Apparel,2,9.72,19.44
906497,51837,SKU-15311,Home,2,138.98,277.96
906498,51838,SKU-93811,Apparel,4,15.45,61.8
906499,51839,SKU-74438,Grocery,2,59.14,118.28
906500,51839,SKU-53470,Electronics,3,19.67,59.01
906501,51839,SKU-82784,Grocery,4,36.18,144.72
906502,51839,SKU-17738,Sports,4,40.02,160.08
906503,51839,SKU-75752,Grocery,2,13.16,26.32
906504,51840,SKU-28971,Electronics,4,95.2,380.8
906505,51840,SKU-46537,Sports,2,50.12,100.24
906506,51841,SKU-93828,Home,3,30.26,90.78
906507,51841,SKU-96154,Grocery,2,26.2,52.4
906508,51842,SKU-59680,Grocery,3,18.02,54.06
906509,51842,SKU-24306,Grocery,1,16.99,16.99
906510,51842,SKU-77510,Electronics,2,82.32,164.64
906511,51842,SKU-91533,Home,4,87.32,349.28
906512,51843,SKU-71451,Apparel,1,34.69,34.69
906513,51844,SKU-48935,Sports,4,22.1,88.4
906514,51844,SKU-47974,Grocery,1,108.6,108.6
906515,51845,SKU-40764,Apparel,1,5.66,5.66
906516,51845,SKU-46340,Sports,1,21.24,21.24
906517,51845,SKU-64538,Grocery,2,6.76,13.52
906518,51845,SKU-12727,Electronics,2,8.8,17.6
906519,51845,SKU-47634,Home,4,19.44,77.76
906520,51845,SKU-93965,Electronics,4,27.76,111.04
906521,51846,SKU-39666,Grocery,2,24.12,48.24
906522,51846,SKU-93355,Home,3,19.14,57.42
906523,51846,SKU-38750,Electronics,2,13.05,26.1
906524,51846,SKU-89496,Home,3,12.77,38.31
906525,51847,SKU-73178,Grocery,3,10.06,30.18
906526,51848,SKU-14149,Grocery,2,22.94,45.88
906527,51849,SKU-50130,Sports,2,28.15,56.3
906528,51850,SKU-94146,Home,2,60.79,121.58
906529,51850,SKU-60699,Grocery,3,7.99,23.97
906530,51850,SKU-18100,Sports,4,13.61,54.44
906531,51850,SKU-26329,Electronics,2,5.72,11.44
906532,51850,SKU-52406,Electronics,4,30.67,122.68
906533,51850,SKU-73028,Sports,3,29.97,89.91
906534,51851,SKU-49880,Apparel,1,24.21,24.21
906535,51851,SKU-72969,Apparel,3,23.88,71.64
906536,51851,SKU-27943,Home,2,5.56,11.12
906537,51852,SKU-89797,Apparel,4,15.59,62.36
906538,51853,SKU-23577,Sports,1,26.09,26.09
906539,51853,SKU-72382,Apparel,2,108.49,216.98
906540,51854,SKU-64603,Sports,3,11.27,33.81
906541,51854,SKU-38715,Electronics,3,28.13,84.39
906542,51854,SKU-25205,Grocery,1,14.0,14.0
906543,51854,SKU-24773,Grocery,1,124.96,124.96
906544,51854,SKU-40011,Grocery,4,25.28,101.12
906545,51854,SKU-95490,Apparel,4,18.64,74.56
906546,51855,SKU-25852,Apparel,1,55.57,55.57
906547,51855,SKU-23915,Apparel,2,35.41,70.82
906548,51856,SKU-77060,Apparel,4,21.4,85.6
906549,51856,SKU-97616,Apparel,1,43.77,43.77
906550,51856,SKU-65593,Electronics,1,7.77,7.77
906551,51856,SKU-17532,Apparel,1,8.2,8.2
906552,51856,SKU-73812,Apparel,2,12.43,24.86
906553,51857,SKU-88295,Sports,1,13.1,13.1
906554,51857,SKU-76856,Sports,1,30.27,30.27
906555,51857,SKU-87977,Apparel,2,15.37,30.74
906556,51857,SKU-79478,Electronics,3,19.67,59.01
906557,51858,SKU-42082,Sports,3,13.2,39.6
906558,51858,SKU-14531,Sports,1,46.42,46.42
906559,51859,SKU-50987,Grocery,2,18.35,36.7
906560,51859,SKU-15973,Electronics,1,14.75,14.75
906561,51859,SKU-54576,Apparel,3,37.49,112.47
906562,51859,SKU-99873,Apparel,3,9.23,27.69
906563,51860,SKU-92000,Home,4,26.75,107.0
906564,51860,SKU-70500,Grocery,3,10.1,30.3
906565,51860,SKU-25075,Sports,3,23.83,71.49
906566,51860,SKU-27234,Apparel,2,12.07,24.14
906567,51860,SKU-95386,Electronics,1,18.99,18.99
906568,51861,SKU-56206,Home,4,60.73,242.92
906569,51861,SKU-18655,Grocery,1,7.78,7.78
906570,51862,SKU-90196,Grocery,1,11.72,11.72
906571,51862,SKU-71927,Sports,2,21.9,43.8
906572,51862,SKU-67865,Apparel,1,10.13,10.13
906573,51862,SKU-15831,Sports,1,32.59,32.59
906574,51863,SKU-11260,Electronics,3,13.58,40.74
906575,51863,SKU-17724,Grocery,3,13.35,40.05
906576,51864,SKU-23852,Home,1,17.1,17.1
906577,51864,SKU-63733,Home,4,26.69,106.76
906578,51864,SKU-85652,Apparel,3,11.62,34.86
906579,51864,SKU-49550,Electronics,1,31.0,31.0
906580,51864,SKU-69908,Home,1,31.73,31.73
906581,51865,SKU-58107,Apparel,4,77.94,311.76
906582,51865,SKU-13060,Apparel,2,18.76,37.52
906583,51866,SKU-24224,Home,3,7.14,21.42
906584,51866,SKU-46704,Apparel,3,7.33,21.99
906585,51866,SKU-45594,Sports,1,58.83,58.83
906586,51866,SKU-37663,Sports,4,23.98,95.92
906587,51866,SKU-53128,Sports,1,70.94,70.94
906588,51866,SKU-89952,Grocery,1,13.73,13.73
906589,51867,SKU-44439,Grocery,1,4.99,4.99
906590,51867,SKU-69238,Home,2,32.19,64.38
906591,51867,SKU-69688,Grocery,3,81.6,244.8
906592,51867,SKU-52744,Home,3,9.65,28.95
906593,51867,SKU-46321,Grocery,1,22.84,22.84
906594,51868,SKU-75466,Electronics,3,25.8,77.4
906595,51868,SKU-80362,Home,3,29.85,89.55
906596,51868,SKU-82209,Home,3,20.75,62.25
906597,51868,SKU-31754,Home,3,26.77,80.31
906598,51869,SKU-60651,Apparel,3,47.04,141.12
906599,51869,SKU-23514,Home,2,37.51,75.02
906600,51869,SKU-60288,Apparel,1,23.23,23.23
906601,51869,SKU-17765,Sports,1,108.12,108.12
906602,51869,SKU-49558,Apparel,2,44.03,88.06
906603,51870,SKU-46018,Grocery,2,25.17,50.34
906604,51870,SKU-43498,Grocery,4,8.37,33.48
906605,51870,SKU-27220,Home,1,28.75,28.75
906606,51871,SKU-91613,Home,4,8.45,33.8
906607,51871,SKU-43058,Sports,2,5.13,10.26
906608,51871,SKU-32217,Grocery,2,57.19,114.38
906609,51871,SKU-94950,Grocery,4,24.36,97.44
906610,51871,SKU-83439,Apparel,4,6.67,26.68
906611,51871,SKU-94081,Grocery,1,44.34,44.34
906612,51872,SKU-77557,Grocery,1,12.26,12.26
906613,51873,SKU-39929,Sports,4,13.07,52.28
906614,51873,SKU-90543,Electronics,3,16.98,50.94
906615,51873,SKU-98076,Home,2,49.34,98.68
906616,51873,SKU-56116,Electronics,3,13.62,40.86
906617,51873,SKU-70202,Home,2,27.04,54.08
906618,51873,SKU-71882,Electronics,4,11.53,46.12
906619,51874,SKU-28123,Electronics,4,13.31,53.24
906620,51874,SKU-51377,Apparel,2,9.94,19.88
906621,51874,SKU-65295,Sports,2,12.81,25.62
906622,51874,SKU-68605,Electronics,4,38.93,155.72
906623,51875,SKU-48987,Electronics,2,29.84,59.68
906624,51875,SKU-35868,Home,4,12.18,48.72
906625,51876,SKU-48363,Electronics,4,53.75,215.0
906626,51876,SKU-47436,Electronics,3,18.79,56.37
906627,51876,SKU-43403,Electronics,3,15.45,46.35
906628,51876,SKU-32880,Home,4,4.72,18.88
906629,51876,SKU-52071,Sports,1,15.04,15.04
906630,51877,SKU-86446,Grocery,2,17.06,34.12
906631,51877,SKU-66822,Home,1,8.58,8.58
906632,51877,SKU-25988,Sports,2,11.57,23.14
906633,51878,SKU-25089,Electronics,2,24.2,48.4
906634,51878,SKU-30955,Sports,2,19.67,39.34
906635,51878,SKU-87603,Grocery,1,32.41,32.41
906636,51878,SKU-18540,Sports,2,18.65,37.3
906637,51878,SKU-15136,Grocery,4,29.16,116.64
906638,51878,SKU-33949,Grocery,3,7.34,22.02
906639,51879,SKU-71032,Electronics,3,45.18,135.54
906640,51879,SKU-55780,Home,3,23.83,71.49
906641,51879,SKU-78338,Electronics,3,18.97,56.91
906642,51880,SKU-93769,Electronics,4,38.05,152.2
906643,51880,SKU-60875,Apparel,1,23.71,23.71
906644,51880,SKU-18723,Electronics,4,12.86,51.44
906645,51880,SKU-97024,Apparel,3,5.66,16.98
906646,51880,SKU-42720,Apparel,4,89.32,357.28
906647,51880,SKU-98047,Apparel,3,9.16,27.48
906648,51881,SKU-14320,Sports,1,26.37,26.37
906649,51881,SKU-57846,Home,4,18.96,75.84
906650,51882,SKU-16714,Home,3,16.52,49.56
906651,51882,SKU-11209,Home,2,12.66,25.32
906652,51882,SKU-49734,Grocery,4,11.37,45.48
906653,51883,SKU-51459,Electronics,1,8.61,8.61
906654,51883,SKU-63692,Apparel,4,6.39,25.56
906655,51884,SKU-78811,Apparel,3,57.34,172.02
906656,51884,SKU-10677,Electronics,4,72.06,288.24
906657,51885,SKU-26276,Grocery,2,49.71,99.42
906658,51885,SKU-33298,Apparel,3,28.17,84.51
906659,51885,SKU-45359,Electronics,3,18.88,56.64
906660,51885,SKU-78494,Home,4,13.23,52.92
906661,51885,SKU-23659,Grocery,4,25.95,103.8
906662,51886,SKU-91573,Sports,1,12.28,12.28
906663,51886,SKU-95451,Home,3,18.44,55.32
906664,51887,SKU-79077,Home,3,13.1,39.3
906665,51887,SKU-97744,Sports,3,14.32,42.96
906666,51887,SKU-57507,Sports,1,11.32,11.32
906667,51887,SKU-70758,Apparel,2,19.35,38.7
906668,51887,SKU-77567,Home,3,30.08,90.24
906669,51887,SKU-26812,Electronics,2,50.28,100.56
906670,51888,SKU-44770,Sports,1,11.06,11.06
906671,51888,SKU-60447,Sports,1,7.44,7.44
906672,51889,SKU-42091,Home,1,37.74,37.74
906673,51889,SKU-44388,Sports,4,40.55,162.2
906674,51889,SKU-81416,Grocery,4,128.94,515.76
906675,51889,SKU-43096,Home,1,13.51,13.51
906676,51889,SKU-76503,Apparel,4,47.2,188.8
906677,51889,SKU-75460,Grocery,2,33.72,67.44
906678,51890,SKU-49090,Electronics,4,33.76,135.04
906679,51890,SKU-35630,Home,2,37.51,75.02
906680,51890,SKU-16843,Grocery,4,54.11,216.44
906681,51891,SKU-58673,Home,2,18.93,37.86
906682,51891,SKU-66679,Grocery,4,23.35,93.4
906683,51892,SKU-43729,Grocery,4,12.36,49.44
906684,51892,SKU-99725,Grocery,3,2.68,8.04
906685,51893,SKU-31655,Home,3,24.66,73.98
906686,51893,SKU-17697,Home,4,63.2,252.8
906687,51893,SKU-52993,Apparel,2,59.39,118.78
906688,51894,SKU-21546,Grocery,4,100.15,400.6
906689,51894,SKU-35423,Sports,4,136.83,547.32
906690,51894,SKU-92619,Apparel,1,9.55,9.55
906691,51895,SKU-64341,Home,2,67.55,135.1
906692,51895,SKU-17121,Home,3,15.31,45.93
906693,51895,SKU-95651,Electronics,2,89.39,178.78
906694,51896,SKU-35517,Electronics,3,52.76,158.28
906695,51896,SKU-15087,Home,2,24.0,48.0
906696,51896,SKU-83432,Electronics,4,12.55,50.2
906697,51896,SKU-55741,Apparel,4,35.77,143.08
906698,51897,SKU-47133,Grocery,1,9.53,9.53
906699,51897,SKU-50788,Apparel,4,16.38,65.52
906700,51897,SKU-89710,Home,1,12.4,12.4
906701,51898,SKU-71348,Apparel,1,41.34,41.34
906702,51898,SKU-56559,Grocery,4,7.91,31.64
906703,51898,SKU-10950,Apparel,3,18.42,55.26
906704,51898,SKU-42635,Sports,1,29.21,29.21
906705,51898,SKU-80074,Electronics,4,16.65,66.6
906706,51899,SKU-28747,Electronics,2,10.83,21.66
906707,51899,SKU-61635,Grocery,2,10.93,21.86
906708,51899,SKU-22116,Home,4,34.23,136.92
906709,51899,SKU-52609,Apparel,3,35.35,106.05
906710,51900,SKU-59090,Grocery,3,39.97,119.91
906711,51901,SKU-97415,Sports,2,21.2,42.4
906712,51902,SKU-40496,Electronics,2,36.59,73.18
906713,51903,SKU-86909,Home,3,25.98,77.94
906714,51903,SKU-36071,Grocery,3,38.45,115.35
906715,51903,SKU-88711,Grocery,2,23.69,47.38
906716,51903,SKU-19626,Apparel,4,12.58,50.32
906717,51903,SKU-31664,Apparel,2,42.69,85.38
906718,51904,SKU-31543,Home,3,9.16,27.48
906719,51905,SKU-84684,Sports,2,42.48,84.96
906720,51905,SKU-98063,Sports,4,42.81,171.24
906721,51905,SKU-93517,Grocery,3,31.1,93.3
906722,51905,SKU-58528,Electronics,4,25.46,101.84
906723,51905,SKU-48294,Grocery,2,22.71,45.42
906724,51905,SKU-71995,Electronics,4,28.58,114.32
906725,51906,SKU-15312,Sports,2,6.26,12.52
906726,51906,SKU-57593,Grocery,3,10.64,31.92
906727,51906,SKU-95219,Electronics,2,39.17,78.34
906728,51906,SKU-19650,Sports,1,5.8,5.8
906729,51907,SKU-38972,Electronics,4,8.64,34.56
906730,51907,SKU-73619,Apparel,1,34.2,34.2
906731,51907,SKU-92326,Apparel,2,13.28,26.56
906732,51907,SKU-32248,Apparel,2,58.86,117.72
906733,51907,SKU-20978,Home,4,24.0,96.0
906734,51907,SKU-90653,Grocery,4,16.27,65.08
906735,51908,SKU-58729,Electronics,1,12.74,12.74
906736,51908,SKU-25642,Sports,3,36.22,108.66
906737,51908,SKU-61401,Apparel,4,5.85,23.4
906738,51908,SKU-13152,Apparel,2,33.86,67.72
906739,51908,SKU-95217,Electronics,1,20.67,20.67
906740,51909,SKU-10473,Grocery,1,13.95,13.95
906741,51909,SKU-36068,Sports,2,20.93,41.86
906742,51909,SKU-58378,Grocery,3,37.54,112.62
906743,51909,SKU-17866,Home,3,26.3,78.9
906744,51909,SKU-10543,Grocery,4,11.13,44.52
906745,51910,SKU-11602,Grocery,2,27.57,55.14
906746,51910,SKU-13910,Grocery,3,11.21,33.63
906747,51911,SKU-39967,Sports,1,31.13,31.13
906748,51911,SKU-84398,Sports,4,12.16,48.64
906749,51911,SKU-95455,Apparel,2,181.35,362.7
906750,51911,SKU-43057,Grocery,2,10.72,21.44
906751,51912,SKU-63842,Apparel,2,115.85,231.7
906752,51912,SKU-83208,Sports,2,18.86,37.72
906753,51912,SKU-16991,Home,2,76.11,152.22
906754,51913,SKU-63617,Sports,4,42.77,171.08
906755,51913,SKU-57486,Grocery,2,29.51,59.02
906756,51913,SKU-71588,Grocery,1,10.41,10.41
906757,51913,SKU-43715,Home,2,35.34,70.68
906758,51913,SKU-66979,Sports,2,24.4,48.8
906759,51914,SKU-99155,Grocery,4,14.85,59.4
906760,51914,SKU-21801,Sports,1,37.61,37.61
906761,51914,SKU-22234,Home,3,9.45,28.35
906762,51914,SKU-36792,Apparel,2,13.92,27.84
906763,51914,SKU-53102,Grocery,2,23.89,47.78
906764,51915,SKU-19350,Sports,1,36.4,36.4
906765,51916,SKU-38793,Electronics,2,51.94,103.88
906766,51916,SKU-69634,Sports,2,60.29,120.58
906767,51916,SKU-29942,Electronics,3,28.33,84.99
906768,51917,SKU-74865,Grocery,3,14.74,44.22
906769,51917,SKU-41502,Grocery,1,6.3,6.3
906770,51917,SKU-48072,Home,3,6.96,20.88
906771,51917,SKU-13845,Electronics,4,51.99,207.96
906772,51917,SKU-34560,Home,4,32.37,129.48
906773,51918,SKU-95243,Sports,2,9.87,19.74
906774,51918,SKU-78259,Grocery,3,34.55,103.65
906775,51919,SKU-31221,Electronics,2,25.68,51.36
906776,51919,SKU-23052,Apparel,3,19.14,57.42
906777,51920,SKU-99721,Grocery,3,12.77,38.31
906778,51920,SKU-26135,Home,2,8.71,17.42
906779,51920,SKU-36877,Apparel,4,4.33,17.32
906780,51920,SKU-74427,Sports,1,7.47,7.47
906781,51920,SKU-17076,Grocery,2,43.99,87.98
906782,51921,SKU-80304,Electronics,3,62.38,187.14
906783,51921,SKU-49355,Sports,2,37.18,74.36
906784,51921,SKU-25157,Electronics,3,27.41,82.23
906785,51921,SKU-92115,Grocery,3,14.03,42.09
906786,51921,SKU-93917,Grocery,4,26.48,105.92
906787,51922,SKU-16030,Home,2,8.88,17.76
906788,51923,SKU-94868,Home,1,34.8,34.8
906789,51924,SKU-30060,Sports,2,36.34,72.68
906790,51924,SKU-10259,Electronics,3,9.36,28.08
906791,51925,SKU-40853,Home,3,33.62,100.86
906792,51925,SKU-78206,Electronics,3,24.61,73.83
906793,51925,SKU-61939,Electronics,1,18.85,18.85
906794,51925,SKU-73623,Grocery,3,24.57,73.71
906795,51925,SKU-47682,Home,2,50.6,101.2
906796,51925,SKU-98113,Apparel,3,26.84,80.52
906797,51926,SKU-29166,Sports,4,3.13,12.52
906798,51926,SKU-26533,Grocery,1,68.44,68.44
906799,51926,SKU-56780,Home,1,20.62,20.62
906800,51926,SKU-70148,Grocery,4,20.88,83.52
906801,51927,SKU-85880,Apparel,2,16.46,32.92
906802,51927,SKU-81806,Apparel,1,73.0,73.0
906803,51928,SKU-95287,Electronics,3,15.03,45.09
906804,51928,SKU-97942,Grocery,1,42.17,42.17
906805,51929,SKU-92794,Grocery,2,30.63,61.26
906806,51929,SKU-97980,Grocery,2,25.69,51.38
906807,51929,SKU-82898,Sports,4,87.79,351.16
906808,51929,SKU-71224,Sports,3,19.36,58.08
906809,51930,SKU-12521,Electronics,3,9.96,29.88
906810,51930,SKU-89104,Sports,1,82.42,82.42
906811,51930,SKU-11016,Sports,4,8.38,33.52
906812,51930,SKU-73780,Home,3,23.02,69.06
906813,51930,SKU-31886,Apparel,1,12.02,12.02
906814,51931,SKU-38926,Electronics,3,62.32,186.96
906815,51932,SKU-20041,Electronics,3,23.14,69.42
906816,51932,SKU-82997,Electronics,3,28.48,85.44
906817,51932,SKU-20599,Home,3,15.44,46.32
906818,51933,SKU-74038,Grocery,3,7.69,23.07
906819,51933,SKU-57035,Sports,1,21.75,21.75
906820,51933,SKU-75165,Sports,3,54.1,162.3
906821,51933,SKU-45788,Apparel,1,39.64,39.64
906822,51933,SKU-83967,Grocery,4,7.59,30.36
906823,51933,SKU-21041,Home,1,18.7,18.7
906824,51934,SKU-12428,Home,3,84.43,253.29
906825,51934,SKU-79070,Grocery,2,68.94,137.88
906826,51934,SKU-48582,Grocery,4,50.8,203.2
906827,51934,SKU-10631,Grocery,1,13.08,13.08
906828,51934,SKU-14226,Electronics,3,15.51,46.53
906829,51935,SKU-34875,Apparel,4,79.93,319.72
906830,51935,SKU-51603,Electronics,2,10.92,21.84
906831,51935,SKU-10877,Apparel,2,17.15,34.3
906832,51935,SKU-58690,Apparel,2,14.22,28.44
906833,51935,SKU-29941,Electronics,1,4.0,4.0
906834,51935,SKU-86453,Electronics,4,7.15,28.6
906835,51936,SKU-81236,Home,3,6.12,18.36
906836,51936,SKU-75202,Grocery,2,28.24,56.48
906837,51936,SKU-57590,Electronics,3,9.17,27.51
906838,51937,SKU-69339,Home,2,37.64,75.28
906839,51937,SKU-20947,Sports,2,75.49,150.98
906840,51937,SKU-10276,Apparel,1,13.37,13.37
906841,51938,SKU-63568,Apparel,1,67.59,67.59
906842,51938,SKU-76760,Sports,3,27.43,82.29
906843,51938,SKU-73985,Apparel,3,33.39,100.17
906844,51938,SKU-33034,Electronics,1,29.92,29.92
906845,51938,SKU-66449,Home,1,25.15,25.15
906846,51939,SKU-13823,Apparel,3,9.59,28.77
906847,51939,SKU-82968,Electronics,2,15.92,31.84
906848,51939,SKU-44562,Electronics,3,156.44,469.32
906849,51940,SKU-39331,Apparel,3,58.03,174.09
906850,51941,SKU-79067,Home,1,13.94,13.94
906851,51941,SKU-96577,Home,2,12.48,24.96
906852,51941,SKU-73640,Grocery,3,12.03,36.09
906853,51941,SKU-96858,Grocery,4,24.37,97.48
906854,51941,SKU-21292,Apparel,4,28.23,112.92
906855,51941,SKU-39964,Home,3,5.74,17.22
906856,51942,SKU-58435,Apparel,1,12.02,12.02
906857,51942,SKU-61541,Electronics,4,63.95,255.8
906858,51942,SKU-22934,Sports,1,17.68,17.68
906859,51943,SKU-31199,Electronics,3,31.15,93.45
906860,51943,SKU-24440,Sports,4,13.84,55.36
906861,51943,SKU-98859,Grocery,4,74.91,299.64
906862,51943,SKU-15526,Home,3,10.52,31.56
906863,51943,SKU-22945,Home,2,29.08,58.16
906864,51943,SKU-63576,Apparel,2,7.19,14.38
906865,51944,SKU-71206,Home,2,9.22,18.44
906866,51944,SKU-24264,Apparel,3,28.21,84.63
906867,51944,SKU-75099,Sports,2,7.29,14.58
906868,51944,SKU-45037,Grocery,2,17.56,35.12
906869,51944,SKU-75174,Apparel,3,69.45,208.35
906870,51945,SKU-43304,Grocery,1,59.6,59.6
906871,51946,SKU-92618,Apparel,3,13.57,40.71
906872,51946,SKU-13266,Home,2,41.1,82.2
906873,51946,SKU-41500,Grocery,4,12.87,51.48
906874,51946,SKU-64767,Electronics,1,10.05,10.05
906875,51946,SKU-59586,Home,2,15.13,30.26
906876,51947,SKU-84496,Sports,1,63.0,63.0
906877,51948,SKU-66008,Apparel,3,12.25,36.75
906878,51948,SKU-10830,Sports,1,65.54,65.54
906879,51949,SKU-11795,Electronics,4,44.42,177.68
906880,51949,SKU-70626,Electronics,3,32.35,97.05
906881,51949,SKU-68589,Apparel,3,21.71,65.13
906882,51949,SKU-45211,Apparel,1,73.18,73.18
906883,51949,SKU-32593,Apparel,2,22.88,45.76
906884,51949,SKU-14589,Apparel,2,22.09,44.18
906885,51950,SKU-74314,Electronics,2,26.16,52.32
906886,51950,SKU-87197,Home,2,39.86,79.72
906887,51950,SKU-38744,Electronics,2,24.43,48.86
906888,51950,SKU-98084,Home,4,6.06,24.24
906889,51951,SKU-58893,Sports,2,16.28,32.56
906890,51952,SKU-98848,Electronics,3,14.1,42.3
906891,51952,SKU-33198,Electronics,3,16.18,48.54
906892,51952,SKU-29756,Electronics,4,18.37,73.48
906893,51952,SKU-84591,Apparel,3,6.99,20.97
906894,51952,SKU-11489,Sports,2,7.49,14.98
906895,51952,SKU-64237,Apparel,4,16.35,65.4
906896,51953,SKU-10265,Apparel,3,9.47,28.41
906897,51953,SKU-34571,Electronics,1,31.89,31.89
906898,51953,SKU-17880,Grocery,3,17.99,53.97
906899,51953,SKU-20529,Electronics,4,23.71,94.84
906900,51953,SKU-39010,Grocery,2,8.08,16.16
906901,51953,SKU-56764,Home,3,19.44,58.32
906902,51954,SKU-75468,Grocery,1,23.56,23.56
906903,51954,SKU-46335,Sports,4,10.6,42.4
906904,51955,SKU-28171,Sports,2,14.04,28.08
906905,51955,SKU-18279,Grocery,1,45.1,45.1
906906,51955,SKU-81183,Electronics,1,16.73,16.73
906907,51956,SKU-27275,Apparel,1,40.49,40.49
906908,51956,SKU-61901,Home,2,14.28,28.56
906909,51956,SKU-35271,Apparel,2,12.71,25.42
906910,51956,SKU-76178,Electronics,1,56.91,56.91
906911,51956,SKU-91494,Sports,4,41.42,165.68
906912,51957,SKU-29902,Grocery,2,81.61,163.22
906913,51957,SKU-18246,Apparel,4,47.29,189.16
906914,51958,SKU-44952,Grocery,4,12.14,48.56
906915,51958,SKU-44873,Electronics,3,12.52,37.56
906916,51958,SKU-92947,Grocery,4,49.08,196.32
906917,51958,SKU-71094,Grocery,2,51.44,102.88
906918,51958,SKU-36737,Apparel,2,46.95,93.9
906919,51958,SKU-24242,Grocery,1,7.19,7.19
906920,51959,SKU-53153,Grocery,2,45.06,90.12
906921,51959,SKU-23390,Sports,1,24.04,24.04
906922,51960,SKU-11963,Sports,1,55.37,55.37
906923,51960,SKU-16333,Home,3,6.07,18.21
906924,51960,SKU-51772,Sports,2,48.16,96.32
906925,51960,SKU-36466,Home,1,21.39,21.39
906926,51961,SKU-27388,Apparel,3,96.37,289.11
906927,51961,SKU-78687,Grocery,1,18.85,18.85
906928,51961,SKU-76977,Grocery,2,18.13,36.26
906929,51961,SKU-72233,Electronics,1,32.56,32.56
906930,51961,SKU-87264,Home,3,13.6,40.8
906931,51961,SKU-40863,Home,4,20.67,82.68
906932,51962,SKU-84646,Apparel,3,26.89,80.67
906933,51962,SKU-69378,Sports,1,12.8,12.8
906934,51962,SKU-38689,Electronics,3,17.33,51.99
906935,51962,SKU-73343,Apparel,4,20.68,82.72
906936,51963,SKU-90799,Apparel,2,24.96,49.92
906937,51963,SKU-33642,Grocery,3,14.42,43.26
906938,51963,SKU-37396,Electronics,4,14.19,56.76
906939,51964,SKU-96288,Electronics,1,9.73,9.73
906940,51964,SKU-99602,Grocery,2,140.39,280.78
906941,51964,SKU-15896,Electronics,2,43.12,86.24
906942,51964,SKU-67219,Sports,4,49.64,198.56
906943,51964,SKU-23198,Grocery,2,15.75,31.5
906944,51964,SKU-65891,Electronics,4,40.57,162.28
906945,51965,SKU-65900,Apparel,3,22.28,66.84
906946,51965,SKU-13338,Grocery,4,21.22,84.88
906947,51965,SKU-24537,Apparel,4,51.28,205.12
906948,51965,SKU-53233,Home,4,5.34,21.36
906949,51966,SKU-76020,Electronics,1,23.87,23.87
906950,51966,SKU-78295,Grocery,2,60.79,121.58
906951,51966,SKU-45686,Electronics,1,24.59,24.59
906952,51966,SKU-35718,Apparel,4,11.99,47.96
906953,51966,SKU-40304,Sports,1,47.19,47.19
906954,51967,SKU-28297,Electronics,3,15.61,46.83
906955,51967,SKU-79484,Sports,4,28.51,114.04
906956,51967,SKU-32746,Apparel,2,13.1,26.2
906957,51967,SKU-24160,Grocery,2,62.0,124.0
906958,51967,SKU-18061,Apparel,1,15.75,15.75
906959,51967,SKU-57750,Sports,4,10.45,41.8
906960,51968,SKU-96972,Grocery,1,25.75,25.75
906961,51968,SKU-94323,Apparel,1,10.75,10.75
906962,51968,SKU-34612,Sports,3,30.4,91.2
906963,51968,SKU-73475,Home,4,11.26,45.04
906964,51969,SKU-93266,Sports,3,67.35,202.05
906965,51969,SKU-45842,Apparel,1,16.23,16.23
906966,51969,SKU-42408,Home,1,45.75,45.75
906967,51969,SKU-15361,Sports,4,31.14,124.56
906968,51969,SKU-58314,Electronics,1,4.37,4.37
906969,51970,SKU-49209,Home,4,109.53,438.12
906970,51970,SKU-65748,Grocery,3,33.34,100.02
906971,51970,SKU-11975,Electronics,2,9.89,19.78
906972,51970,SKU-59136,Electronics,2,53.18,106.36
906973,51971,SKU-79314,Grocery,3,6.89,20.67
906974,51971,SKU-91269,Home,4,23.64,94.56
906975,51972,SKU-83334,Sports,2,25.16,50.32
906976,51972,SKU-44509,Apparel,4,9.91,39.64
906977,51972,SKU-87633,Sports,3,170.07,510.21
906978,51972,SKU-30522,Grocery,2,16.69,33.38
906979,51973,SKU-45452,Grocery,3,24.07,72.21
906980,51973,SKU-96544,Electronics,2,22.53,45.06
906981,51973,SKU-87392,Electronics,1,8.57,8.57
906982,51973,SKU-10855,Grocery,3,38.83,116.49
906983,51973,SKU-91954,Electronics,2,37.42,74.84
906984,51974,SKU-55409,Home,4,88.86,355.44
906985,51974,SKU-23050,Sports,4,24.01,96.04
906986,51974,SKU-46066,Electronics,4,15.81,63.24
906987,51975,SKU-17702,Sports,1,18.2,18.2
906988,51975,SKU-49663,Grocery,1,66.48,66.48
906989,51976,SKU-18176,Electronics,3,19.7,59.1
906990,51976,SKU-36060,Apparel,4,11.83,47.32
906991,51977,SKU-82561,Electronics,1,29.34,29.34
906992,51977,SKU-32986,Sports,1,17.13,17.13
906993,51977,SKU-96800,Sports,4,71.42,285.68
906994,51977,SKU-12914,Electronics,4,6.71,26.84
906995,51978,SKU-82418,Apparel,2,48.36,96.72
906996,51979,SKU-11911,Grocery,3,26.82,80.46
906997,51979,SKU-81043,Apparel,2,19.22,38.44
906998,51979,SKU-63220,Home,3,33.08,99.24
906999,51980,SKU-24394,Home,2,6.3,12.6
907000,51980,SKU-97753,Sports,1,50.68,50.68
907001,51980,SKU-82164,Home,1,9.02,9.02
907002,51980,SKU-88926,Electronics,4,43.69,174.76
907003,51980,SKU-46053,Electronics,3,14.64,43.92
907004,51981,SKU-94143,Apparel,2,27.42,54.84
907005,51982,SKU-42480,Sports,1,32.18,32.18
907006,51983,SKU-81237,Grocery,1,33.28,33.28
907007,51983,SKU-12692,Home,3,6.73,20.19
907008,51983,SKU-98540,Grocery,3,14.81,44.43
907009,51983,SKU-56164,Electronics,2,18.81,37.62
907010,51983,SKU-56426,Grocery,4,16.92,67.68
907011,51984,SKU-45959,Home,3,59.59,178.77
907012,51984,SKU-70475,Sports,2,8.19,16.38
907013,51984,SKU-90581,Grocery,1,37.25,37.25
907014,51984,SKU-20657,Home,4,69.47,277.88
907015,51984,SKU-65692,Home,1,44.06,44.06
907016,51984,SKU-53053,Home,2,26.87,53.74
907017,51985,SKU-93543,Apparel,3,51.04,153.12
907018,51985,SKU-46267,Sports,2,13.81,27.62
907019,51985,SKU-36156,Apparel,4,19.61,78.44
907020,51985,SKU-23678,Electronics,4,11.23,44.92
907021,51985,SKU-43379,Electronics,2,19.47,38.94
907022,51986,SKU-27364,Apparel,3,25.34,76.02
907023,51986,SKU-79754,Sports,4,25.97,103.88
907024,51986,SKU-52854,Grocery,3,23.03,69.09
907025,51987,SKU-82529,Apparel,3,22.08,66.24
907026,51987,SKU-27823,Grocery,1,39.23,39.23
907027,51987,SKU-73787,Home,3,22.18,66.54
907028,51987,SKU-84111,Electronics,1,34.92,34.92
907029,51987,SKU-27214,Electronics,2,63.99,127.98
907030,51987,SKU-18477,Apparel,1,21.3,21.3
907031,51988,SKU-10163,Home,4,61.72,246.88
907032,51989,SKU-76482,Home,3,25.4,76.2
907033,51989,SKU-38963,Grocery,4,18.56,74.24
907034,51989,SKU-62844,Home,3,11.39,34.17
907035,51990,SKU-92406,Apparel,1,16.43,16.43
907036,51990,SKU-32743,Apparel,4,52.43,209.72
907037,51990,SKU-96731,Sports,1,14.8,14.8
907038,51990,SKU-90087,Grocery,4,34.84,139.36
907039,51990,SKU-61232,Home,3,27.2,81.6
907040,51990,SKU-66346,Grocery,1,15.63,15.63
907041,51991,SKU-92651,Home,2,18.81,37.62
907042,51992,SKU-91750,Grocery,1,16.94,16.94
907043,51993,SKU-85880,Electronics,4,16.62,66.48
907044,51993,SKU-51993,Electronics,4,22.98,91.92
907045,51994,SKU-97316,Home,3,16.46,49.38
907046,51994,SKU-34445,Sports,3,11.79,35.37
907047,51994,SKU-89937,Home,4,8.97,35.88
907048,51994,SKU-63345,Apparel,4,18.13,72.52
907049,51994,SKU-34347,Home,4,19.27,77.08
907050,51994,SKU-37715,Grocery,3,28.29,84.87
907051,51995,SKU-40411,Grocery,3,40.31,120.93
907052,51996,SKU-67029,Home,2,7.87,15.74
907053,51997,SKU-36857,Home,4,36.73,146.92
907054,51997,SKU-96801,Home,4,12.15,48.6
907055,51997,SKU-27985,Grocery,1,14.09,14.09
907056,51997,SKU-12041,Apparel,1,30.13,30.13
907057,51998,SKU-98009,Sports,1,38.23,38.23
907058,51998,SKU-39120,Electronics,3,15.28,45.84
907059,51998,SKU-84544,Grocery,2,22.34,44.68
907060,51998,SKU-11307,Apparel,1,27.54,27.54
907061,51998,SKU-62569,Sports,1,41.21,41.21
907062,51999,SKU-80662,Grocery,2,13.56,27.12
907063,51999,SKU-62908,Electronics,3,23.02,69.06
907064,52000,SKU-92306,Sports,3,38.96,116.88
907065,52000,SKU-89857,Electronics,2,42.29,84.58
907066,52000,SKU-87889,Home,3,6.36,19.08
907067,52000,SKU-37204,Electronics,4,21.37,85.48
907068,52000,SKU-29513,Home,4,12.45,49.8
907069,52001,SKU-44269,Electronics,4,21.67,86.68
907070,52001,SKU-38186,Apparel,3,60.77,182.31
907071,52001,SKU-64391,Sports,1,34.46,34.46
907072,52002,SKU-45672,Sports,3,9.5,28.5
907073,52003,SKU-57400,Electronics,4,21.34,85.36
907074,52003,SKU-21061,Sports,3,23.61,70.83
907075,52003,SKU-84723,Sports,3,18.33,54.99
907076,52003,SKU-77022,Grocery,1,16.95,16.95
907077,52003,SKU-26844,Apparel,2,16.98,33.96
907078,52004,SKU-52980,Home,3,16.95,50.85
907079,52004,SKU-37469,Home,1,28.79,28.79
907080,52004,SKU-90346,Electronics,1,19.87,19.87
907081,52004,SKU-23300,Grocery,2,28.23,56.46
907082,52005,SKU-52604,Grocery,3,10.4,31.2
907083,52005,SKU-43996,Grocery,4,19.98,79.92
907084,52005,SKU-32755,Sports,2,30.41,60.82
907085,52005,SKU-19811,Home,1,12.4,12.4
907086,52006,SKU-23299,Sports,2,23.72,47.44
907087,52006,SKU-50755,Apparel,3,34.96,104.88
907088,52006,SKU-16715,Electronics,1,10.59,10.59
907089,52006,SKU-69994,Grocery,3,19.82,59.46
907090,52006,SKU-95487,Home,4,13.21,52.84
907091,52007,SKU-90055,Sports,2,12.74,25.48
907092,52007,SKU-86711,Grocery,1,17.05,17.05
907093,52007,SKU-73285,Apparel,3,57.12,171.36
907094,52008,SKU-36949,Apparel,1,24.58,24.58
907095,52008,SKU-37222,Home,2,15.81,31.62
907096,52009,SKU-82272,Home,3,6.43,19.29
907097,52009,SKU-34380,Grocery,2,22.68,45.36
907098,52010,SKU-47537,Apparel,3,30.86,92.58
907099,52010,SKU-95605,Grocery,1,22.55,22.55
907100,52010,SKU-47878,Sports,2,20.97,41.94
907101,52010,SKU-35380,Home,3,37.7,113.1
907102,52010,SKU-85853,Electronics,1,47.56,47.56
907103,52010,SKU-16553,Apparel,1,12.48,12.48
907104,52011,SKU-23596,Home,1,4.63,4.63
907105,52011,SKU-36968,Grocery,3,37.55,112.65
907106,52011,SKU-30000,Electronics,4,90.11,360.44
907107,52011,SKU-90527,Grocery,4,10.06,40.24
907108,52011,SKU-64721,Grocery,1,42.36,42.36
907109,52012,SKU-35735,Grocery,1,10.58,10.58
907110,52012,SKU-94582,Home,2,8.29,16.58
907111,52012,SKU-83279,Grocery,4,13.65,54.6
907112,52012,SKU-96927,Grocery,1,17.11,17.11
907113,52012,SKU-67621,Electronics,3,13.9,41.7
907114,52012,SKU-48126,Apparel,1,58.71,58.71
907115,52013,SKU-35098,Apparel,3,25.4,76.2
907116,52013,SKU-10381,Apparel,3,59.43,178.29
907117,52013,SKU-76239,Electronics,2,28.55,57.1
907118,52013,SKU-40142,Apparel,4,70.46,281.84
907119,52014,SKU-25332,Sports,3,15.19,45.57
907120,52014,SKU-14492,Grocery,1,14.39,14.39
907121,52015,SKU-96707,Sports,3,30.06,90.18
907122,52015,SKU-50101,Apparel,1,42.17,42.17
907123,52015,SKU-22139,Grocery,3,13.76,41.28
907124,52015,SKU-43020,Home,3,10.55,31.65
907125,52015,SKU-11715,Home,4,9.33,37.32
907126,52015,SKU-35517,Electronics,4,19.19,76.76
907127,52016,SKU-55924,Sports,1,5.94,5.94
907128,52016,SKU-92850,Grocery,1,23.24,23.24
907129,52016,SKU-32536,Sports,1,28.99,28.99
907130,52016,SKU-58364,Apparel,3,209.31,627.93
907131,52016,SKU-68980,Sports,2,163.84,327.68
907132,52016,SKU-70889,Home,1,13.31,13.31
907133,52017,SKU-81861,Home,1,8.29,8.29
907134,52017,SKU-31158,Home,2,84.07,168.14
907135,52017,SKU-10918,Apparel,1,24.9,24.9
907136,52017,SKU-74301,Grocery,3,34.7,104.1
907137,52018,SKU-45068,Electronics,1,27.47,27.47
907138,52018,SKU-17709,Home,3,29.94,89.82
907139,52018,SKU-30274,Sports,1,5.95,5.95
907140,52018,SKU-80063,Sports,3,19.05,57.15
907141,52019,SKU-47606,Sports,1,10.07,10.07
907142,52019,SKU-50760,Sports,4,92.88,371.52
907143,52020,SKU-64696,Grocery,3,13.52,40.56
907144,52020,SKU-58745,Electronics,2,62.02,124.04
907145,52020,SKU-87178,Sports,1,9.61,9.61
907146,52020,SKU-33570,Home,2,31.34,62.68
907147,52020,SKU-18664,Home,1,7.97,7.97
907148,52020,SKU-14322,Electronics,4,6.86,27.44
907149,52021,SKU-81869,Apparel,3,17.8,53.4
907150,52021,SKU-26485,Apparel,1,21.53,21.53
907151,52022,SKU-74529,Apparel,3,19.0,57.0
907152,52022,SKU-65106,Home,2,7.2,14.4
907153,52022,SKU-74625,Sports,2,10.96,21.92
907154,52022,SKU-94327,Electronics,1,25.32,25.32
907155,52023,SKU-18506,Sports,3,9.12,27.36
907156,52023,SKU-52676,Sports,4,11.37,45.48
907157,52023,SKU-14554,Grocery,3,69.79,209.37
907158,52023,SKU-77071,Sports,4,9.79,39.16
907159,52023,SKU-67273,Apparel,3,34.26,102.78
907160,52024,SKU-50938,Apparel,2,32.28,64.56
907161,52025,SKU-44876,Electronics,1,20.07,20.07
907162,52025,SKU-87104,Electronics,3,55.29,165.87
907163,52025,SKU-64535,Sports,2,36.34,72.68
907164,52025,SKU-56767,Apparel,2,22.88,45.76
907165,52025,SKU-88816,Home,1,4.58,4.58
907166,52026,SKU-51313,Apparel,2,20.55,41.1
907167,52026,SKU-98219,Grocery,1,9.64,9.64
907168,52026,SKU-68770,Home,1,17.64,17.64
907169,52026,SKU-46596,Apparel,4,7.93,31.72
907170,52027,SKU-41683,Electronics,2,24.96,49.92
907171,52027,SKU-95102,Electronics,1,12.82,12.82
907172,52027,SKU-21320,Home,2,10.04,20.08
907173,52028,SKU-49914,Home,1,48.43,48.43
907174,52028,SKU-82001,Home,2,11.14,22.28
907175,52028,SKU-51005,Grocery,2,19.04,38.08
907176,52029,SKU-27271,Home,2,122.8,245.6
907177,52030,SKU-43447,Grocery,4,8.96,35.84
907178,52030,SKU-61048,Electronics,2,11.51,23.02
907179,52030,SKU-69113,Apparel,2,54.69,109.38
907180,52030,SKU-86044,Grocery,1,35.89,35.89
907181,52030,SKU-48200,Electronics,4,30.85,123.4
907182,52030,SKU-61046,Apparel,1,83.27,83.27
907183,52031,SKU-88971,Sports,2,28.17,56.34
907184,52031,SKU-60647,Sports,2,9.54,19.08
907185,52031,SKU-45996,Apparel,4,26.61,106.44
907186,52031,SKU-77986,Grocery,3,32.69,98.07
907187,52031,SKU-88273,Sports,3,7.78,23.34
907188,52031,SKU-18011,Sports,4,63.18,252.72
907189,52032,SKU-30551,Home,2,83.61,167.22
907190,52032,SKU-90291,Sports,1,33.74,33.74
907191,52033,SKU-64603,Home,3,43.91,131.73
907192,52033,SKU-70471,Electronics,4,19.84,79.36
907193,52033,SKU-49410,Grocery,4,32.85,131.4
907194,52033,SKU-27197,Apparel,3,7.6,22.8
907195,52033,SKU-98250,Sports,2,36.84,73.68
907196,52033,SKU-21682,Apparel,1,26.49,26.49
907197,52034,SKU-76517,Apparel,2,29.09,58.18
907198,52034,SKU-92121,Grocery,3,11.15,33.45
907199,52035,SKU-77795,Grocery,4,6.98,27.92
907200,52035,SKU-60224,Sports,1,19.74,19.74
907201,52035,SKU-67097,Electronics,3,21.46,64.38
907202,52036,SKU-31423,Electronics,4,32.29,129.16
907203,52036,SKU-34710,Grocery,2,14.51,29.02
907204,52036,SKU-49068,Sports,2,34.39,68.78
907205,52036,SKU-11239,Electronics,3,9.99,29.97
907206,52036,SKU-23283,Home,2,40.44,80.88
907207,52036,SKU-59729,Apparel,4,8.71,34.84
907208,52037,SKU-80432,Home,2,16.01,32.02
907209,52037,SKU-84101,Sports,4,14.4,57.6
907210,52037,SKU-59870,Apparel,3,18.79,56.37
907211,52037,SKU-18918,Apparel,2,9.71,19.42
907212,52037,SKU-51509,Electronics,1,23.71,23.71
907213,52037,SKU-10349,Apparel,4,56.52,226.08
907214,52038,SKU-32320,Home,2,9.99,19.98
907215,52038,SKU-38244,Electronics,4,29.6,118.4
907216,52039,SKU-11612,Electronics,3,24.58,73.74
907217,52039,SKU-11720,Grocery,1,17.61,17.61
907218,52040,SKU-25341,Electronics,3,8.77,26.31
907219,52040,SKU-55758,Sports,4,27.83,111.32
907220,52040,SKU-61201,Home,3,18.33,54.99
907221,52040,SKU-24747,Home,1,11.39,11.39
907222,52041,SKU-23226,Home,3,20.09,60.27
907223,52041,SKU-96493,Apparel,4,27.14,108.56
907224,52041,SKU-46096,Apparel,3,30.94,92.82
907225,52041,SKU-91614,Grocery,3,27.05,81.15
907226,52041,SKU-23695,Home,1,83.35,83.35
907227,52041,SKU-23174,Apparel,2,18.87,37.74
907228,52042,SKU-60047,Sports,4,10.16,40.64
907229,52042,SKU-64098,Grocery,4,26.83,107.32
907230,52043,SKU-34722,Sports,4,29.14,116.56
907231,52043,SKU-17907,Home,4,93.8,375.2
907232,52043,SKU-14333,Electronics,1,56.21,56.21
907233,52044,SKU-75060,Grocery,1,6.43,6.43
907234,52045,SKU-52692,Apparel,2,11.71,23.42
907235,52045,SKU-18255,Home,3,43.56,130.68
907236,52045,SKU-63863,Sports,4,11.14,44.56
907237,52046,SKU-41759,Sports,1,13.83,13.83
907238,52046,SKU-68257,Apparel,3,25.53,76.59
907239,52046,SKU-75696,Sports,2,10.45,20.9
907240,52046,SKU-65524,Electronics,1,36.58,36.58
907241,52046,SKU-81918,Home,4,10.79,43.16
907242,52047,SKU-91368,Electronics,2,31.07,62.14
907243,52048,SKU-61542,Apparel,3,29.68,89.04
907244,52048,SKU-51183,Electronics,2,6.41,12.82
907245,52048,SKU-97038,Home,1,20.53,20.53
907246,52048,SKU-18507,Electronics,1,30.54,30.54
907247,52048,SKU-20963,Electronics,1,21.87,21.87
907248,52048,SKU-30634,Electronics,3,74.07,222.21
907249,52049,SKU-46023,Home,2,13.19,26.38
907250,52049,SKU-14755,Grocery,4,54.09,216.36
907251,52049,SKU-85753,Home,2,20.15,40.3
907252,52050,SKU-91080,Sports,2,53.2,106.4
907253,52051,SKU-56357,Grocery,2,8.87,17.74
907254,52051,SKU-22386,Home,1,21.4,21.4
907255,52051,SKU-19444,Apparel,4,10.71,42.84
907256,52051,SKU-89977,Grocery,2,42.08,84.16
907257,52051,SKU-73581,Electronics,4,32.29,129.16
907258,52051,SKU-13021,Grocery,3,37.53,112.59
907259,52052,SKU-20438,Apparel,1,17.32,17.32
907260,52052,SKU-57944,Home,1,43.75,43.75
907261,52053,SKU-54310,Sports,3,15.34,46.02
907262,52053,SKU-23020,Electronics,4,16.86,67.44
907263,52053,SKU-49804,Sports,1,8.39,8.39
907264,52054,SKU-54376,Electronics,1,13.65,13.65
907265,52055,SKU-11030,Electronics,4,89.97,359.88
907266,52055,SKU-37010,Home,1,140.95,140.95
907267,52055,SKU-25076,Apparel,1,15.35,15.35
907268,52056,SKU-87522,Apparel,3,13.59,40.77
907269,52056,SKU-92964,Electronics,2,10.44,20.88
907270,52056,SKU-68401,Electronics,1,7.37,7.37
907271,52056,SKU-53679,Electronics,2,30.3,60.6
907272,52056,SKU-96613,Home,4,12.89,51.56
907273,52057,SKU-31535,Apparel,2,8.11,16.22
907274,52057,SKU-51772,Electronics,3,25.14,75.42
907275,52058,SKU-23561,Home,4,8.16,32.64
907276,52058,SKU-12938,Sports,4,12.19,48.76
907277,52058,SKU-95655,Electronics,1,24.78,24.78
907278,52059,SKU-44950,Electronics,1,20.85,20.85
907279,52060,SKU-82723,Apparel,3,21.4,64.2
907280,52060,SKU-89535,Sports,2,22.16,44.32
907281,52061,SKU-26753,Sports,3,33.37,100.11
907282,52061,SKU-49604,Apparel,3,32.67,98.01
907283,52061,SKU-12197,Grocery,3,47.94,143.82
907284,52061,SKU-45529,Grocery,2,137.62,275.24
907285,52061,SKU-49353,Home,2,3.81,7.62
907286,52061,SKU-52697,Grocery,2,32.98,65.96
907287,52062,SKU-11401,Grocery,2,20.58,41.16
907288,52062,SKU-95357,Sports,2,22.79,45.58
907289,52062,SKU-74596,Apparel,1,12.42,12.42
907290,52062,SKU-34704,Sports,2,7.7,15.4
907291,52063,SKU-10608,Apparel,3,9.65,28.95
907292,52063,SKU-75410,Electronics,4,44.47,177.88
907293,52063,SKU-62827,Grocery,1,59.07,59.07
907294,52063,SKU-21240,Apparel,2,20.5,41.0
907295,52063,SKU-95842,Sports,2,27.14,54.28
907296,52064,SKU-61385,Apparel,1,29.27,29.27
907297,52065,SKU-94733,Home,1,6.01,6.01
907298,52065,SKU-72833,Sports,2,5.28,10.56
907299,52065,SKU-64867,Apparel,4,18.19,72.76
907300,52066,SKU-71179,Sports,2,28.36,56.72
907301,52066,SKU-48036,Sports,4,30.57,122.28
907302,52066,SKU-85298,Electronics,1,154.99,154.99
907303,52066,SKU-32838,Home,2,36.86,73.72
907304,52067,SKU-44623,Home,1,20.13,20.13
907305,52067,SKU-47055,Grocery,3,31.69,95.07
907306,52067,SKU-32754,Home,2,16.55,33.1
907307,52068,SKU-71236,Sports,1,94.45,94.45
907308,52069,SKU-98425,Home,2,46.86,93.72
907309,52070,SKU-19463,Apparel,1,8.47,8.47
907310,52070,SKU-75443,Home,1,5.99,5.99
907311,52071,SKU-67211,Sports,1,34.6,34.6
907312,52072,SKU-13104,Apparel,1,33.97,33.97
907313,52072,SKU-58157,Grocery,1,30.36,30.36
907314,52072,SKU-80677,Home,2,33.69,67.38
907315,52072,SKU-78916,Electronics,1,22.08,22.08
907316,52072,SKU-99693,Grocery,1,42.93,42.93
907317,52072,SKU-27704,Sports,3,30.0,90.0
907318,52073,SKU-90252,Grocery,4,10.61,42.44
907319,52073,SKU-14775,Apparel,3,5.63,16.89
907320,52073,SKU-17711,Sports,4,34.04,136.16
907321,52073,SKU-15081,Grocery,3,17.24,51.72
907322,52074,SKU-60572,Apparel,1,9.15,9.15
907323,52074,SKU-94922,Electronics,2,8.35,16.7
907324,52074,SKU-54641,Electronics,4,4.93,19.72
907325,52074,SKU-18107,Sports,3,63.21,189.63
907326,52075,SKU-74063,Home,4,11.75,47.0
907327,52075,SKU-36393,Apparel,1,23.64,23.64
907328,52075,SKU-49324,Electronics,1,7.29,7.29
907329,52076,SKU-58706,Electronics,4,31.33,125.32
907330,52076,SKU-49547,Home,3,18.64,55.92
907331,52076,SKU-46867,Sports,4,20.96,83.84
907332,52076,SKU-27435,Home,3,7.62,22.86
907333,52077,SKU-47741,Electronics,4,27.55,110.2
907334,52077,SKU-75436,Electronics,1,14.77,14.77
907335,52078,SKU-77721,Apparel,2,12.71,25.42
907336,52079,SKU-72978,Electronics,1,33.35,33.35
907337,52079,SKU-56115,Apparel,4,12.52,50.08
907338,52079,SKU-59667,Sports,1,49.77,49.77
907339,52079,SKU-82378,Electronics,4,5.32,21.28
907340,52079,SKU-40085,Electronics,3,12.01,36.03
907341,52079,SKU-41721,Electronics,1,17.46,17.46
907342,52080,SKU-31411,Home,2,62.19,124.38
907343,52081,SKU-92658,Apparel,3,31.41,94.23
907344,52081,SKU-74353,Grocery,3,32.6,97.8
907345,52081,SKU-45059,Grocery,3,4.54,13.62
907346,52082,SKU-56086,Grocery,1,94.61,94.61
907347,52082,SKU-25070,Apparel,2,22.17,44.34
907348,52082,SKU-90349,Electronics,3,10.44,31.32
907349,52083,SKU-38809,Apparel,2,20.17,40.34
907350,52083,SKU-98195,Grocery,4,23.55,94.2
907351,52083,SKU-76151,Apparel,1,48.1,48.1
907352,52083,SKU-33001,Electronics,1,17.34,17.34
907353,52083,SKU-77880,Sports,2,62.07,124.14
907354,52084,SKU-42852,Grocery,4,24.59,98.36
907355,52084,SKU-26802,Grocery,4,8.45,33.8
907356,52084,SKU-94431,Electronics,2,9.77,19.54
907357,52084,SKU-99440,Home,3,28.22,84.66
907358,52084,SKU-75720,Home,3,15.96,47.88
907359,52084,SKU-40426,Grocery,4,30.26,121.04
907360,52085,SKU-29528,Sports,1,66.26,66.26
907361,52085,SKU-72507,Home,1,26.88,26.88
907362,52086,SKU-26055,Electronics,3,50.31,150.93
907363,52086,SKU-50595,Home,3,32.97,98.91
907364,52086,SKU-20219,Apparel,4,28.94,115.76
907365,52086,SKU-77262,Apparel,1,43.96,43.96
907366,52086,SKU-93309,Electronics,2,24.27,48.54
907367,52087,SKU-79782,Sports,2,36.93,73.86
907368,52087,SKU-51295,Electronics,2,37.39,74.78
907369,52087,SKU-21823,Apparel,3,19.15,57.45
907370,52087,SKU-20441,Home,4,10.19,40.76
907371,52087,SKU-77856,Electronics,4,34.7,138.8
907372,52088,SKU-43892,Apparel,1,17.15,17.15
907373,52088,SKU-84335,Home,1,22.59,22.59
907374,52089,SKU-69526,Home,2,68.68,137.36
907375,52089,SKU-96439,Electronics,2,6.34,12.68
907376,52090,SKU-76940,Apparel,3,47.97,143.91
907377,52090,SKU-72371,Apparel,4,13.46,53.84
907378,52090,SKU-34058,Grocery,4,28.33,113.32
907379,52090,SKU-81001,Grocery,1,11.49,11.49
907380,52090,SKU-95732,Electronics,1,36.63,36.63
907381,52091,SKU-72721,Electronics,2,10.39,20.78
907382,52091,SKU-45413,Home,2,4.93,9.86
907383,52091,SKU-72912,Grocery,1,10.42,10.42
907384,52092,SKU-40759,Electronics,2,55.98,111.96
907385,52092,SKU-31507,Apparel,2,14.95,29.9
907386,52092,SKU-58515,Home,4,46.6,186.4
907387,52092,SKU-68462,Apparel,1,30.22,30.22
907388,52093,SKU-55913,Sports,1,8.18,8.18
907389,52093,SKU-46843,Apparel,1,25.72,25.72
907390,52093,SKU-31738,Apparel,4,40.65,162.6
907391,52094,SKU-51891,Home,2,23.94,47.88
907392,52095,SKU-64696,Apparel,2,24.6,49.2
907393,52095,SKU-81771,Electronics,4,28.36,113.44
907394,52095,SKU-14253,Grocery,3,21.93,65.79
907395,52096,SKU-85832,Grocery,4,28.97,115.88
907396,52096,SKU-69731,Electronics,3,38.14,114.42
907397,52096,SKU-97287,Electronics,4,33.09,132.36
907398,52096,SKU-46302,Grocery,3,36.69,110.07
907399,52097,SKU-54656,Grocery,1,9.8,9.8
907400,52097,SKU-62897,Home,1,73.51,73.51
907401,52097,SKU-77427,Apparel,4,29.31,117.24
907402,52098,SKU-10392,Apparel,1,24.85,24.85
907403,52098,SKU-72615,Sports,4,9.99,39.96
907404,52099,SKU-34004,Apparel,1,9.11,9.11
907405,52099,SKU-97253,Sports,2,12.57,25.14
907406,52099,SKU-82583,Electronics,3,5.45,16.35
907407,52100,SKU-91628,Home,1,56.59,56.59
907408,52101,SKU-18856,Electronics,2,41.36,82.72
907409,52101,SKU-12422,Sports,4,13.06,52.24
907410,52101,SKU-39029,Electronics,4,37.81,151.24
907411,52101,SKU-46030,Sports,2,14.2,28.4
907412,52101,SKU-90478,Sports,3,22.24,66.72
907413,52101,SKU-67842,Apparel,1,18.23,18.23
907414,52102,SKU-97488,Grocery,4,9.44,37.76
907415,52102,SKU-69204,Home,4,18.1,72.4
907416,52102,SKU-26959,Grocery,3,48.34,145.02
907417,52102,SKU-59766,Electronics,4,39.8,159.2
907418,52102,SKU-74658,Apparel,4,28.1,112.4
907419,52102,SKU-38453,Grocery,1,9.67,9.67
907420,52103,SKU-27117,Apparel,1,8.97,8.97
907421,52103,SKU-80241,Sports,4,4.36,17.44
907422,52104,SKU-63284,Home,4,17.35,69.4
907423,52105,SKU-82730,Electronics,2,30.05,60.1
907424,52106,SKU-18695,Home,1,37.88,37.88
907425,52107,SKU-91684,Electronics,3,21.76,65.28
907426,52107,SKU-99457,Grocery,1,27.34,27.34
907427,52107,SKU-87747,Apparel,2,49.65,99.3
907428,52107,SKU-99336,Home,2,21.69,43.38
907429,52108,SKU-19501,Apparel,2,14.11,28.22
907430,52108,SKU-58447,Grocery,4,29.02,116.08
907431,52108,SKU-34602,Apparel,4,15.62,62.48
907432,52108,SKU-59376,Home,3,28.65,85.95
907433,52109,SKU-41109,Grocery,1,43.12,43.12
907434,52109,SKU-80006,Grocery,2,27.08,54.16
907435,52110,SKU-63180,Home,1,13.09,13.09
907436,52110,SKU-77597,Grocery,3,29.67,89.01
907437,52110,SKU-11999,Apparel,4,5.13,20.52
907438,52111,SKU-93953,Apparel,4,17.39,69.56
907439,52111,SKU-56385,Grocery,1,79.0,79.0
907440,52112,SKU-22130,Home,1,13.12,13.12
907441,52112,SKU-51062,Home,4,19.28,77.12
907442,52112,SKU-49262,Sports,3,20.67,62.01
907443,52112,SKU-14267,Home,3,52.43,157.29
907444,52113,SKU-66904,Grocery,1,48.54,48.54
907445,52113,SKU-60375,Home,4,38.62,154.48
907446,52113,SKU-53576,Grocery,4,22.43,89.72
907447,52113,SKU-77700,Grocery,3,53.37,160.11
907448,52113,SKU-72490,Home,3,21.44,64.32
907449,52113,SKU-76430,Sports,4,11.34,45.36
907450,52114,SKU-49184,Apparel,1,28.88,28.88
907451,52114,SKU-75919,Apparel,2,55.71,111.42
907452,52114,SKU-33641,Apparel,2,31.58,63.16
907453,52114,SKU-22845,Electronics,3,32.5,97.5
907454,52114,SKU-92174,Grocery,4,12.4,49.6
907455,52114,SKU-11814,Home,4,14.97,59.88
907456,52115,SKU-86909,Grocery,2,22.67,45.34
907457,52115,SKU-92199,Home,1,54.76,54.76
907458,52115,SKU-39726,Grocery,2,4.85,9.7
907459,52115,SKU-30760,Apparel,3,20.5,61.5
907460,52115,SKU-70650,Electronics,1,47.27,47.27
907461,52115,SKU-71287,Sports,3,31.73,95.19
907462,52116,SKU-36681,Apparel,1,38.43,38.43
907463,52117,SKU-35562,Apparel,2,16.74,33.48
907464,52117,SKU-73980,Home,3,11.86,35.58
907465,52117,SKU-50785,Grocery,1,40.83,40.83
907466,52118,SKU-27070,Sports,4,37.82,151.28
907467,52119,SKU-13122,Grocery,2,21.12,42.24
907468,52119,SKU-46347,Home,2,7.32,14.64
907469,52120,SKU-87915,Sports,1,24.87,24.87
907470,52120,SKU-47518,Electronics,2,32.49,64.98
907471,52120,SKU-79151,Grocery,4,28.21,112.84
907472,52120,SKU-34273,Grocery,1,12.43,12.43
907473,52121,SKU-80011,Apparel,2,24.27,48.54
907474,52121,SKU-54574,Grocery,4,40.93,163.72
907475,52122,SKU-69683,Electronics,2,22.27,44.54
907476,52123,SKU-68991,Grocery,3,21.72,65.16
907477,52123,SKU-88498,Sports,3,31.01,93.03
907478,52123,SKU-34651,Sports,3,25.27,75.81
907479,52123,SKU-48918,Grocery,1,13.14,13.14
907480,52124,SKU-35814,Sports,2,13.65,27.3
907481,52124,SKU-43020,Apparel,1,13.37,13.37
907482,52125,SKU-18752,Apparel,1,4.9,4.9
907483,52125,SKU-74988,Apparel,3,15.24,45.72
907484,52126,SKU-30168,Grocery,4,12.39,49.56
907485,52126,SKU-29326,Sports,3,14.1,42.3
907486,52126,SKU-85633,Grocery,2,18.16,36.32
907487,52126,SKU-44755,Home,2,25.01,50.02
907488,52127,SKU-29889,Sports,2,19.31,38.62
907489,52127,SKU-17991,Grocery,1,17.56,17.56
907490,52127,SKU-49056,Apparel,3,53.14,159.42
907491,52127,SKU-39449,Electronics,4,39.32,157.28
907492,52127,SKU-85608,Home,3,18.86,56.58
907493,52128,SKU-38940,Home,2,58.29,116.58
907494,52128,SKU-42551,Home,1,49.75,49.75
907495,52128,SKU-22131,Grocery,2,27.87,55.74
907496,52128,SKU-59225,Home,2,13.43,26.86
907497,52128,SKU-94705,Home,1,12.04,12.04
907498,52128,SKU-92310,Apparel,2,101.74,203.48
907499,52129,SKU-66064,Home,3,51.13,153.39
907500,52129,SKU-70406,Sports,1,45.13,45.13
907501,52129,SKU-16622,Grocery,1,36.08,36.08
907502,52130,SKU-32890,Home,2,21.7,43.4
907503,52130,SKU-21670,Electronics,2,24.4,48.8
907504,52130,SKU-26935,Sports,2,8.71,17.42
907505,52130,SKU-10022,Apparel,3,55.89,167.67
907506,52131,SKU-43519,Grocery,3,24.36,73.08
907507,52131,SKU-13294,Electronics,2,8.9,17.8
907508,52132,SKU-38650,Electronics,4,70.18,280.72
907509,52132,SKU-36091,Sports,4,5.65,22.6
907510,52132,SKU-62211,Sports,2,54.06,108.12
907511,52132,SKU-99070,Apparel,3,43.48,130.44
907512,52133,SKU-72485,Home,4,43.46,173.84
907513,52133,SKU-32723,Electronics,2,26.94,53.88
907514,52133,SKU-91194,Home,4,6.37,25.48
907515,52133,SKU-42316,Grocery,1,37.49,37.49
907516,52133,SKU-92763,Grocery,4,20.44,81.76
907517,52133,SKU-36140,Grocery,3,62.01,186.03
907518,52134,SKU-91952,Apparel,3,8.86,26.58
907519,52134,SKU-28860,Apparel,4,11.35,45.4
907520,52134,SKU-25268,Apparel,4,56.28,225.12
907521,52135,SKU-11341,Electronics,2,36.55,73.1
907522,52136,SKU-69277,Grocery,2,15.22,30.44
907523,52136,SKU-75989,Sports,3,17.35,52.05
907524,52136,SKU-65121,Electronics,1,19.05,19.05
907525,52137,SKU-72706,Apparel,3,19.23,57.69
907526,52137,SKU-61700,Grocery,3,43.06,129.18
907527,52137,SKU-21319,Apparel,3,20.2,60.6
907528,52137,SKU-85031,Apparel,3,58.49,175.47
907529,52137,SKU-50813,Home,3,37.77,113.31
907530,52138,SKU-38531,Home,3,9.83,29.49
907531,52138,SKU-60949,Electronics,2,69.59,139.18
907532,52138,SKU-73002,Apparel,2,9.58,19.16
907533,52138,SKU-10698,Grocery,2,9.76,19.52
907534,52138,SKU-34090,Electronics,4,75.66,302.64
907535,52139,SKU-57443,Grocery,3,21.55,64.65
907536,52139,SKU-76039,Home,4,40.68,162.72
907537,52139,SKU-64532,Home,3,28.07,84.21
907538,52139,SKU-25970,Home,3,41.37,124.11
907539,52139,SKU-57869,Sports,2,19.05,38.1
907540,52139,SKU-86094,Grocery,2,12.38,24.76
907541,52140,SKU-96731,Electronics,3,16.78,50.34
907542,52141,SKU-82289,Grocery,4,100.03,400.12
907543,52141,SKU-16067,Apparel,1,10.56,10.56
907544,52142,SKU-54278,Home,1,13.26,13.26
907545,52142,SKU-61104,Sports,2,47.49,94.98
907546,52142,SKU-30693,Grocery,3,74.1,222.3
907547,52143,SKU-60948,Apparel,2,43.42,86.84
907548,52143,SKU-41560,Sports,3,39.36,118.08
907549,52143,SKU-54492,Home,3,13.45,40.35
907550,52143,SKU-99183,Electronics,3,44.73,134.19
907551,52144,SKU-29395,Apparel,3,62.68,188.04
907552,52144,SKU-84516,Sports,4,43.33,173.32
907553,52144,SKU-83884,Grocery,1,42.51,42.51
907554,52144,SKU-45247,Home,1,12.88,12.88
907555,52144,SKU-86972,Home,4,30.94,123.76
907556,52144,SKU-47743,Apparel,2,11.22,22.44
907557,52145,SKU-76111,Electronics,2,23.53,47.06
907558,52145,SKU-96121,Apparel,1,17.71,17.71
907559,52145,SKU-24360,Apparel,4,13.2,52.8
907560,52145,SKU-47614,Electronics,1,11.64,11.64
907561,52145,SKU-85821,Apparel,2,8.28,16.56
907562,52145,SKU-21655,Electronics,2,22.81,45.62
907563,52146,SKU-42299,Sports,2,60.59,121.18
907564,52146,SKU-96314,Grocery,4,30.95,123.8
907565,52147,SKU-56105,Apparel,3,11.63,34.89
907566,52148,SKU-38317,Electronics,3,18.58,55.74
907567,52148,SKU-60831,Grocery,3,39.85,119.55
907568,52148,SKU-12614,Grocery,1,17.79,17.79
907569,52149,SKU-87645,Apparel,3,25.56,76.68
907570,52149,SKU-30187,Electronics,4,25.32,101.28
907571,52150,SKU-77720,Grocery,1,38.26,38.26
907572,52150,SKU-57798,Electronics,1,14.69,14.69
907573,52150,SKU-25380,Apparel,2,12.06,24.12
907574,52151,SKU-28345,Grocery,1,23.23,23.23
907575,52151,SKU-69672,Electronics,3,16.85,50.55
907576,52151,SKU-47163,Grocery,2,16.99,33.98
907577,52151,SKU-37269,Sports,3,18.35,55.05
907578,52151,SKU-68963,Sports,1,8.56,8.56
907579,52151,SKU-42492,Home,4,12.32,49.28
907580,52152,SKU-32960,Electronics,4,34.38,137.52
907581,52152,SKU-22726,Apparel,4,16.38,65.52
907582,52152,SKU-31279,Home,2,32.91,65.82
907583,52153,SKU-71044,Electronics,4,16.68,66.72
907584,52153,SKU-85405,Grocery,3,22.8,68.4
907585,52154,SKU-81283,Grocery,3,35.12,105.36
907586,52154,SKU-57195,Apparel,2,16.43,32.86
907587,52155,SKU-64855,Electronics,4,19.86,79.44
907588,52155,SKU-58275,Grocery,1,34.94,34.94
907589,52156,SKU-49667,Apparel,4,25.4,101.6
907590,52156,SKU-41878,Sports,1,2.86,2.86
907591,52157,SKU-12239,Grocery,1,64.78,64.78
907592,52157,SKU-71089,Home,4,35.23,140.92
907593,52157,SKU-80939,Apparel,3,22.8,68.4
907594,52158,SKU-46964,Home,3,38.67,116.01
907595,52158,SKU-51664,Electronics,3,23.41,70.23
907596,52158,SKU-69101,Electronics,2,125.41,250.82
907597,52158,SKU-11094,Apparel,4,7.95,31.8
907598,52159,SKU-39289,Grocery,2,23.14,46.28
907599,52160,SKU-67862,Apparel,2,39.88,79.76
907600,52160,SKU-16205,Grocery,2,30.59,61.18
907601,52160,SKU-96925,Apparel,4,24.13,96.52
907602,52160,SKU-26340,Home,2,39.71,79.42
907603,52160,SKU-45103,Sports,3,20.0,60.0
907604,52161,SKU-17876,Electronics,2,42.27,84.54
907605,52161,SKU-26703,Sports,2,76.12,152.24
907606,52161,SKU-69867,Electronics,1,52.28,52.28
907607,52161,SKU-41511,Electronics,4,7.64,30.56
907608,52162,SKU-84809,Apparel,1,68.66,68.66
907609,52162,SKU-99869,Sports,1,23.07,23.07
907610,52162,SKU-91326,Sports,2,23.86,47.72
907611,52162,SKU-61003,Electronics,4,15.0,60.0
907612,52163,SKU-55480,Grocery,3,24.34,73.02
907613,52163,SKU-72315,Sports,2,13.74,27.48
907614,52163,SKU-15280,Sports,1,28.34,28.34
907615,52164,SKU-89717,Sports,3,59.15,177.45
907616,52164,SKU-87433,Sports,1,29.49,29.49
907617,52164,SKU-30945,Grocery,4,18.76,75.04
907618,52165,SKU-93792,Apparel,4,35.73,142.92
907619,52165,SKU-24828,Grocery,1,40.47,40.47
907620,52165,SKU-29555,Apparel,4,20.98,83.92
907621,52165,SKU-49697,Grocery,1,29.66,29.66
907622,52165,SKU-21737,Grocery,2,33.04,66.08
907623,52165,SKU-82431,Sports,1,42.27,42.27
907624,52166,SKU-52078,Grocery,3,14.52,43.56
907625,52166,SKU-91024,Electronics,1,25.98,25.98
907626,52166,SKU-82621,Electronics,1,72.32,72.32
907627,52166,SKU-10858,Apparel,2,23.74,47.48
907628,52166,SKU-55096,Grocery,2,23.98,47.96
907629,52167,SKU-14242,Apparel,1,8.71,8.71
907630,52167,SKU-25531,Grocery,4,19.55,78.2
907631,52167,SKU-30129,Home,2,47.06,94.12
907632,52167,SKU-83817,Grocery,2,5.98,11.96
907633,52167,SKU-82597,Home,4,10.94,43.76
907634,52167,SKU-18973,Electronics,3,33.09,99.27
907635,52168,SKU-31591,Electronics,4,15.55,62.2
907636,52168,SKU-56904,Apparel,1,8.73,8.73
907637,52168,SKU-82273,Sports,2,29.9,59.8
907638,52168,SKU-34764,Apparel,4,17.78,71.12
907639,52168,SKU-51228,Sports,3,50.97,152.91
907640,52168,SKU-86600,Electronics,2,22.46,44.92
907641,52169,SKU-73035,Grocery,3,33.3,99.9
907642,52170,SKU-32874,Home,4,5.76,23.04
907643,52170,SKU-82661,Grocery,3,67.23,201.69
907644,52170,SKU-80816,Electronics,2,16.79,33.58
907645,52170,SKU-98808,Home,2,13.26,26.52
907646,52171,SKU-50362,Sports,4,31.98,127.92
907647,52171,SKU-36548,Grocery,4,16.8,67.2
907648,52172,SKU-55913,Sports,4,48.91,195.64
907649,52172,SKU-53350,Sports,1,7.29,7.29
907650,52172,SKU-13354,Apparel,3,13.68,41.04
907651,52172,SKU-62683,Home,1,27.08,27.08
907652,52172,SKU-33235,Home,1,27.98,27.98
907653,52172,SKU-60120,Home,2,31.41,62.82
907654,52173,SKU-10377,Apparel,3,34.17,102.51
907655,52173,SKU-43120,Apparel,4,7.89,31.56
907656,52173,SKU-32432,Electronics,3,32.86,98.58
907657,52173,SKU-37041,Electronics,1,47.02,47.02
907658,52173,SKU-38991,Grocery,3,48.12,144.36
907659,52173,SKU-30299,Apparel,1,25.85,25.85
907660,52174,SKU-50701,Grocery,1,33.93,33.93
907661,52174,SKU-14728,Home,1,65.98,65.98
907662,52174,SKU-45621,Home,3,13.7,41.1
907663,52175,SKU-27872,Electronics,2,20.75,41.5
907664,52175,SKU-73530,Grocery,3,72.42,217.26
907665,52175,SKU-14745,Home,2,13.83,27.66
907666,52175,SKU-85426,Apparel,3,14.62,43.86
907667,52176,SKU-78632,Sports,4,28.06,112.24
907668,52176,SKU-47558,Apparel,1,25.53,25.53
907669,52176,SKU-34660,Home,4,7.14,28.56
907670,52176,SKU-26848,Apparel,3,17.14,51.42
907671,52176,SKU-59787,Grocery,1,21.36,21.36
907672,52177,SKU-99429,Grocery,3,14.26,42.78
907673,52177,SKU-48264,Electronics,1,40.8,40.8
907674,52177,SKU-11834,Sports,1,9.82,9.82
907675,52177,SKU-34300,Electronics,4,25.24,100.96
907676,52177,SKU-41748,Home,4,55.54,222.16
907677,52178,SKU-35741,Grocery,1,48.99,48.99
907678,52178,SKU-30383,Grocery,4,11.99,47.96
907679,52179,SKU-64620,Apparel,1,21.47,21.47
907680,52180,SKU-82187,Grocery,2,22.19,44.38
907681,52180,SKU-87429,Home,4,22.97,91.88
907682,52181,SKU-24272,Apparel,3,76.04,228.12
907683,52182,SKU-66228,Electronics,2,23.29,46.58
907684,52183,SKU-80749,Sports,1,13.56,13.56
907685,52183,SKU-63907,Sports,1,26.49,26.49
907686,52183,SKU-18916,Apparel,4,38.5,154.0
907687,52183,SKU-88877,Apparel,1,48.85,48.85
907688,52183,SKU-84974,Sports,1,17.71,17.71
907689,52184,SKU-21309,Electronics,4,10.63,42.52
907690,52184,SKU-66484,Sports,3,39.5,118.5
907691,52184,SKU-63879,Home,2,40.15,80.3
907692,52184,SKU-62468,Home,2,60.2,120.4
907693,52184,SKU-60028,Home,1,36.15,36.15
907694,52185,SKU-43188,Sports,2,20.03,40.06
907695,52185,SKU-35344,Electronics,3,24.07,72.21
907696,52185,SKU-43770,Home,4,17.68,70.72
907697,52185,SKU-40101,Sports,3,16.35,49.05
907698,52185,SKU-41475,Home,1,15.08,15.08
907699,52185,SKU-73626,Electronics,3,35.75,107.25
907700,52186,SKU-72227,Home,2,10.13,20.26
907701,52186,SKU-65998,Home,1,17.66,17.66
907702,52187,SKU-69916,Apparel,4,10.3,41.2
907703,52187,SKU-67638,Electronics,3,117.58,352.74
907704,52187,SKU-60973,Home,2,69.31,138.62
907705,52188,SKU-48605,Electronics,3,50.24,150.72
907706,52188,SKU-72443,Apparel,2,19.56,39.12
907707,52188,SKU-53325,Electronics,3,44.82,134.46
907708,52188,SKU-33208,Sports,2,17.89,35.78
907709,52189,SKU-25651,Home,1,29.94,29.94
907710,52189,SKU-48869,Grocery,2,11.74,23.48
907711,52190,SKU-60733,Home,2,3.82,7.64
907712,52191,SKU-98335,Home,2,22.17,44.34
907713,52191,SKU-16429,Grocery,2,35.53,71.06
907714,52191,SKU-71299,Apparel,4,29.16,116.64
907715,52191,SKU-71381,Home,3,72.17,216.51
907716,52192,SKU-35060,Electronics,1,48.64,48.64
907717,52192,SKU-28317,Electronics,1,57.17,57.17
907718,52192,SKU-56935,Electronics,2,52.17,104.34
907719,52192,SKU-15391,Grocery,4,27.25,109.0
907720,52192,SKU-63527,Grocery,1,35.67,35.67
907721,52193,SKU-26074,Electronics,1,80.15,80.15
907722,52193,SKU-85686,Sports,2,20.04,40.08
907723,52193,SKU-12897,Grocery,1,8.2,8.2
907724,52193,SKU-69775,Home,2,9.75,19.5
907725,52194,SKU-61870,Electronics,3,10.15,30.45
907726,52195,SKU-24941,Home,2,7.78,15.56
907727,52195,SKU-20201,Apparel,4,43.81,175.24
907728,52195,SKU-36595,Electronics,3,14.53,43.59
907729,52195,SKU-57997,Apparel,4,176.57,706.28
907730,52196,SKU-34152,Apparel,4,40.61,162.44
907731,52196,SKU-79313,Sports,4,19.32,77.28
907732,52196,SKU-41607,Grocery,2,86.11,172.22
907733,52196,SKU-60892,Electronics,2,74.19,148.38
907734,52196,SKU-58766,Electronics,4,48.9,195.6
907735,52196,SKU-54043,Home,1,54.2,54.2
907736,52197,SKU-91416,Home,3,29.76,89.28
907737,52197,SKU-48813,Apparel,2,54.31,108.62
907738,52197,SKU-62763,Electronics,3,25.0,75.0
907739,52198,SKU-65704,Electronics,4,28.51,114.04
907740,52198,SKU-42617,Electronics,4,17.65,70.6
907741,52198,SKU-67524,Apparel,4,10.91,43.64
907742,52198,SKU-22185,Grocery,3,17.96,53.88
907743,52198,SKU-70479,Grocery,1,21.72,21.72
907744,52199,SKU-33925,Grocery,4,44.9,179.6
907745,52199,SKU-31107,Apparel,2,21.94,43.88
907746,52200,SKU-63029,Apparel,2,3.95,7.9
907747,52200,SKU-49475,Sports,1,6.97,6.97
907748,52200,SKU-97402,Grocery,1,33.9,33.9
907749,52200,SKU-79125,Home,1,20.47,20.47
907750,52201,SKU-24437,Electronics,1,24.86,24.86
907751,52201,SKU-78991,Grocery,3,40.97,122.91
907752,52201,SKU-98395,Electronics,3,52.96,158.88
907753,52201,SKU-21983,Apparel,1,16.1,16.1
907754,52202,SKU-87295,Home,1,58.01,58.01
907755,52202,SKU-39066,Apparel,1,37.87,37.87
907756,52202,SKU-26000,Home,4,10.63,42.52
907757,52202,SKU-62723,Apparel,2,39.33,78.66
907758,52202,SKU-39092,Electronics,3,10.13,30.39
907759,52203,SKU-80047,Apparel,3,11.37,34.11
907760,52203,SKU-16844,Apparel,4,42.62,170.48
907761,52203,SKU-53461,Apparel,3,16.37,49.11
907762,52203,SKU-91359,Sports,4,29.66,118.64
907763,52204,SKU-65714,Grocery,3,31.32,93.96
907764,52204,SKU-52715,Apparel,4,48.62,194.48
907765,52205,SKU-69798,Sports,2,14.39,28.78
907766,52205,SKU-31697,Grocery,2,48.41,96.82
907767,52205,SKU-53334,Apparel,3,16.98,50.94
907768,52205,SKU-19498,Electronics,4,13.91,55.64
907769,52206,SKU-19809,Apparel,2,15.67,31.34
907770,52206,SKU-89270,Apparel,1,46.85,46.85
907771,52206,SKU-50681,Grocery,4,141.2,564.8
907772,52206,SKU-26034,Sports,2,33.91,67.82
907773,52206,SKU-42582,Electronics,1,139.16,139.16
907774,52206,SKU-78858,Apparel,1,13.13,13.13
907775,52207,SKU-41756,Electronics,4,25.37,101.48
907776,52207,SKU-39281,Electronics,1,15.23,15.23
907777,52208,SKU-17951,Home,4,33.81,135.24
907778,52208,SKU-67509,Sports,1,19.68,19.68
907779,52208,SKU-99783,Sports,1,9.77,9.77
907780,52208,SKU-75528,Electronics,2,25.8,51.6
907781,52208,SKU-16677,Home,1,28.49,28.49
907782,52208,SKU-67812,Electronics,1,37.48,37.48
907783,52209,SKU-43983,Home,3,96.19,288.57
907784,52209,SKU-49398,Home,3,17.07,51.21
907785,52210,SKU-65869,Home,4,22.77,91.08
907786,52210,SKU-51673,Sports,2,38.84,77.68
907787,52210,SKU-36720,Grocery,2,20.29,40.58
907788,52211,SKU-14343,Sports,3,8.49,25.47
907789,52211,SKU-49231,Apparel,2,35.7,71.4
907790,52211,SKU-86564,Grocery,1,26.84,26.84
907791,52211,SKU-38920,Apparel,4,39.84,159.36
907792,52211,SKU-50706,Home,3,116.76,350.28
907793,52211,SKU-31757,Apparel,1,27.72,27.72
907794,52212,SKU-10928,Sports,3,13.29,39.87
907795,52212,SKU-74835,Home,4,22.22,88.88
907796,52212,SKU-23494,Apparel,3,29.47,88.41
907797,52213,SKU-31388,Electronics,2,17.95,35.9
907798,52213,SKU-52753,Sports,3,49.56,148.68
907799,52213,SKU-67665,Home,1,34.7,34.7
907800,52213,SKU-40453,Sports,3,40.47,121.41
907801,52214,SKU-23229,Electronics,1,32.48,32.48
907802,52215,SKU-32037,Home,2,13.68,27.36
907803,52215,SKU-26132,Electronics,4,16.38,65.52
907804,52215,SKU-75582,Grocery,1,64.7,64.7
907805,52215,SKU-41784,Apparel,1,19.64,19.64
907806,52215,SKU-70208,Electronics,1,38.98,38.98
907807,52215,SKU-95034,Home,3,50.88,152.64
907808,52216,SKU-85264,Grocery,4,135.31,541.24
907809,52216,SKU-36948,Grocery,3,6.56,19.68
907810,52216,SKU-43341,Electronics,3,9.62,28.86
907811,52217,SKU-44404,Sports,1,4.98,4.98
907812,52217,SKU-71933,Electronics,3,18.87,56.61
907813,52217,SKU-92716,Electronics,3,66.21,198.63
907814,52217,SKU-60449,Grocery,1,29.3,29.3
907815,52218,SKU-37644,Home,1,40.62,40.62
907816,52219,SKU-10519,Apparel,2,29.75,59.5
907817,52219,SKU-45318,Apparel,2,22.66,45.32
907818,52219,SKU-75757,Apparel,1,50.45,50.45
907819,52220,SKU-75712,Grocery,2,11.26,22.52
907820,52220,SKU-85030,Electronics,3,51.66,154.98
907821,52220,SKU-11098,Home,4,51.82,207.28
907822,52220,SKU-92471,Grocery,4,39.11,156.44
907823,52221,SKU-34301,Electronics,4,43.94,175.76
907824,52221,SKU-76914,Electronics,3,28.92,86.76
907825,52221,SKU-44680,Apparel,4,32.25,129.0
907826,52221,SKU-82807,Grocery,3,5.61,16.83
907827,52222,SKU-71628,Electronics,4,23.71,94.84
907828,52223,SKU-85630,Apparel,1,18.48,18.48
907829,52224,SKU-15590,Apparel,4,9.43,37.72
907830,52224,SKU-48802,Electronics,4,13.06,52.24
907831,52224,SKU-23557,Home,3,20.27,60.81
907832,52225,SKU-33090,Home,2,18.75,37.5
907833,52225,SKU-81312,Electronics,2,120.8,241.6
907834,52225,SKU-40397,Grocery,1,22.28,22.28
907835,52225,SKU-19990,Sports,3,14.63,43.89
907836,52225,SKU-95652,Sports,2,14.01,28.02
907837,52226,SKU-37140,Apparel,4,34.44,137.76
907838,52226,SKU-48950,Electronics,4,52.99,211.96
907839,52226,SKU-37035,Apparel,4,10.59,42.36
907840,52226,SKU-85986,Grocery,1,21.48,21.48
907841,52226,SKU-53125,Home,3,22.57,67.71
907842,52227,SKU-72490,Sports,3,6.4,19.2
907843,52227,SKU-36279,Sports,4,18.02,72.08
907844,52227,SKU-60898,Sports,4,25.5,102.0
907845,52227,SKU-89538,Home,2,11.79,23.58
907846,52227,SKU-80086,Sports,1,4.41,4.41
907847,52228,SKU-38062,Apparel,3,88.24,264.72
907848,52228,SKU-82999,Apparel,4,45.24,180.96
907849,52229,SKU-39892,Home,1,34.18,34.18
907850,52229,SKU-92049,Home,3,23.55,70.65
907851,52229,SKU-76792,Electronics,2,33.55,67.1
907852,52229,SKU-14082,Electronics,3,31.86,95.58
907853,52229,SKU-18028,Home,1,24.26,24.26
907854,52229,SKU-58088,Apparel,2,26.41,52.82
907855,52230,SKU-40347,Sports,4,25.3,101.2
907856,52230,SKU-22897,Electronics,2,15.16,30.32
907857,52230,SKU-47442,Apparel,1,16.59,16.59
907858,52230,SKU-30940,Sports,2,63.92,127.84
907859,52230,SKU-79265,Apparel,3,10.38,31.14
907860,52231,SKU-66519,Home,1,35.09,35.09
907861,52232,SKU-32685,Electronics,4,28.12,112.48
907862,52233,SKU-94744,Apparel,1,58.71,58.71
907863,52233,SKU-92845,Home,1,9.32,9.32
907864,52234,SKU-82932,Sports,2,16.48,32.96
907865,52234,SKU-45032,Electronics,2,40.96,81.92
907866,52234,SKU-77158,Grocery,3,43.87,131.61
907867,52234,SKU-77694,Home,3,61.02,183.06
907868,52234,SKU-13353,Sports,1,15.44,15.44
907869,52234,SKU-30771,Electronics,1,48.69,48.69
907870,52235,SKU-85822,Sports,2,16.27,32.54
907871,52235,SKU-69086,Grocery,2,7.46,14.92
907872,52236,SKU-40665,Home,1,7.24,7.24
907873,52236,SKU-14966,Electronics,4,20.92,83.68
907874,52236,SKU-85975,Electronics,1,20.3,20.3
907875,52236,SKU-82452,Home,1,23.89,23.89
907876,52237,SKU-46516,Apparel,4,30.01,120.04
907877,52237,SKU-41407,Electronics,4,27.97,111.88
907878,52237,SKU-29804,Grocery,2,19.47,38.94
907879,52237,SKU-67971,Apparel,1,15.81,15.81
907880,52237,SKU-98472,Electronics,2,23.54,47.08
907881,52237,SKU-61311,Grocery,1,23.59,23.59
907882,52238,SKU-33674,Home,2,17.21,34.42
907883,52238,SKU-85463,Electronics,2,12.21,24.42
907884,52238,SKU-84177,Sports,4,5.89,23.56
907885,52238,SKU-15394,Home,2,21.5,43.0
907886,52239,SKU-95903,Home,4,8.27,33.08
907887,52239,SKU-58007,Apparel,2,17.36,34.72
907888,52240,SKU-22201,Sports,1,39.84,39.84
907889,52240,SKU-46367,Apparel,2,27.61,55.22
907890,52241,SKU-46110,Electronics,3,9.75,29.25
907891,52241,SKU-87625,Grocery,3,15.72,47.16
907892,52242,SKU-92579,Grocery,1,54.06,54.06
907893,52242,SKU-78119,Home,3,44.94,134.82
907894,52242,SKU-40885,Home,2,45.61,91.22
907895,52242,SKU-66282,Grocery,2,100.4,200.8
907896,52242,SKU-96137,Home,3,10.71,32.13
907897,52242,SKU-78593,Grocery,3,27.33,81.99
907898,52243,SKU-79291,Grocery,2,7.57,15.14
907899,52243,SKU-58470,Home,4,6.94,27.76
907900,52243,SKU-77642,Electronics,1,42.15,42.15
907901,52243,SKU-26952,Home,1,29.72,29.72
907902,52244,SKU-55855,Electronics,3,67.24,201.72
907903,52244,SKU-74674,Home,2,38.3,76.6
907904,52244,SKU-47734,Electronics,3,68.53,205.59
907905,52244,SKU-56514,Apparel,1,17.88,17.88
907906,52244,SKU-86806,Sports,1,25.84,25.84
907907,52245,SKU-18960,Home,2,55.78,111.56
907908,52245,SKU-93542,Home,1,8.58,8.58
907909,52246,SKU-30139,Home,4,24.75,99.0
907910,52247,SKU-16429,Sports,4,22.65,90.6
907911,52247,SKU-85093,Sports,2,31.37,62.74
907912,52248,SKU-38120,Electronics,3,4.61,13.83
907913,52248,SKU-17133,Home,2,6.27,12.54
907914,52248,SKU-49198,Apparel,3,29.81,89.43
907915,52248,SKU-89916,Apparel,4,12.42,49.68
907916,52248,SKU-83727,Electronics,1,20.62,20.62
907917,52249,SKU-91296,Sports,4,52.56,210.24
907918,52250,SKU-91424,Home,4,66.27,265.08
907919,52250,SKU-12875,Grocery,1,18.23,18.23
907920,52250,SKU-45352,Home,1,10.86,10.86
907921,52250,SKU-74808,Sports,3,9.26,27.78
907922,52250,SKU-39865,Sports,1,13.89,13.89
907923,52251,SKU-90998,Sports,2,12.11,24.22
907924,52251,SKU-23050,Home,2,19.98,39.96
907925,52251,SKU-57011,Grocery,1,26.7,26.7
907926,52252,SKU-61053,Grocery,1,77.01,77.01
907927,52252,SKU-59096,Apparel,1,15.32,15.32
907928,52252,SKU-30399,Sports,2,11.22,22.44
907929,52252,SKU-99050,Grocery,4,19.45,77.8
907930,52253,SKU-89832,Electronics,2,43.87,87.74
907931,52253,SKU-71361,Apparel,4,48.42,193.68
907932,52253,SKU-89763,Grocery,4,13.67,54.68
907933,52253,SKU-26774,Home,2,59.47,118.94
907934,52253,SKU-93695,Home,4,31.02,124.08
907935,52253,SKU-89255,Home,3,53.1,159.3
907936,52254,SKU-64629,Home,2,9.42,18.84
907937,52254,SKU-20913,Home,1,10.99,10.99
907938,52254,SKU-87829,Electronics,2,12.93,25.86
907939,52254,SKU-97447,Sports,3,18.13,54.39
907940,52255,SKU-98421,Sports,1,27.02,27.02
907941,52255,SKU-38291,Apparel,4,25.8,103.2
907942,52255,SKU-95081,Sports,2,11.0,22.0
907943,52255,SKU-95737,Sports,2,17.66,35.32
907944,52255,SKU-16866,Apparel,4,6.46,25.84
907945,52256,SKU-70549,Home,2,38.45,76.9
907946,52256,SKU-50382,Sports,2,39.91,79.82
907947,52256,SKU-40525,Home,2,88.45,176.9
907948,52257,SKU-54090,Apparel,3,89.58,268.74
907949,52257,SKU-95519,Sports,1,207.78,207.78
907950,52258,SKU-55252,Sports,1,22.87,22.87
907951,52258,SKU-70367,Home,3,13.96,41.88
907952,52259,SKU-67417,Grocery,1,95.24,95.24
907953,52259,SKU-54376,Apparel,3,18.08,54.24
907954,52260,SKU-70148,Apparel,3,39.51,118.53
907955,52261,SKU-49062,Electronics,1,37.95,37.95
907956,52261,SKU-70682,Grocery,1,20.47,20.47
907957,52261,SKU-21977,Grocery,2,53.29,106.58
907958,52261,SKU-27973,Sports,3,18.48,55.44
907959,52261,SKU-66329,Electronics,3,11.79,35.37
907960,52261,SKU-58824,Sports,3,68.14,204.42
907961,52262,SKU-65079,Grocery,3,45.46,136.38
907962,52262,SKU-91728,Apparel,4,8.71,34.84
907963,52262,SKU-59097,Electronics,1,10.21,10.21
907964,52262,SKU-64136,Home,2,34.58,69.16
907965,52263,SKU-31711,Sports,2,4.97,9.94
907966,52263,SKU-93110,Apparel,1,40.71,40.71
907967,52263,SKU-72879,Home,2,14.68,29.36
907968,52263,SKU-23816,Apparel,1,38.42,38.42
907969,52263,SKU-55764,Apparel,2,21.93,43.86
907970,52264,SKU-51370,Grocery,3,49.71,149.13
907971,52264,SKU-47123,Grocery,4,32.72,130.88
907972,52264,SKU-34955,Sports,3,56.05,168.15
907973,52264,SKU-79116,Electronics,2,101.27,202.54
907974,52265,SKU-35547,Sports,4,54.39,217.56
907975,52265,SKU-68567,Home,3,19.11,57.33
907976,52265,SKU-97722,Home,3,9.58,28.74
907977,52265,SKU-43000,Apparel,2,24.46,48.92
907978,52266,SKU-73073,Electronics,1,10.91,10.91
907979,52266,SKU-72022,Electronics,1,23.01,23.01
907980,52266,SKU-43912,Electronics,2,35.45,70.9
907981,52266,SKU-43429,Home,3,5.81,17.43
907982,52266,SKU-37200,Home,4,33.87,135.48
907983,52267,SKU-93562,Electronics,2,79.87,159.74
907984,52267,SKU-12660,Sports,2,22.15,44.3
907985,52268,SKU-14957,Sports,1,13.71,13.71
907986,52268,SKU-47687,Grocery,1,24.39,24.39
907987,52268,SKU-38055,Sports,4,9.86,39.44
907988,52268,SKU-22630,Apparel,2,72.49,144.98
907989,52268,SKU-85315,Home,1,21.17,21.17
907990,52269,SKU-24145,Electronics,3,83.76,251.28
907991,52269,SKU-90852,Apparel,1,18.41,18.41
907992,52269,SKU-18230,Sports,4,30.27,121.08
907993,52269,SKU-99282,Sports,1,12.27,12.27
907994,52269,SKU-78659,Electronics,1,20.04,20.04
907995,52269,SKU-44028,Electronics,3,119.65,358.95
907996,52270,SKU-35633,Sports,3,41.33,123.99
907997,52271,SKU-77227,Apparel,2,25.35,50.7
907998,52271,SKU-46764,Sports,4,42.25,169.0
907999,52271,SKU-41101,Electronics,2,6.09,12.18
908000,52271,SKU-53527,Grocery,4,52.93,211.72
908001,52272,SKU-94606,Sports,1,12.85,12.85
908002,52272,SKU-58625,Sports,2,40.04,80.08
908003,52273,SKU-40503,Home,3,15.69,47.07
908004,52273,SKU-36052,Apparel,2,35.94,71.88
908005,52274,SKU-28355,Sports,4,32.44,129.76
908006,52275,SKU-18248,Home,4,12.43,49.72
908007,52275,SKU-24005,Grocery,1,37.06,37.06
908008,52276,SKU-46624,Apparel,3,26.56,79.68
908009,52276,SKU-84294,Grocery,1,32.92,32.92
908010,52276,SKU-71203,Sports,1,10.92,10.92
908011,52276,SKU-72891,Home,2,62.25,124.5
908012,52277,SKU-39594,Electronics,4,63.02,252.08
908013,52277,SKU-10821,Electronics,2,11.78,23.56
908014,52278,SKU-88385,Home,1,12.35,12.35
908015,52278,SKU-30482,Electronics,2,49.19,98.38
908016,52278,SKU-80112,Electronics,1,29.59,29.59
908017,52278,SKU-33878,Home,3,54.6,163.8
908018,52279,SKU-72833,Apparel,2,31.04,62.08
908019,52279,SKU-14156,Sports,3,23.11,69.33
908020,52279,SKU-54112,Electronics,3,11.3,33.9
908021,52279,SKU-22117,Home,3,6.74,20.22
908022,52280,SKU-77217,Grocery,2,11.71,23.42
908023,52280,SKU-34676,Electronics,1,38.88,38.88
908024,52280,SKU-88617,Grocery,1,96.55,96.55
908025,52280,SKU-44050,Electronics,4,30.34,121.36
908026,52280,SKU-53581,Grocery,1,47.9,47.9
908027,52281,SKU-25859,Grocery,1,39.19,39.19
908028,52281,SKU-69279,Sports,3,19.94,59.82
908029,52281,SKU-85967,Home,1,23.43,23.43
908030,52282,SKU-32556,Grocery,4,7.88,31.52
908031,52282,SKU-54840,Electronics,2,27.14,54.28
908032,52282,SKU-93683,Home,1,29.89,29.89
908033,52282,SKU-26509,Electronics,2,37.79,75.58
908034,52282,SKU-94482,Apparel,4,45.21,180.84
908035,52283,SKU-85277,Electronics,2,18.95,37.9
908036,52283,SKU-69798,Sports,3,7.43,22.29
908037,52283,SKU-51249,Sports,2,10.85,21.7
908038,52283,SKU-83746,Grocery,1,43.61,43.61
908039,52283,SKU-39957,Apparel,2,58.66,117.32
908040,52284,SKU-55703,Apparel,1,36.22,36.22
908041,52284,SKU-88824,Electronics,3,33.61,100.83
908042,52284,SKU-41334,Grocery,3,15.48,46.44
908043,52285,SKU-54270,Sports,3,19.56,58.68
908044,52285,SKU-71021,Apparel,2,14.55,29.1
908045,52285,SKU-52465,Sports,3,12.76,38.28
908046,52285,SKU-81480,Grocery,1,10.62,10.62
908047,52285,SKU-75019,Sports,4,62.35,249.4
908048,52286,SKU-90926,Electronics,4,7.31,29.24
908049,52286,SKU-45253,Sports,1,26.7,26.7
908050,52286,SKU-43791,Grocery,1,52.41,52.41
908051,52286,SKU-17790,Grocery,2,6.44,12.88
908052,52287,SKU-71336,Apparel,4,9.16,36.64
908053,52287,SKU-12777,Apparel,1,14.53,14.53
908054,52288,SKU-98126,Apparel,1,20.4,20.4
908055,52288,SKU-79053,Home,4,6.27,25.08
908056,52288,SKU-75815,Home,2,29.29,58.58
908057,52288,SKU-15872,Sports,1,25.5,25.5
908058,52288,SKU-38920,Apparel,4,10.06,40.24
908059,52289,SKU-47286,Apparel,3,3.33,9.99
908060,52289,SKU-33823,Apparel,1,30.22,30.22
908061,52289,SKU-28928,Grocery,4,18.05,72.2
908062,52289,SKU-73706,Sports,1,13.5,13.5
908063,52289,SKU-23716,Home,3,211.07,633.21
908064,52290,SKU-52710,Apparel,3,10.37,31.11
908065,52290,SKU-15558,Grocery,4,39.01,156.04
908066,52290,SKU-69473,Sports,2,4.26,8.52
908067,52290,SKU-95956,Apparel,1,19.75,19.75
908068,52290,SKU-86499,Electronics,3,19.73,59.19
908069,52290,SKU-67183,Electronics,3,31.35,94.05
908070,52291,SKU-62059,Home,1,63.52,63.52
908071,52291,SKU-75772,Home,4,9.35,37.4
908072,52291,SKU-15912,Sports,4,10.46,41.84
908073,52291,SKU-53792,Grocery,2,31.18,62.36
908074,52291,SKU-22076,Grocery,1,37.26,37.26
908075,52292,SKU-34384,Home,4,29.3,117.2
908076,52292,SKU-58280,Grocery,2,14.98,29.96
908077,52292,SKU-44713,Home,1,33.63,33.63
908078,52292,SKU-12604,Home,2,10.55,21.1
908079,52292,SKU-54513,Electronics,2,31.39,62.78
908080,52293,SKU-39648,Grocery,3,21.04,63.12
908081,52293,SKU-46011,Grocery,4,12.35,49.4
908082,52293,SKU-53184,Grocery,4,12.74,50.96
908083,52293,SKU-19817,Sports,2,53.68,107.36
908084,52294,SKU-99660,Home,4,11.39,45.56
908085,52295,SKU-80392,Home,1,58.7,58.7
908086,52295,SKU-54919,Home,1,39.21,39.21
908087,52296,SKU-31567,Sports,1,42.29,42.29
908088,52296,SKU-60244,Apparel,1,19.22,19.22
908089,52296,SKU-14741,Sports,1,12.05,12.05
908090,52296,SKU-33732,Home,2,20.63,41.26
908091,52296,SKU-55691,Electronics,2,15.59,31.18
908092,52296,SKU-49728,Sports,4,11.75,47.0
908093,52297,SKU-30049,Electronics,1,15.19,15.19
908094,52298,SKU-73364,Home,2,17.15,34.3
908095,52298,SKU-69116,Grocery,4,24.2,96.8
908096,52298,SKU-26641,Grocery,1,26.82,26.82
908097,52299,SKU-24784,Grocery,1,28.72,28.72
908098,52299,SKU-98742,Electronics,1,9.81,9.81
908099,52299,SKU-11123,Sports,4,17.15,68.6
908100,52299,SKU-98282,Sports,4,40.1,160.4
908101,52299,SKU-42774,Sports,4,11.49,45.96
908102,52299,SKU-68556,Home,3,76.15,228.45
908103,52300,SKU-44488,Apparel,1,29.8,29.8
908104,52300,SKU-95121,Apparel,1,19.23,19.23
908105,52300,SKU-26685,Grocery,4,14.19,56.76
908106,52300,SKU-98645,Sports,2,9.54,19.08
908107,52300,SKU-31218,Grocery,1,36.09,36.09
908108,52301,SKU-24827,Sports,3,22.22,66.66
908109,52301,SKU-41103,Apparel,4,86.78,347.12
908110,52301,SKU-71427,Home,4,36.49,145.96
908111,52301,SKU-50719,Home,4,52.1,208.4
908112,52301,SKU-54168,Apparel,4,40.51,162.04
908113,52301,SKU-84432,Apparel,3,35.99,107.97
908114,52302,SKU-54849,Apparel,4,10.72,42.88
908115,52303,SKU-91784,Grocery,1,6.06,6.06
908116,52303,SKU-25550,Sports,1,12.9,12.9
908117,52303,SKU-11957,Home,4,46.18,184.72
908118,52303,SKU-60591,Grocery,1,6.62,6.62
908119,52304,SKU-95808,Electronics,3,16.39,49.17
908120,52304,SKU-38882,Grocery,2,70.14,140.28
908121,52305,SKU-63863,Home,3,13.73,41.19
908122,52305,SKU-17821,Grocery,1,23.36,23.36
908123,52305,SKU-90318,Sports,2,48.69,97.38
908124,52305,SKU-81328,Apparel,4,38.23,152.92
908125,52305,SKU-46436,Grocery,4,20.69,82.76
908126,52306,SKU-78390,Apparel,2,15.66,31.32
908127,52306,SKU-54985,Apparel,1,22.09,22.09
908128,52306,SKU-54061,Electronics,2,18.54,37.08
908129,52306,SKU-88117,Grocery,3,31.27,93.81
908130,52306,SKU-45359,Sports,3,16.63,49.89
908131,52306,SKU-39152,Grocery,2,17.18,34.36
908132,52307,SKU-63945,Electronics,4,30.7,122.8
908133,52308,SKU-92231,Sports,3,36.18,108.54
908134,52308,SKU-40028,Sports,2,66.24,132.48
908135,52308,SKU-14216,Apparel,1,6.8,6.8
908136,52308,SKU-41012,Apparel,2,53.14,106.28
908137,52309,SKU-58940,Home,1,56.27,56.27
908138,52309,SKU-97077,Apparel,4,50.47,201.88
908139,52309,SKU-76706,Sports,4,20.98,83.92
908140,52309,SKU-82328,Sports,2,26.37,52.74
908141,52310,SKU-50549,Home,1,32.4,32.4
908142,52311,SKU-71325,Sports,3,48.01,144.03
908143,52311,SKU-34867,Electronics,3,7.34,22.02
908144,52312,SKU-99214,Home,1,24.66,24.66
908145,52312,SKU-96190,Sports,1,4.26,4.26
908146,52313,SKU-71257,Grocery,2,20.47,40.94
908147,52313,SKU-83253,Sports,2,28.58,57.16
908148,52313,SKU-87736,Grocery,1,28.96,28.96
908149,52313,SKU-31401,Electronics,3,25.55,76.65
908150,52314,SKU-89486,Sports,1,49.73,49.73
908151,52314,SKU-99337,Apparel,4,18.22,72.88
908152,52314,SKU-64217,Home,2,33.12,66.24
908153,52315,SKU-88797,Sports,1,20.48,20.48
908154,52316,SKU-26879,Home,4,66.01,264.04
908155,52317,SKU-54572,Grocery,3,7.95,23.85
908156,52318,SKU-13453,Apparel,3,24.42,73.26
908157,52318,SKU-21105,Sports,1,17.12,17.12
908158,52319,SKU-38584,Apparel,3,18.21,54.63
908159,52319,SKU-37197,Grocery,2,13.38,26.76
908160,52319,SKU-73562,Home,3,19.69,59.07
908161,52319,SKU-49184,Electronics,3,36.92,110.76
908162,52319,SKU-37810,Apparel,3,49.14,147.42
908163,52319,SKU-30955,Sports,3,15.44,46.32
908164,52320,SKU-41927,Apparel,4,20.34,81.36
908165,52320,SKU-72713,Sports,1,11.69,11.69
908166,52320,SKU-31683,Grocery,1,13.07,13.07
908167,52320,SKU-14774,Grocery,4,25.77,103.08
908168,52321,SKU-18705,Electronics,4,13.43,53.72
908169,52321,SKU-83247,Apparel,3,32.78,98.34
908170,52321,SKU-18853,Grocery,4,41.73,166.92
908171,52321,SKU-88289,Grocery,2,32.53,65.06
908172,52322,SKU-55356,Grocery,4,12.11,48.44
908173,52322,SKU-72922,Electronics,1,19.61,19.61
908174,52322,SKU-50903,Electronics,1,25.49,25.49
908175,52323,SKU-32787,Sports,2,64.46,128.92
908176,52323,SKU-70109,Apparel,4,15.77,63.08
908177,52323,SKU-35500,Sports,1,34.31,34.31
908178,52324,SKU-48842,Grocery,1,11.23,11.23
908179,52324,SKU-36694,Sports,4,8.91,35.64
908180,52325,SKU-14413,Grocery,4,5.2,20.8
908181,52326,SKU-26482,Sports,2,27.06,54.12
908182,52326,SKU-38177,Electronics,3,15.14,45.42
908183,52326,SKU-57913,Sports,4,9.48,37.92
908184,52327,SKU-81380,Sports,4,23.73,94.92
908185,52327,SKU-58443,Apparel,4,36.15,144.6
908186,52327,SKU-21135,Apparel,3,28.98,86.94
908187,52328,SKU-29307,Home,3,35.96,107.88
908188,52328,SKU-47987,Sports,4,20.26,81.04
908189,52328,SKU-50143,Home,3,39.39,118.17
908190,52328,SKU-24441,Grocery,3,19.25,57.75
908191,52328,SKU-68500,Sports,1,17.2,17.2
908192,52329,SKU-83859,Electronics,3,12.38,37.14
908193,52329,SKU-76913,Grocery,3,12.48,37.44
908194,52329,SKU-37704,Sports,2,51.22,102.44
908195,52330,SKU-17169,Electronics,4,59.32,237.28
908196,52330,SKU-12260,Sports,1,23.85,23.85
908197,52331,SKU-96854,Sports,1,16.78,16.78
908198,52331,SKU-40542,Electronics,3,6.11,18.33
908199,52332,SKU-78103,Electronics,1,40.58,40.58
908200,52333,SKU-85794,Electronics,2,9.61,19.22
908201,52333,SKU-72779,Sports,2,41.36,82.72
908202,52333,SKU-45375,Sports,3,58.7,176.1
908203,52333,SKU-76598,Electronics,4,72.12,288.48
908204,52333,SKU-65033,Electronics,2,9.95,19.9
908205,52334,SKU-73904,Home,2,13.97,27.94
908206,52334,SKU-76400,Apparel,1,48.02,48.02
908207,52334,SKU-42108,Electronics,2,9.15,18.3
908208,52334,SKU-26447,Sports,1,23.72,23.72
908209,52334,SKU-92787,Sports,4,29.77,119.08
908210,52335,SKU-98090,Home,1,40.6,40.6
908211,52335,SKU-75737,Grocery,2,22.24,44.48
908212,52335,SKU-55683,Home,3,26.62,79.86
908213,52335,SKU-91978,Apparel,1,52.19,52.19
908214,52335,SKU-47765,Electronics,2,12.86,25.72
908215,52336,SKU-10044,Grocery,4,9.25,37.0
908216,52337,SKU-81563,Apparel,3,41.54,124.62
908217,52337,SKU-59301,Sports,1,25.45,25.45
908218,52337,SKU-35237,Sports,1,31.79,31.79
908219,52338,SKU-31008,Sports,1,15.79,15.79
908220,52338,SKU-89255,Home,4,47.4,189.6
908221,52338,SKU-82637,Apparel,4,23.77,95.08
908222,52338,SKU-81538,Grocery,1,12.26,12.26
908223,52338,SKU-37941,Apparel,2,39.16,78.32
908224,52339,SKU-42572,Apparel,4,49.45,197.8
908225,52340,SKU-75382,Grocery,4,9.21,36.84
908226,52340,SKU-62855,Apparel,3,28.79,86.37
908227,52340,SKU-19137,Apparel,1,34.97,34.97
908228,52340,SKU-38513,Apparel,4,11.8,47.2
908229,52340,SKU-56221,Apparel,2,51.93,103.86
908230,52341,SKU-51522,Apparel,4,41.9,167.6
908231,52342,SKU-59696,Apparel,4,27.34,109.36
908232,52342,SKU-17741,Home,3,24.33,72.99
908233,52343,SKU-60906,Home,1,20.99,20.99
908234,52344,SKU-83386,Grocery,2,16.55,33.1
908235,52344,SKU-15893,Sports,3,19.49,58.47
908236,52344,SKU-31948,Sports,3,67.17,201.51
908237,52344,SKU-53790,Grocery,3,16.66,49.98
908238,52345,SKU-54742,Sports,4,115.19,460.76
908239,52345,SKU-14056,Sports,4,26.52,106.08
908240,52345,SKU-88152,Home,1,10.38,10.38
908241,52346,SKU-96044,Sports,2,7.38,14.76
908242,52346,SKU-28854,Home,2,56.94,113.88
908243,52347,SKU-44661,Sports,2,22.5,45.0
908244,52347,SKU-14899,Grocery,1,50.04,50.04
908245,52347,SKU-57246,Home,3,5.07,15.21
908246,52348,SKU-42746,Grocery,1,14.86,14.86
908247,52348,SKU-78420,Apparel,4,27.03,108.12
908248,52348,SKU-90436,Apparel,3,12.49,37.47
908249,52348,SKU-86200,Apparel,1,5.29,5.29
908250,52349,SKU-18636,Grocery,2,20.36,40.72
908251,52350,SKU-42437,Apparel,3,10.18,30.54
908252,52350,SKU-96601,Sports,2,33.91,67.82
908253,52351,SKU-91112,Electronics,4,18.97,75.88
908254,52351,SKU-97947,Electronics,1,16.58,16.58
908255,52351,SKU-61740,Home,3,6.19,18.57
908256,52351,SKU-97804,Sports,2,19.83,39.66
908257,52351,SKU-65518,Sports,2,5.04,10.08
908258,52351,SKU-23337,Electronics,1,18.09,18.09
908259,52352,SKU-23786,Electronics,3,10.64,31.92
908260,52352,SKU-24866,Home,1,12.47,12.47
908261,52352,SKU-41230,Apparel,3,15.37,46.11
908262,52352,SKU-49950,Apparel,2,11.04,22.08
908263,52352,SKU-69291,Apparel,3,38.4,115.2
908264,52352,SKU-25046,Home,2,13.32,26.64
908265,52353,SKU-15553,Home,3,16.51,49.53
908266,52353,SKU-98698,Sports,1,73.81,73.81
908267,52353,SKU-85054,Apparel,2,14.4,28.8
908268,52353,SKU-23104,Grocery,4,16.05,64.2
908269,52354,SKU-16672,Apparel,2,12.16,24.32
908270,52355,SKU-95031,Electronics,1,80.15,80.15
908271,52355,SKU-63803,Grocery,3,25.88,77.64
908272,52355,SKU-15065,Apparel,1,9.59,9.59
908273,52355,SKU-92773,Sports,3,29.86,89.58
908274,52356,SKU-82448,Apparel,1,6.01,6.01
908275,52356,SKU-47381,Grocery,1,8.05,8.05
908276,52356,SKU-55374,Grocery,3,26.46,79.38
908277,52356,SKU-40437,Electronics,2,8.34,16.68
908278,52356,SKU-47872,Grocery,1,22.79,22.79
908279,52357,SKU-31843,Grocery,2,57.51,115.02
908280,52357,SKU-69230,Grocery,4,13.02,52.08
908281,52358,SKU-27562,Sports,3,34.82,104.46
908282,52358,SKU-50125,Apparel,1,27.38,27.38
908283,52358,SKU-29069,Grocery,3,21.97,65.91
908284,52359,SKU-14588,Home,2,5.93,11.86
908285,52359,SKU-41665,Electronics,2,26.93,53.86
908286,52359,SKU-97593,Apparel,1,30.39,30.39
908287,52359,SKU-92206,Sports,1,4.75,4.75
908288,52360,SKU-38244,Grocery,4,13.63,54.52
908289,52360,SKU-21796,Electronics,1,6.3,6.3
908290,52361,SKU-39759,Home,2,71.24,142.48
908291,52361,SKU-18017,Grocery,3,12.27,36.81
908292,52361,SKU-10245,Sports,3,22.52,67.56
908293,52362,SKU-78606,Sports,1,37.53,37.53
908294,52362,SKU-60312,Electronics,2,21.03,42.06
908295,52362,SKU-98232,Sports,4,39.09,156.36
908296,52362,SKU-13869,Apparel,3,48.87,146.61
908297,52362,SKU-35224,Apparel,4,23.69,94.76
908298,52362,SKU-74325,Electronics,1,19.21,19.21
908299,52363,SKU-30447,Electronics,4,28.47,113.88
908300,52363,SKU-69519,Home,4,8.91,35.64
908301,52363,SKU-52422,Apparel,4,10.19,40.76
908302,52363,SKU-44082,Electronics,1,10.69,10.69
908303,52363,SKU-74989,Sports,3,22.29,66.87
908304,52363,SKU-46235,Electronics,2,47.42,94.84
908305,52364,SKU-78066,Home,3,67.93,203.79
908306,52364,SKU-94261,Grocery,1,28.72,28.72
908307,52364,SKU-13576,Electronics,2,23.13,46.26
908308,52364,SKU-33081,Apparel,4,9.69,38.76
908309,52365,SKU-41852,Apparel,3,10.76,32.28
908310,52365,SKU-38051,Home,2,24.83,49.66
908311,52365,SKU-86282,Apparel,2,29.69,59.38
908312,52365,SKU-29199,Home,2,13.35,26.7
908313,52366,SKU-73584,Apparel,3,48.96,146.88
908314,52366,SKU-61749,Sports,2,61.85,123.7
908315,52367,SKU-76390,Grocery,4,9.94,39.76
908316,52367,SKU-45612,Home,1,15.68,15.68
908317,52367,SKU-75624,Grocery,3,43.87,131.61
908318,52368,SKU-92689,Home,2,9.6,19.2
908319,52369,SKU-87808,Sports,4,21.79,87.16
908320,52369,SKU-10533,Sports,1,7.55,7.55
908321,52370,SKU-95004,Apparel,4,26.86,107.44
908322,52370,SKU-32495,Apparel,3,11.46,34.38
908323,52370,SKU-18090,Grocery,2,25.14,50.28
908324,52370,SKU-43194,Home,3,41.69,125.07
908325,52370,SKU-10975,Electronics,2,29.42,58.84
908326,52371,SKU-72078,Apparel,3,35.7,107.1
908327,52371,SKU-42202,Sports,2,22.32,44.64
908328,52371,SKU-28949,Home,3,104.36,313.08
908329,52371,SKU-42320,Electronics,3,51.55,154.65
908330,52371,SKU-14153,Apparel,2,39.62,79.24
908331,52372,SKU-79504,Apparel,3,32.43,97.29
908332,52372,SKU-19703,Home,2,11.1,22.2
908333,52373,SKU-37603,Electronics,3,18.21,54.63
908334,52373,SKU-74233,Sports,1,10.45,10.45
908335,52373,SKU-95747,Electronics,1,21.38,21.38
908336,52374,SKU-79323,Apparel,3,39.18,117.54
908337,52374,SKU-60393,Grocery,2,95.12,190.24
908338,52374,SKU-72668,Apparel,1,21.57,21.57
908339,52375,SKU-37660,Grocery,2,74.42,148.84
908340,52375,SKU-66918,Grocery,3,3.82,11.46
908341,52375,SKU-12382,Apparel,3,50.81,152.43
908342,52376,SKU-97435,Electronics,1,15.09,15.09
908343,52376,SKU-16348,Apparel,1,17.03,17.03
908344,52377,SKU-47751,Home,2,22.5,45.0
908345,52377,SKU-93998,Electronics,1,35.83,35.83
908346,52377,SKU-71815,Grocery,3,39.09,117.27
908347,52377,SKU-49444,Sports,4,15.02,60.08
908348,52377,SKU-96805,Apparel,1,6.75,6.75
908349,52377,SKU-44168,Sports,1,56.32,56.32
908350,52378,SKU-61331,Apparel,1,24.53,24.53
908351,52378,SKU-37087,Electronics,1,23.47,23.47
908352,52378,SKU-28402,Electronics,1,12.44,12.44
908353,52378,SKU-57738,Electronics,4,20.58,82.32
908354,52378,SKU-98350,Apparel,3,33.33,99.99
908355,52379,SKU-63721,Home,2,102.02,204.04
908356,52379,SKU-23028,Grocery,1,18.81,18.81
908357,52379,SKU-48089,Home,2,8.8,17.6
908358,52379,SKU-12107,Apparel,2,39.28,78.56
908359,52379,SKU-46874,Apparel,3,24.74,74.22
908360,52380,SKU-92725,Apparel,1,42.68,42.68
908361,52380,SKU-37992,Home,1,13.59,13.59
908362,52380,SKU-84749,Electronics,1,7.56,7.56
908363,52380,SKU-18689,Home,4,37.56,150.24
908364,52380,SKU-17915,Sports,4,19.27,77.08
908365,52381,SKU-31213,Apparel,1,10.95,10.95
908366,52382,SKU-61352,Sports,3,13.92,41.76
908367,52383,SKU-26232,Grocery,1,42.2,42.2
908368,52383,SKU-31730,Home,2,34.63,69.26
908369,52383,SKU-34131,Electronics,2,19.8,39.6
908370,52383,SKU-33212,Sports,3,12.91,38.73
908371,52383,SKU-75085,Sports,4,10.81,43.24
908372,52383,SKU-91878,Home,4,24.76,99.04
908373,52384,SKU-32423,Home,1,28.68,28.68
908374,52384,SKU-77096,Electronics,2,44.71,89.42
908375,52384,SKU-28826,Electronics,4,32.04,128.16
908376,52384,SKU-37638,Grocery,1,20.76,20.76
908377,52385,SKU-24675,Grocery,1,16.47,16.47
908378,52386,SKU-91894,Grocery,1,7.45,7.45
908379,52387,SKU-97479,Sports,1,37.23,37.23
908380,52387,SKU-51631,Electronics,1,7.12,7.12
908381,52387,SKU-75417,Sports,2,17.07,34.14
908382,52387,SKU-69275,Apparel,3,49.67,149.01
908383,52387,SKU-46317,Apparel,2,31.09,62.18
908384,52387,SKU-79151,Sports,3,55.25,165.75
908385,52388,SKU-49994,Grocery,1,17.12,17.12
908386,52388,SKU-31039,Apparel,2,24.8,49.6
908387,52389,SKU-96249,Apparel,3,12.77,38.31
908388,52389,SKU-97396,Electronics,1,6.9,6.9
908389,52389,SKU-62260,Grocery,3,35.01,105.03
908390,52389,SKU-87780,Apparel,4,11.47,45.88
908391,52389,SKU-15331,Home,4,19.12,76.48
908392,52390,SKU-32600,Grocery,3,3.21,9.63
908393,52390,SKU-93985,Grocery,1,31.99,31.99
908394,52390,SKU-49447,Apparel,3,37.02,111.06
908395,52390,SKU-67321,Electronics,1,34.79,34.79
908396,52391,SKU-49593,Home,2,24.25,48.5
908397,52391,SKU-42401,Home,2,51.86,103.72
908398,52391,SKU-44464,Sports,4,20.87,83.48
908399,52391,SKU-82671,Apparel,3,15.52,46.56
908400,52391,SKU-80567,Home,1,28.83,28.83
908401,52391,SKU-25489,Electronics,3,32.81,98.43
908402,52392,SKU-32673,Grocery,1,20.03,20.03
908403,52392,SKU-44464,Electronics,1,59.58,59.58
908404,52392,SKU-21207,Electronics,1,9.92,9.92
908405,52393,SKU-21834,Sports,1,208.1,208.1
908406,52393,SKU-96548,Grocery,3,8.75,26.25
908407,52393,SKU-24700,Electronics,3,9.68,29.04
908408,52393,SKU-96391,Electronics,4,24.06,96.24
908409,52393,SKU-14712,Grocery,4,14.19,56.76
908410,52393,SKU-98803,Electronics,4,15.92,63.68
908411,52394,SKU-57484,Sports,4,22.05,88.2
908412,52394,SKU-15357,Apparel,4,49.31,197.24
908413,52394,SKU-24565,Grocery,3,42.44,127.32
908414,52394,SKU-11591,Apparel,3,18.66,55.98
908415,52395,SKU-11448,Electronics,4,59.89,239.56
908416,52395,SKU-47232,Electronics,2,38.85,77.7
908417,52395,SKU-19215,Electronics,4,11.31,45.24
908418,52395,SKU-81973,Sports,4,27.63,110.52
908419,52395,SKU-28363,Home,4,29.55,118.2
908420,52395,SKU-58164,Home,1,18.35,18.35
908421,52396,SKU-58775,Apparel,3,57.26,171.78
908422,52396,SKU-54199,Home,1,112.39,112.39
908423,52396,SKU-89493,Apparel,3,43.16,129.48
908424,52397,SKU-26467,Apparel,2,14.86,29.72
908425,52397,SKU-58428,Home,2,12.77,25.54
908426,52397,SKU-65675,Grocery,1,42.45,42.45
908427,52397,SKU-60613,Apparel,3,7.91,23.73
908428,52398,SKU-43421,Electronics,2,16.92,33.84
908429,52398,SKU-85855,Sports,3,13.28,39.84
908430,52398,SKU-63790,Electronics,4,45.91,183.64
908431,52398,SKU-83879,Electronics,1,30.85,30.85
908432,52398,SKU-88878,Electronics,4,65.06,260.24
908433,52399,SKU-88577,Electronics,3,37.85,113.55
908434,52399,SKU-45880,Apparel,3,44.64,133.92
908435,52400,SKU-39429,Apparel,1,52.7,52.7
908436,52401,SKU-76760,Sports,2,34.0,68.0
908437,52402,SKU-27602,Home,2,22.4,44.8
908438,52402,SKU-77545,Grocery,4,30.58,122.32
908439,52402,SKU-24830,Grocery,4,17.51,70.04
908440,52402,SKU-42103,Sports,3,16.25,48.75
908441,52403,SKU-71194,Home,1,11.72,11.72
908442,52403,SKU-10149,Sports,3,21.5,64.5
908443,52404,SKU-85526,Sports,1,13.58,13.58
908444,52404,SKU-32452,Home,1,25.59,25.59
908445,52404,SKU-89029,Home,3,37.61,112.83
908446,52405,SKU-52447,Home,4,16.21,64.84
908447,52405,SKU-57366,Home,1,20.76,20.76
908448,52405,SKU-26270,Sports,2,32.57,65.14
908449,52405,SKU-32475,Apparel,2,20.13,40.26
908450,52405,SKU-50193,Apparel,4,9.7,38.8
908451,52405,SKU-25233,Grocery,3,12.02,36.06
908452,52406,SKU-71843,Home,1,36.72,36.72
908453,52406,SKU-79848,Apparel,2,37.58,75.16
908454,52407,SKU-96431,Sports,4,62.19,248.76
908455,52407,SKU-99587,Apparel,3,11.8,35.4
908456,52407,SKU-31070,Electronics,1,10.49,10.49
908457,52407,SKU-57758,Apparel,4,8.15,32.6
908458,52408,SKU-47675,Electronics,3,9.17,27.51
908459,52408,SKU-19728,Apparel,1,16.51,16.51
908460,52409,SKU-72609,Sports,4,8.52,34.08
908461,52410,SKU-89177,Apparel,3,16.25,48.75
908462,52411,SKU-70658,Sports,3,38.74,116.22
908463,52411,SKU-92884,Sports,1,13.59,13.59
908464,52411,SKU-97255,Electronics,3,4.4,13.2
908465,52412,SKU-67105,Sports,2,27.43,54.86
908466,52412,SKU-38394,Grocery,3,8.4,25.2
908467,52412,SKU-56616,Sports,1,9.94,9.94
908468,52413,SKU-65635,Grocery,2,5.77,11.54
908469,52413,SKU-11279,Grocery,3,12.64,37.92
908470,52413,SKU-53056,Electronics,1,9.09,9.09
908471,52414,SKU-42029,Grocery,4,10.66,42.64
908472,52414,SKU-79986,Home,3,15.7,47.1
908473,52414,SKU-10433,Grocery,4,41.97,167.88
908474,52414,SKU-83840,Sports,2,26.27,52.54
908475,52414,SKU-80884,Electronics,4,26.65,106.6
908476,52414,SKU-97030,Electronics,2,11.89,23.78
908477,52415,SKU-10216,Apparel,2,11.15,22.3
908478,52416,SKU-27666,Grocery,1,23.09,23.09
908479,52417,SKU-37227,Electronics,1,21.04,21.04
908480,52417,SKU-14771,Sports,2,14.94,29.88
908481,52417,SKU-13780,Apparel,3,144.56,433.68
908482,52417,SKU-35194,Sports,4,46.34,185.36
908483,52417,SKU-21508,Home,2,30.37,60.74
908484,52418,SKU-64887,Home,3,16.23,48.69
908485,52418,SKU-42777,Home,1,35.25,35.25
908486,52418,SKU-62660,Sports,1,16.77,16.77
908487,52419,SKU-70604,Apparel,3,14.94,44.82
908488,52419,SKU-72719,Grocery,4,21.43,85.72
908489,52419,SKU-86544,Electronics,2,53.96,107.92
908490,52419,SKU-74383,Sports,2,19.22,38.44
908491,52419,SKU-24438,Sports,1,18.58,18.58
908492,52419,SKU-74903,Grocery,2,25.54,51.08
908493,52420,SKU-15723,Apparel,3,25.0,75.0
908494,52420,SKU-25767,Apparel,3,23.02,69.06
908495,52421,SKU-83140,Apparel,2,94.44,188.88
908496,52422,SKU-42253,Electronics,2,33.8,67.6
908497,52423,SKU-64878,Electronics,4,41.41,165.64
908498,52423,SKU-61133,Electronics,3,21.4,64.2
908499,52423,SKU-23687,Apparel,1,16.48,16.48
908500,52423,SKU-91472,Electronics,4,14.5,58.0
908501,52423,SKU-61566,Home,2,25.81,51.62
908502,52424,SKU-83082,Grocery,1,14.21,14.21
908503,52425,SKU-86282,Apparel,3,27.05,81.15
908504,52425,SKU-53757,Home,2,46.49,92.98
908505,52425,SKU-75494,Grocery,2,14.57,29.14
908506,52425,SKU-35992,Grocery,1,17.15,17.15
908507,52425,SKU-16276,Sports,2,50.73,101.46
908508,52425,SKU-41058,Electronics,3,9.69,29.07
908509,52426,SKU-36234,Grocery,1,16.29,16.29
908510,52426,SKU-18668,Apparel,4,5.0,20.0
908511,52426,SKU-41775,Home,4,42.44,169.76
908512,52426,SKU-10233,Electronics,1,26.61,26.61
908513,52427,SKU-85554,Apparel,2,32.29,64.58
908514,52427,SKU-48711,Home,1,41.82,41.82
908515,52427,SKU-85704,Apparel,3,31.58,94.74
908516,52428,SKU-89210,Sports,1,39.76,39.76
908517,52428,SKU-30951,Sports,2,31.29,62.58
908518,52429,SKU-92389,Electronics,1,55.71,55.71
908519,52429,SKU-47758,Apparel,2,63.04,126.08
908520,52430,SKU-36318,Grocery,1,24.48,24.48
908521,52430,SKU-71173,Home,4,4.65,18.6
908522,52430,SKU-40623,Grocery,3,41.63,124.89
908523,52431,SKU-42699,Home,3,48.7,146.1
908524,52431,SKU-74372,Electronics,3,16.36,49.08
908525,52431,SKU-86014,Apparel,3,49.19,147.57
908526,52432,SKU-48089,Home,2,10.04,20.08
908527,52432,SKU-18233,Electronics,1,30.42,30.42
908528,52432,SKU-33907,Home,4,48.74,194.96
908529,52432,SKU-56646,Apparel,2,23.52,47.04
908530,52433,SKU-58494,Apparel,2,3.36,6.72
908531,52433,SKU-90603,Apparel,2,58.87,117.74
908532,52433,SKU-78744,Sports,1,27.14,27.14
908533,52434,SKU-58116,Electronics,1,35.14,35.14
908534,52434,SKU-63497,Apparel,3,21.64,64.92
908535,52434,SKU-33555,Apparel,4,32.54,130.16
908536,52434,SKU-73979,Grocery,1,14.69,14.69
908537,52434,SKU-34663,Apparel,4,2.57,10.28
908538,52435,SKU-32920,Electronics,3,37.1,111.3
908539,52436,SKU-81675,Home,2,9.86,19.72
908540,52436,SKU-13222,Electronics,2,18.52,37.04
908541,52437,SKU-42944,Apparel,2,37.54,75.08
908542,52437,SKU-43612,Sports,4,25.99,103.96
908543,52437,SKU-62036,Grocery,3,28.9,86.7
908544,52437,SKU-61911,Electronics,4,30.87,123.48
908545,52438,SKU-75979,Apparel,3,22.5,67.5
908546,52439,SKU-84874,Electronics,3,21.39,64.17
908547,52439,SKU-17576,Electronics,2,8.01,16.02
908548,52439,SKU-98832,Electronics,1,44.04,44.04
908549,52440,SKU-74368,Sports,1,19.31,19.31
908550,52440,SKU-10262,Electronics,3,10.08,30.24
908551,52440,SKU-85249,Apparel,2,48.81,97.62
908552,52441,SKU-44382,Electronics,2,6.74,13.48
908553,52441,SKU-51874,Home,3,84.62,253.86
908554,52442,SKU-69216,Grocery,3,28.95,86.85
908555,52442,SKU-11531,Apparel,1,12.46,12.46
908556,52442,SKU-65683,Apparel,2,31.66,63.32
908557,52442,SKU-60668,Sports,3,8.88,26.64
908558,52442,SKU-65347,Home,2,24.53,49.06
908559,52443,SKU-15875,Electronics,1,37.2,37.2
908560,52443,SKU-42607,Home,2,59.36,118.72
908561,52443,SKU-26370,Electronics,2,9.71,19.42
908562,52443,SKU-65663,Grocery,2,6.03,12.06
908563,52444,SKU-51415,Electronics,4,9.31,37.24
908564,52444,SKU-55926,Home,2,13.63,27.26
908565,52444,SKU-18818,Apparel,3,87.71,263.13
908566,52444,SKU-93864,Grocery,2,70.32,140.64
908567,52444,SKU-24990,Apparel,1,16.1,16.1
908568,52444,SKU-37705,Home,2,37.88,75.76
908569,52445,SKU-43938,Grocery,4,14.27,57.08
908570,52445,SKU-23141,Sports,2,17.72,35.44
908571,52445,SKU-99280,Sports,4,15.56,62.24
908572,52446,SKU-89307,Electronics,1,8.75,8.75
908573,52446,SKU-83459,Home,2,13.82,27.64
908574,52446,SKU-82404,Sports,1,15.65,15.65
908575,52446,SKU-13459,Home,1,19.53,19.53
908576,52446,SKU-86590,Grocery,4,34.78,139.12
908577,52446,SKU-81572,Home,2,11.91,23.82
908578,52447,SKU-63816,Grocery,4,32.99,131.96
908579,52447,SKU-39382,Electronics,3,8.93,26.79
908580,52447,SKU-95208,Grocery,3,9.51,28.53
908581,52447,SKU-39367,Grocery,3,15.78,47.34
908582,52447,SKU-62785,Home,2,5.75,11.5
908583,52447,SKU-67733,Home,1,9.9,9.9
908584,52448,SKU-89603,Apparel,1,12.4,12.4
908585,52448,SKU-18605,Apparel,4,12.69,50.76
908586,52448,SKU-19200,Home,3,9.71,29.13
908587,52448,SKU-64118,Electronics,1,8.24,8.24
908588,52449,SKU-75804,Grocery,1,68.44,68.44
908589,52449,SKU-14089,Electronics,3,73.97,221.91
908590,52449,SKU-45694,Electronics,3,42.55,127.65
908591,52450,SKU-76617,Apparel,1,18.83,18.83
908592,52450,SKU-37823,Grocery,1,17.83,17.83
908593,52450,SKU-24521,Apparel,1,14.36,14.36
908594,52450,SKU-39542,Grocery,2,21.27,42.54
908595,52450,SKU-18770,Apparel,3,9.91,29.73
908596,52450,SKU-98891,Sports,2,12.43,24.86
908597,52451,SKU-67222,Grocery,4,30.38,121.52
908598,52451,SKU-79772,Sports,2,8.57,17.14
908599,52451,SKU-68533,Electronics,3,23.82,71.46
908600,52451,SKU-78955,Apparel,1,16.63,16.63
908601,52451,SKU-89769,Electronics,2,9.94,19.88
908602,52451,SKU-78511,Sports,1,8.6,8.6
908603,52452,SKU-16385,Grocery,3,8.88,26.64
908604,52452,SKU-33236,Electronics,3,32.58,97.74
908605,52452,SKU-62418,Sports,4,29.04,116.16
908606,52452,SKU-53327,Electronics,3,39.62,118.86
908607,52453,SKU-72247,Apparel,4,29.35,117.4
908608,52453,SKU-98299,Electronics,1,21.08,21.08
908609,52453,SKU-50397,Grocery,4,45.66,182.64
908610,52453,SKU-47159,Grocery,3,38.4,115.2
908611,52453,SKU-35765,Apparel,4,26.89,107.56
908612,52453,SKU-75743,Apparel,3,32.25,96.75
908613,52454,SKU-35831,Grocery,2,32.73,65.46
908614,52454,SKU-11935,Apparel,4,23.46,93.84
908615,52454,SKU-21211,Grocery,2,12.72,25.44
908616,52454,SKU-10339,Sports,2,23.17,46.34
908617,52454,SKU-73098,Home,1,20.8,20.8
908618,52455,SKU-14695,Home,4,21.16,84.64
908619,52455,SKU-30447,Electronics,1,18.2,18.2
908620,52455,SKU-78632,Apparel,4,38.82,155.28
908621,52455,SKU-27537,Home,3,20.06,60.18
908622,52456,SKU-65362,Electronics,1,48.55,48.55
908623,52456,SKU-38369,Apparel,1,14.33,14.33
908624,52457,SKU-57410,Sports,4,40.31,161.24
908625,52458,SKU-37747,Grocery,2,25.22,50.44
908626,52458,SKU-70002,Apparel,3,24.84,74.52
908627,52458,SKU-20818,Home,4,22.17,88.68
908628,52459,SKU-62614,Home,1,6.94,6.94
908629,52459,SKU-64187,Home,2,17.51,35.02
908630,52459,SKU-26914,Electronics,3,13.13,39.39
908631,52459,SKU-86053,Apparel,1,21.58,21.58
908632,52459,SKU-75513,Grocery,1,13.29,13.29
908633,52459,SKU-25915,Home,4,17.77,71.08
908634,52460,SKU-98837,Sports,3,12.16,36.48
908635,52460,SKU-42743,Home,3,17.77,53.31
908636,52461,SKU-37684,Sports,4,36.36,145.44
908637,52461,SKU-45289,Electronics,4,42.53,170.12
908638,52461,SKU-58396,Home,1,16.99,16.99
908639,52461,SKU-87544,Grocery,4,29.56,118.24
908640,52461,SKU-14702,Electronics,4,9.37,37.48
908641,52461,SKU-97971,Electronics,2,46.74,93.48
908642,52462,SKU-74688,Home,3,13.45,40.35
908643,52462,SKU-88011,Electronics,4,19.14,76.56
908644,52462,SKU-83278,Home,3,27.86,83.58
908645,52462,SKU-32193,Electronics,4,10.18,40.72
908646,52462,SKU-49757,Electronics,2,19.47,38.94
908647,52462,SKU-44542,Sports,3,24.43,73.29
908648,52463,SKU-52076,Grocery,2,41.94,83.88
908649,52463,SKU-15921,Home,3,4.01,12.03
908650,52464,SKU-37731,Apparel,4,24.42,97.68
908651,52464,SKU-14268,Home,2,142.04,284.08
908652,52464,SKU-94494,Grocery,2,6.53,13.06
908653,52464,SKU-32290,Sports,2,46.97,93.94
908654,52465,SKU-68221,Sports,1,24.98,24.98
908655,52466,SKU-34983,Electronics,3,6.85,20.55
908656,52466,SKU-69188,Apparel,2,36.09,72.18
908657,52466,SKU-18118,Home,1,10.04,10.04
908658,52466,SKU-17766,Grocery,1,14.19,14.19
908659,52466,SKU-40690,Grocery,4,27.12,108.48
908660,52466,SKU-17151,Home,3,41.84,125.52
908661,52467,SKU-25421,Sports,1,21.25,21.25
908662,52467,SKU-29548,Apparel,2,15.2,30.4
908663,52467,SKU-90544,Apparel,2,25.24,50.48
908664,52467,SKU-89441,Apparel,1,10.81,10.81
908665,52467,SKU-96615,Apparel,4,64.4,257.6
908666,52467,SKU-63976,Sports,3,85.15,255.45
908667,52468,SKU-66486,Apparel,1,68.76,68.76
908668,52468,SKU-74313,Sports,3,27.83,83.49
908669,52468,SKU-15395,Grocery,3,6.16,18.48
908670,52469,SKU-81911,Apparel,1,23.43,23.43
908671,52469,SKU-68973,Apparel,1,21.94,21.94
908672,52469,SKU-67599,Home,1,20.59,20.59
908673,52469,SKU-52061,Sports,1,19.75,19.75
908674,52469,SKU-29984,Grocery,1,9.29,9.29
908675,52469,SKU-36552,Apparel,3,16.61,49.83
908676,52470,SKU-12344,Sports,2,9.63,19.26
908677,52470,SKU-39882,Apparel,2,39.86,79.72
908678,52470,SKU-17337,Grocery,2,24.32,48.64
908679,52470,SKU-60568,Sports,1,56.04,56.04
908680,52470,SKU-85601,Electronics,3,36.18,108.54
908681,52471,SKU-55755,Grocery,2,23.54,47.08
908682,52471,SKU-47913,Home,3,11.98,35.94
908683,52471,SKU-64358,Sports,1,15.93,15.93
908684,52472,SKU-70969,Sports,1,30.95,30.95
908685,52472,SKU-77275,Apparel,3,39.81,119.43
908686,52472,SKU-24843,Home,1,8.61,8.61
908687,52472,SKU-52138,Electronics,3,17.21,51.63
908688,52472,SKU-85661,Sports,2,7.57,15.14
908689,52473,SKU-17956,Home,3,32.5,97.5
908690,52473,SKU-63282,Apparel,1,5.45,5.45
908691,52473,SKU-91748,Grocery,1,10.33,10.33
908692,52473,SKU-87635,Sports,1,14.95,14.95
908693,52473,SKU-50522,Grocery,1,65.89,65.89
908694,52473,SKU-79101,Electronics,4,12.17,48.68
908695,52474,SKU-71760,Sports,1,28.4,28.4
908696,52474,SKU-26402,Grocery,1,50.93,50.93
908697,52475,SKU-50451,Apparel,3,13.58,40.74
908698,52475,SKU-58146,Grocery,3,25.31,75.93
908699,52475,SKU-37922,Apparel,3,4.63,13.89
908700,52475,SKU-84473,Home,1,50.69,50.69
908701,52475,SKU-78908,Apparel,3,31.77,95.31
908702,52475,SKU-23866,Grocery,2,11.23,22.46
908703,52476,SKU-86292,Home,3,19.49,58.47
908704,52476,SKU-72446,Grocery,1,11.77,11.77
908705,52476,SKU-57407,Grocery,4,16.87,67.48
908706,52476,SKU-76051,Apparel,1,23.58,23.58
908707,52476,SKU-87025,Home,1,88.89,88.89
908708,52476,SKU-73096,Grocery,4,41.19,164.76
908709,52477,SKU-69426,Electronics,1,37.38,37.38
908710,52477,SKU-25531,Apparel,3,23.01,69.03
908711,52478,SKU-20655,Sports,4,9.22,36.88
908712,52478,SKU-53211,Grocery,1,11.2,11.2
908713,52478,SKU-79365,Electronics,3,14.79,44.37
908714,52478,SKU-21368,Apparel,1,15.64,15.64
908715,52479,SKU-61503,Sports,2,21.46,42.92
908716,52480,SKU-83297,Apparel,2,19.38,38.76
908717,52480,SKU-37593,Sports,4,28.16,112.64
908718,52480,SKU-24184,Home,2,11.11,22.22
908719,52480,SKU-94214,Grocery,4,11.21,44.84
908720,52481,SKU-91565,Sports,1,32.02,32.02
908721,52482,SKU-76909,Apparel,3,40.9,122.7
908722,52482,SKU-36521,Grocery,2,49.22,98.44
908723,52482,SKU-29162,Grocery,4,14.06,56.24
908724,52483,SKU-20289,Apparel,3,31.39,94.17
908725,52483,SKU-69490,Apparel,2,6.8,13.6
908726,52483,SKU-65993,Grocery,4,13.07,52.28
908727,52483,SKU-77503,Electronics,1,22.62,22.62
908728,52484,SKU-46624,Electronics,3,21.38,64.14
908729,52485,SKU-87523,Electronics,3,23.84,71.52
908730,52485,SKU-49251,Grocery,4,34.51,138.04
908731,52485,SKU-18173,Apparel,1,17.92,17.92
908732,52485,SKU-85004,Sports,3,19.43,58.29
908733,52486,SKU-64333,Grocery,4,16.27,65.08
908734,52486,SKU-82456,Sports,4,18.82,75.28
908735,52486,SKU-30941,Home,3,34.46,103.38
908736,52487,SKU-91642,Apparel,4,38.97,155.88
908737,52487,SKU-36168,Electronics,4,22.18,88.72
908738,52487,SKU-58408,Electronics,3,6.19,18.57
908739,52488,SKU-31086,Home,3,19.02,57.06
908740,52488,SKU-43476,Sports,4,42.25,169.0
908741,52488,SKU-49552,Electronics,3,33.86,101.58
908742,52488,SKU-17303,Electronics,2,23.05,46.1
908743,52488,SKU-82320,Apparel,3,25.27,75.81
908744,52489,SKU-99712,Grocery,1,23.39,23.39
908745,52489,SKU-31033,Apparel,2,48.74,97.48
908746,52489,SKU-91758,Grocery,3,15.24,45.72
908747,52490,SKU-15305,Sports,2,91.91,183.82
908748,52490,SKU-64514,Apparel,3,71.9,215.7
908749,52490,SKU-43890,Home,3,19.32,57.96
908750,52490,SKU-44659,Sports,2,54.42,108.84
908751,52490,SKU-73938,Grocery,2,9.36,18.72
908752,52490,SKU-81860,Sports,3,34.3,102.9
908753,52491,SKU-16093,Grocery,4,50.29,201.16
908754,52491,SKU-26010,Sports,3,24.96,74.88
908755,52491,SKU-89642,Electronics,1,19.39,19.39
908756,52491,SKU-29366,Sports,3,34.69,104.07
908757,52492,SKU-27950,Grocery,4,19.46,77.84
908758,52492,SKU-15251,Grocery,4,31.78,127.12
908759,52492,SKU-37384,Electronics,3,79.0,237.0
908760,52492,SKU-61840,Sports,3,65.03,195.09
908761,52493,SKU-74963,Home,2,56.64,113.28
908762,52493,SKU-10165,Home,1,19.16,19.16
908763,52493,SKU-22443,Electronics,4,9.86,39.44
908764,52493,SKU-60600,Grocery,2,9.95,19.9
908765,52493,SKU-63013,Electronics,3,8.02,24.06
908766,52494,SKU-57493,Sports,4,22.55,90.2
908767,52494,SKU-32771,Home,3,37.54,112.62
908768,52494,SKU-74284,Apparel,4,28.01,112.04
908769,52494,SKU-17218,Apparel,1,25.64,25.64
908770,52494,SKU-19463,Grocery,3,11.34,34.02
908771,52494,SKU-70829,Electronics,3,9.5,28.5
908772,52495,SKU-75764,Electronics,2,19.08,38.16
908773,52495,SKU-52917,Apparel,3,36.15,108.45
908774,52495,SKU-46357,Grocery,3,150.02,450.06
908775,52496,SKU-45460,Home,2,20.58,41.16
908776,52496,SKU-92121,Apparel,1,12.73,12.73
908777,52496,SKU-96016,Home,2,40.35,80.7
908778,52496,SKU-32979,Apparel,1,39.72,39.72
908779,52496,SKU-69253,Home,4,7.08,28.32
908780,52497,SKU-41794,Grocery,4,84.67,338.68
908781,52497,SKU-85364,Home,2,16.32,32.64
908782,52497,SKU-53283,Apparel,4,8.37,33.48
908783,52498,SKU-58433,Electronics,4,28.58,114.32
908784,52498,SKU-86349,Apparel,3,15.55,46.65
908785,52498,SKU-97202,Sports,4,20.87,83.48
908786,52499,SKU-45297,Home,1,13.5,13.5
908787,52499,SKU-78796,Apparel,1,20.83,20.83
908788,52499,SKU-78986,Grocery,4,19.07,76.28
908789,52499,SKU-18541,Electronics,2,13.57,27.14
908790,52499,SKU-56517,Grocery,2,9.96,19.92
908791,52500,SKU-38610,Home,3,22.96,68.88
908792,52500,SKU-17261,Sports,2,43.96,87.92
908793,52500,SKU-15646,Apparel,4,32.79,131.16
908794,52500,SKU-12830,Apparel,4,20.69,82.76
908795,52500,SKU-45637,Apparel,2,22.62,45.24
908796,52500,SKU-56022,Grocery,4,19.51,78.04
908797,52501,SKU-96071,Home,1,22.94,22.94
908798,52501,SKU-19948,Electronics,2,64.18,128.36
908799,52502,SKU-64462,Grocery,2,15.55,31.1
908800,52502,SKU-16270,Grocery,2,52.72,105.44
908801,52502,SKU-36763,Electronics,3,29.77,89.31
908802,52502,SKU-95333,Grocery,1,32.21,32.21
908803,52503,SKU-88155,Grocery,2,10.84,21.68
908804,52503,SKU-75129,Grocery,1,4.88,4.88
908805,52504,SKU-95651,Sports,3,68.59,205.77
908806,52504,SKU-16703,Grocery,1,7.42,7.42
908807,52504,SKU-22036,Electronics,3,19.51,58.53
908808,52504,SKU-94202,Grocery,1,32.1,32.1
908809,52504,SKU-95636,Apparel,2,41.57,83.14
908810,52504,SKU-15505,Sports,1,10.51,10.51
908811,52505,SKU-52198,Home,1,47.05,47.05
908812,52505,SKU-98633,Home,1,10.93,10.93
908813,52505,SKU-69328,Home,1,24.19,24.19
908814,52505,SKU-37606,Electronics,2,14.53,29.06
908815,52506,SKU-82773,Apparel,4,41.01,164.04
908816,52507,SKU-91563,Grocery,3,15.17,45.51
908817,52507,SKU-78271,Sports,4,63.51,254.04
908818,52507,SKU-38267,Apparel,3,7.63,22.89
908819,52507,SKU-59707,Apparel,3,78.85,236.55
908820,52508,SKU-37763,Sports,1,12.24,12.24
908821,52509,SKU-92221,Sports,4,5.28,21.12
908822,52509,SKU-67333,Sports,4,16.21,64.84
908823,52509,SKU-91585,Apparel,4,21.7,86.8
908824,52510,SKU-38907,Grocery,4,27.47,109.88
908825,52510,SKU-84403,Grocery,3,19.45,58.35
908826,52510,SKU-77482,Sports,2,33.06,66.12
908827,52510,SKU-97735,Home,3,18.98,56.94
908828,52511,SKU-80212,Grocery,2,19.17,38.34
908829,52511,SKU-56141,Home,4,31.92,127.68
908830,52511,SKU-63347,Electronics,4,67.65,270.6
908831,52512,SKU-39865,Electronics,1,56.64,56.64
908832,52512,SKU-72805,Home,4,26.94,107.76
908833,52512,SKU-29105,Apparel,4,14.07,56.28
908834,52512,SKU-18599,Electronics,2,5.79,11.58
908835,52513,SKU-86618,Apparel,3,5.35,16.05
908836,52513,SKU-50892,Grocery,3,85.87,257.61
908837,52514,SKU-74913,Electronics,2,49.32,98.64
908838,52514,SKU-41683,Apparel,2,75.83,151.66
908839,52515,SKU-10874,Home,3,51.25,153.75
908840,52515,SKU-29056,Electronics,2,95.11,190.22
908841,52515,SKU-52840,Apparel,3,27.53,82.59
908842,52515,SKU-23860,Electronics,1,73.06,73.06
908843,52515,SKU-71885,Home,2,13.1,26.2
908844,52515,SKU-90348,Grocery,1,10.53,10.53
908845,52516,SKU-97971,Grocery,4,33.64,134.56
908846,52516,SKU-30702,Sports,1,58.69,58.69
908847,52516,SKU-70302,Grocery,3,48.6,145.8
908848,52516,SKU-33858,Apparel,4,20.79,83.16
908849,52517,SKU-67436,Electronics,2,17.24,34.48
908850,52517,SKU-72243,Apparel,2,31.82,63.64
908851,52518,SKU-92558,Sports,2,11.52,23.04
908852,52518,SKU-64329,Apparel,1,14.64,14.64
908853,52518,SKU-96435,Sports,2,47.7,95.4
908854,52518,SKU-92939,Grocery,4,15.54,62.16
908855,52519,SKU-92982,Grocery,1,12.92,12.92
908856,52520,SKU-60274,Apparel,4,42.14,168.56
908857,52520,SKU-25472,Home,4,13.41,53.64
908858,52520,SKU-76277,Apparel,1,22.96,22.96
908859,52520,SKU-57982,Apparel,1,21.38,21.38
908860,52520,SKU-89143,Sports,3,51.87,155.61
908861,52521,SKU-76085,Grocery,1,12.63,12.63
908862,52521,SKU-14933,Home,1,18.83,18.83
908863,52521,SKU-29614,Electronics,2,45.38,90.76
908864,52521,SKU-41040,Electronics,3,64.37,193.11
908865,52521,SKU-37978,Electronics,1,21.33,21.33
908866,52522,SKU-41235,Electronics,2,19.97,39.94
908867,52523,SKU-48766,Apparel,4,62.14,248.56
908868,52523,SKU-79985,Sports,2,94.27,188.54
908869,52524,SKU-33341,Home,1,5.54,5.54
908870,52524,SKU-75792,Sports,2,15.61,31.22
908871,52524,SKU-84426,Sports,4,46.93,187.72
908872,52524,SKU-73325,Electronics,4,31.83,127.32
908873,52524,SKU-88628,Sports,1,34.2,34.2
908874,52524,SKU-61340,Electronics,2,22.05,44.1
908875,52525,SKU-68815,Electronics,2,8.07,16.14
908876,52525,SKU-63841,Home,3,21.36,64.08
908877,52525,SKU-50983,Apparel,4,36.23,144.92
908878,52526,SKU-20751,Electronics,2,19.49,38.98
908879,52526,SKU-13074,Sports,4,3.45,13.8
908880,52526,SKU-57645,Apparel,2,19.7,39.4
908881,52526,SKU-91733,Sports,4,41.96,167.84
908882,52526,SKU-72218,Apparel,1,15.97,15.97
908883,52527,SKU-52733,Grocery,4,18.42,73.68
908884,52528,SKU-46023,Grocery,4,41.59,166.36
908885,52528,SKU-29177,Apparel,4,21.74,86.96
908886,52528,SKU-36925,Electronics,3,10.04,30.12
908887,52529,SKU-36320,Home,1,57.3,57.3
908888,52529,SKU-32892,Sports,1,6.32,6.32
908889,52529,SKU-10424,Apparel,3,10.51,31.53
908890,52530,SKU-93506,Electronics,1,8.51,8.51
908891,52530,SKU-35435,Electronics,3,11.58,34.74
908892,52530,SKU-57056,Apparel,1,30.42,30.42
908893,52531,SKU-88388,Apparel,3,21.29,63.87
908894,52532,SKU-69858,Grocery,1,54.7,54.7
908895,52533,SKU-39549,Electronics,3,30.31,90.93
908896,52533,SKU-24540,Sports,4,12.32,49.28
908897,52534,SKU-28174,Apparel,3,51.4,154.2
908898,52534,SKU-64823,Electronics,1,8.71,8.71
908899,52534,SKU-53359,Grocery,3,22.38,67.14
908900,52534,SKU-73627,Grocery,3,17.18,51.54
908901,52534,SKU-68345,Home,3,16.39,49.17
908902,52535,SKU-20966,Sports,4,83.47,333.88
908903,52535,SKU-57683,Apparel,3,25.43,76.29
908904,52535,SKU-40704,Home,3,54.43,163.29
908905,52535,SKU-57847,Sports,1,23.35,23.35
908906,52536,SKU-54097,Apparel,1,70.0,70.0
908907,52536,SKU-99407,Grocery,2,7.84,15.68
908908,52536,SKU-31405,Apparel,1,7.56,7.56
908909,52536,SKU-39626,Electronics,4,12.89,51.56
908910,52536,SKU-62115,Sports,3,9.39,28.17
908911,52537,SKU-69676,Sports,3,55.89,167.67
908912,52538,SKU-89755,Home,4,76.64,306.56
908913,52538,SKU-96944,Electronics,1,18.54,18.54
908914,52538,SKU-70220,Sports,3,10.72,32.16
908915,52538,SKU-28072,Apparel,4,19.39,77.56
908916,52539,SKU-73624,Sports,4,22.34,89.36
908917,52539,SKU-60684,Home,4,23.78,95.12
908918,52540,SKU-72787,Electronics,3,24.18,72.54
908919,52541,SKU-77361,Electronics,3,15.29,45.87
908920,52541,SKU-75915,Home,3,45.42,136.26
908921,52541,SKU-32421,Electronics,3,12.76,38.28
908922,52541,SKU-44435,Electronics,2,55.09,110.18
908923,52541,SKU-69189,Sports,3,21.37,64.11
908924,52541,SKU-98323,Electronics,3,49.05,147.15
908925,52542,SKU-56144,Sports,4,40.85,163.4
908926,52542,SKU-71289,Apparel,2,48.67,97.34
908927,52542,SKU-69594,Sports,3,15.5,46.5
908928,52542,SKU-67709,Electronics,2,18.04,36.08
908929,52543,SKU-75369,Grocery,1,8.59,8.59
908930,52543,SKU-31709,Electronics,4,3.11,12.44
908931,52543,SKU-15076,Grocery,1,23.3,23.3
908932,52543,SKU-31211,Apparel,4,29.37,117.48
908933,52543,SKU-97915,Sports,4,8.36,33.44
908934,52543,SKU-83291,Home,2,13.94,27.88
908935,52544,SKU-12252,Apparel,3,8.38,25.14
908936,52544,SKU-66683,Sports,4,5.11,20.44
908937,52544,SKU-87808,Home,2,12.95,25.9
908938,52544,SKU-60221,Apparel,2,55.59,111.18
908939,52544,SKU-40116,Home,4,34.91,139.64
908940,52545,SKU-63698,Electronics,1,10.26,10.26
908941,52545,SKU-56577,Electronics,1,21.34,21.34
908942,52545,SKU-26957,Sports,2,19.03,38.06
908943,52546,SKU-11951,Electronics,4,21.78,87.12
908944,52546,SKU-40229,Sports,1,23.73,23.73
908945,52546,SKU-18094,Apparel,2,9.84,19.68
908946,52546,SKU-83089,Grocery,2,25.14,50.28
908947,52547,SKU-95079,Sports,2,18.32,36.64
908948,52547,SKU-21426,Grocery,2,23.53,47.06
908949,52547,SKU-55545,Electronics,1,61.28,61.28
908950,52547,SKU-24057,Grocery,4,28.34,113.36
908951,52548,SKU-62700,Electronics,2,6.24,12.48
908952,52548,SKU-81467,Grocery,1,23.64,23.64
908953,52548,SKU-36348,Grocery,4,8.53,34.12
908954,52548,SKU-95394,Electronics,2,4.33,8.66
908955,52548,SKU-36081,Home,3,19.24,57.72
908956,52549,SKU-84640,Sports,4,18.29,73.16
908957,52549,SKU-78936,Apparel,3,4.7,14.1
908958,52549,SKU-81651,Grocery,2,16.95,33.9
908959,52550,SKU-42511,Apparel,2,42.91,85.82
908960,52550,SKU-64585,Electronics,1,10.51,10.51
908961,52550,SKU-18372,Home,3,24.11,72.33
908962,52550,SKU-16071,Apparel,3,60.1,180.3
908963,52551,SKU-48652,Grocery,3,61.22,183.66
908964,52551,SKU-76854,Apparel,1,20.38,20.38
908965,52551,SKU-83120,Electronics,3,7.01,21.03
908966,52552,SKU-56834,Electronics,3,16.37,49.11
908967,52553,SKU-53181,Electronics,4,10.26,41.04
908968,52553,SKU-27167,Sports,2,27.31,54.62
908969,52554,SKU-66898,Grocery,4,16.26,65.04
908970,52554,SKU-13896,Electronics,1,40.44,40.44
908971,52554,SKU-72698,Apparel,2,11.37,22.74
908972,52554,SKU-42867,Home,1,26.45,26.45
908973,52554,SKU-45691,Grocery,3,10.81,32.43
908974,52555,SKU-38079,Sports,2,36.11,72.22
908975,52555,SKU-89690,Electronics,4,42.49,169.96
908976,52556,SKU-79569,Apparel,1,25.91,25.91
908977,52556,SKU-31588,Grocery,1,16.12,16.12
908978,52556,SKU-98861,Grocery,1,22.23,22.23
908979,52556,SKU-22954,Electronics,2,59.18,118.36
908980,52557,SKU-79833,Sports,2,7.74,15.48
908981,52557,SKU-63503,Electronics,1,42.26,42.26
908982,52557,SKU-22740,Sports,2,5.85,11.7
908983,52558,SKU-50288,Home,1,5.53,5.53
908984,52558,SKU-76050,Home,4,53.03,212.12
908985,52558,SKU-34545,Apparel,1,26.14,26.14
908986,52559,SKU-84756,Grocery,2,28.15,56.3
908987,52560,SKU-76747,Electronics,2,19.73,39.46
908988,52560,SKU-48730,Apparel,3,11.22,33.66
908989,52560,SKU-81461,Apparel,3,6.23,18.69
908990,52560,SKU-25616,Grocery,4,269.11,1076.44
908991,52561,SKU-89288,Apparel,4,11.69,46.76
908992,52561,SKU-44465,Apparel,2,15.24,30.48
908993,52561,SKU-54965,Apparel,4,8.7,34.8
908994,52562,SKU-25049,Electronics,4,8.61,34.44
908995,52562,SKU-91969,Electronics,4,72.1,288.4
908996,52562,SKU-13515,Apparel,1,12.73,12.73
908997,52562,SKU-95918,Apparel,4,106.91,427.64
908998,52562,SKU-98050,Electronics,1,16.43,16.43
908999,52563,SKU-45821,Grocery,1,32.85,32.85
909000,52563,SKU-32660,Electronics,3,64.76,194.28
909001,52563,SKU-64569,Electronics,2,37.5,75.0
909002,52564,SKU-63849,Electronics,1,18.77,18.77
909003,52564,SKU-73634,Electronics,4,21.83,87.32
909004,52564,SKU-55438,Home,1,14.02,14.02
909005,52564,SKU-17874,Apparel,1,8.1,8.1
909006,52564,SKU-99249,Sports,4,69.81,279.24
909007,52565,SKU-29798,Home,1,22.69,22.69
909008,52566,SKU-83863,Sports,3,51.41,154.23
909009,52567,SKU-44096,Sports,4,21.36,85.44
909010,52567,SKU-57799,Apparel,2,8.75,17.5
909011,52567,SKU-60220,Sports,1,31.98,31.98
909012,52567,SKU-33468,Sports,4,33.16,132.64
909013,52567,SKU-82524,Grocery,3,24.5,73.5
909014,52568,SKU-26522,Sports,4,18.43,73.72
909015,52569,SKU-22296,Electronics,3,21.04,63.12
909016,52569,SKU-93020,Grocery,2,25.31,50.62
909017,52569,SKU-81957,Apparel,3,12.41,37.23
909018,52569,SKU-65608,Apparel,2,8.76,17.52
909019,52569,SKU-78106,Electronics,4,18.46,73.84
909020,52570,SKU-16578,Grocery,4,27.48,109.92
909021,52570,SKU-39696,Home,1,11.08,11.08
909022,52570,SKU-56390,Electronics,1,29.18,29.18
909023,52570,SKU-76974,Home,1,26.73,26.73
909024,52570,SKU-69810,Home,2,24.76,49.52
909025,52570,SKU-19875,Grocery,2,14.49,28.98
909026,52571,SKU-83409,Grocery,1,18.55,18.55
909027,52571,SKU-40126,Electronics,3,40.04,120.12
909028,52571,SKU-12465,Home,3,37.3,111.9
909029,52571,SKU-14932,Electronics,4,14.78,59.12
909030,52571,SKU-38807,Home,4,22.4,89.6
909031,52571,SKU-59989,Apparel,1,18.48,18.48
909032,52572,SKU-41213,Sports,2,10.08,20.16
909033,52572,SKU-98031,Home,3,17.43,52.29
909034,52572,SKU-10847,Electronics,1,12.84,12.84
909035,52572,SKU-19004,Sports,1,8.25,8.25
909036,52572,SKU-92119,Home,3,55.73,167.19
909037,52573,SKU-82115,Home,1,30.37,30.37
909038,52574,SKU-65170,Apparel,3,16.36,49.08
909039,52574,SKU-61053,Home,4,42.71,170.84
909040,52574,SKU-12846,Electronics,1,11.28,11.28
909041,52575,SKU-93749,Apparel,3,29.58,88.74
909042,52575,SKU-21743,Sports,3,8.98,26.94
909043,52575,SKU-53337,Home,4,30.01,120.04
909044,52575,SKU-68450,Sports,3,13.75,41.25
909045,52575,SKU-63691,Home,4,6.69,26.76
909046,52576,SKU-12162,Apparel,3,7.17,21.51
909047,52576,SKU-96956,Sports,4,21.76,87.04
909048,52576,SKU-28042,Home,3,22.26,66.78
909049,52576,SKU-89721,Grocery,3,32.08,96.24
909050,52576,SKU-66189,Electronics,2,8.59,17.18
909051,52576,SKU-88343,Home,2,50.78,101.56
909052,52577,SKU-85546,Sports,2,20.74,41.48
909053,52577,SKU-88872,Sports,1,67.08,67.08
909054,52577,SKU-50398,Electronics,3,10.89,32.67
909055,52577,SKU-93376,Home,1,14.44,14.44
909056,52577,SKU-51453,Electronics,3,29.31,87.93
909057,52578,SKU-71503,Apparel,3,48.85,146.55
909058,52578,SKU-41161,Electronics,4,16.51,66.04
909059,52578,SKU-43402,Home,1,11.01,11.01
909060,52578,SKU-27153,Apparel,3,5.96,17.88
909061,52579,SKU-48153,Sports,2,26.91,53.82
909062,52579,SKU-98470,Electronics,3,31.96,95.88
909063,52580,SKU-56753,Electronics,2,23.62,47.24
909064,52580,SKU-45442,Home,3,114.58,343.74
909065,52580,SKU-51678,Sports,2,36.78,73.56
909066,52580,SKU-67159,Electronics,3,10.36,31.08
909067,52580,SKU-87759,Apparel,1,14.15,14.15
909068,52580,SKU-32388,Grocery,4,4.96,19.84
909069,52581,SKU-18896,Sports,1,36.85,36.85
909070,52581,SKU-10817,Electronics,2,61.89,123.78
909071,52581,SKU-83732,Electronics,2,13.0,26.0
909072,52581,SKU-47839,Electronics,2,16.58,33.16
909073,52582,SKU-11999,Home,2,11.08,22.16
909074,52582,SKU-60604,Sports,4,35.69,142.76
909075,52582,SKU-32786,Home,2,48.0,96.0
909076,52582,SKU-37563,Sports,1,16.87,16.87
909077,52582,SKU-16897,Home,2,9.57,19.14
909078,52582,SKU-26070,Home,1,4.37,4.37
909079,52583,SKU-55681,Grocery,4,20.13,80.52
909080,52583,SKU-64014,Sports,3,39.44,118.32
909081,52583,SKU-25333,Grocery,2,21.98,43.96
909082,52584,SKU-22345,Home,1,13.88,13.88
909083,52584,SKU-11904,Home,3,9.07,27.21
909084,52584,SKU-50969,Sports,1,21.89,21.89
909085,52584,SKU-25024,Grocery,4,9.08,36.32
909086,52584,SKU-32775,Electronics,3,18.56,55.68
909087,52584,SKU-76870,Home,1,10.87,10.87
909088,52585,SKU-74309,Grocery,3,26.9,80.7
909089,52585,SKU-52389,Home,2,55.46,110.92
909090,52585,SKU-39753,Apparel,1,13.24,13.24
909091,52585,SKU-88425,Sports,4,50.45,201.8
909092,52585,SKU-12336,Apparel,4,15.67,62.68
909093,52586,SKU-19009,Grocery,1,7.6,7.6
909094,52586,SKU-21139,Grocery,4,55.94,223.76
909095,52587,SKU-12716,Grocery,1,18.76,18.76
909096,52588,SKU-69420,Apparel,3,14.92,44.76
909097,52588,SKU-94417,Electronics,2,7.09,14.18
909098,52588,SKU-73999,Home,1,28.77,28.77
909099,52589,SKU-39272,Apparel,4,13.04,52.16
909100,52589,SKU-67853,Grocery,4,14.04,56.16
909101,52589,SKU-43241,Home,4,33.56,134.24
909102,52589,SKU-30025,Sports,1,12.48,12.48
909103,52589,SKU-84015,Apparel,1,8.63,8.63
909104,52589,SKU-25672,Electronics,4,44.85,179.4
909105,52590,SKU-52370,Apparel,1,14.71,14.71
909106,52590,SKU-60221,Electronics,2,7.99,15.98
909107,52590,SKU-76758,Sports,2,9.98,19.96
909108,52590,SKU-60414,Apparel,4,16.89,67.56
909109,52591,SKU-52681,Apparel,4,26.03,104.12
909110,52591,SKU-46300,Apparel,1,14.26,14.26
909111,52591,SKU-47075,Electronics,1,20.88,20.88
909112,52591,SKU-59557,Home,1,15.43,15.43
909113,52592,SKU-68156,Sports,1,12.46,12.46
909114,52593,SKU-75076,Grocery,2,18.66,37.32
909115,52593,SKU-20812,Sports,2,35.63,71.26
909116,52593,SKU-42729,Electronics,3,23.05,69.15
909117,52593,SKU-76377,Home,3,11.52,34.56
909118,52593,SKU-65131,Apparel,3,31.58,94.74
909119,52594,SKU-37953,Sports,1,31.27,31.27
909120,52595,SKU-21976,Grocery,3,12.24,36.72
909121,52595,SKU-69855,Grocery,3,25.93,77.79
909122,52596,SKU-33856,Home,3,9.57,28.71
909123,52596,SKU-38809,Apparel,2,20.37,40.74
909124,52596,SKU-18757,Grocery,1,30.12,30.12
909125,52596,SKU-87197,Grocery,4,25.43,101.72
909126,52597,SKU-39261,Sports,4,44.45,177.8
909127,52597,SKU-38787,Electronics,2,21.29,42.58
909128,52597,SKU-26803,Home,3,20.41,61.23
909129,52597,SKU-80497,Grocery,4,11.28,45.12
909130,52597,SKU-41377,Home,1,3.71,3.71
909131,52597,SKU-68592,Electronics,2,12.86,25.72
909132,52598,SKU-52210,Electronics,3,10.91,32.73
909133,52598,SKU-69258,Sports,4,7.66,30.64
909134,52598,SKU-88998,Sports,4,36.41,145.64
909135,52598,SKU-69169,Home,2,6.22,12.44
909136,52599,SKU-22449,Grocery,3,12.03,36.09
909137,52599,SKU-67853,Apparel,3,8.51,25.53
909138,52599,SKU-99669,Home,1,33.26,33.26
909139,52599,SKU-72184,Apparel,1,35.13,35.13
909140,52599,SKU-92506,Sports,4,14.46,57.84
909141,52600,SKU-48597,Electronics,4,21.09,84.36
909142,52601,SKU-43148,Sports,1,21.24,21.24
909143,52601,SKU-12457,Grocery,3,45.39,136.17
909144,52601,SKU-25978,Apparel,4,57.65,230.6
909145,52601,SKU-33366,Apparel,4,58.11,232.44
909146,52602,SKU-58225,Apparel,1,9.0,9.0
909147,52602,SKU-87829,Home,2,24.07,48.14
909148,52602,SKU-96896,Electronics,1,46.07,46.07
909149,52602,SKU-85182,Electronics,4,22.79,91.16
909150,52602,SKU-44106,Grocery,4,8.79,35.16
909151,52602,SKU-91668,Grocery,4,26.59,106.36
909152,52603,SKU-15074,Home,3,69.77,209.31
909153,52603,SKU-62057,Electronics,2,12.86,25.72
909154,52603,SKU-16279,Home,4,4.54,18.16
909155,52603,SKU-50750,Apparel,2,20.6,41.2
909156,52604,SKU-64829,Electronics,3,35.37,106.11
909157,52604,SKU-44671,Apparel,3,17.37,52.11
909158,52604,SKU-41539,Apparel,1,70.21,70.21
909159,52604,SKU-81839,Apparel,1,16.92,16.92
909160,52605,SKU-52188,Home,2,70.09,140.18
909161,52605,SKU-41921,Grocery,3,20.38,61.14
909162,52605,SKU-77166,Home,3,40.9,122.7
909163,52605,SKU-25332,Home,3,32.57,97.71
909164,52605,SKU-38668,Sports,2,13.25,26.5
909165,52605,SKU-80579,Electronics,3,36.45,109.35
909166,52606,SKU-19020,Electronics,3,10.13,30.39
909167,52606,SKU-68102,Sports,4,10.0,40.0
909168,52606,SKU-45414,Apparel,3,12.76,38.28
909169,52606,SKU-10082,Home,4,19.24,76.96
909170,52606,SKU-52708,Electronics,4,84.81,339.24
909171,52607,SKU-14841,Electronics,4,21.52,86.08
909172,52607,SKU-14697,Apparel,4,8.98,35.92
909173,52607,SKU-74068,Grocery,2,25.44,50.88
909174,52607,SKU-25743,Sports,2,89.3,178.6
909175,52608,SKU-67631,Grocery,3,9.64,28.92
909176,52608,SKU-43820,Electronics,4,58.32,233.28
909177,52609,SKU-79428,Home,2,32.42,64.84
909178,52609,SKU-70336,Home,4,19.29,77.16
909179,52609,SKU-76560,Electronics,4,6.88,27.52
909180,52609,SKU-88614,Grocery,1,6.76,6.76
909181,52610,SKU-81597,Electronics,1,11.83,11.83
909182,52610,SKU-58708,Electronics,3,25.89,77.67
909183,52611,SKU-53530,Apparel,2,28.36,56.72
909184,52611,SKU-37045,Electronics,2,23.89,47.78
909185,52612,SKU-86577,Home,2,74.5,149.0
909186,52612,SKU-28609,Grocery,3,11.86,35.58
909187,52612,SKU-14006,Electronics,2,16.02,32.04
909188,52612,SKU-87339,Grocery,1,14.35,14.35
909189,52613,SKU-30223,Grocery,3,59.29,177.87
909190,52614,SKU-78330,Apparel,1,55.07,55.07
909191,52614,SKU-99165,Sports,4,35.23,140.92
909192,52614,SKU-30571,Electronics,1,8.77,8.77
909193,52614,SKU-49123,Apparel,4,13.17,52.68
909194,52615,SKU-97366,Grocery,2,13.93,27.86
909195,52615,SKU-47284,Grocery,2,28.95,57.9
909196,52616,SKU-93959,Electronics,3,16.66,49.98
909197,52616,SKU-83882,Home,2,54.47,108.94
909198,52616,SKU-61768,Electronics,2,13.44,26.88
909199,52616,SKU-33401,Apparel,3,27.09,81.27
909200,52617,SKU-78245,Apparel,2,14.23,28.46
909201,52617,SKU-44675,Sports,1,17.14,17.14
909202,52617,SKU-63793,Apparel,3,10.16,30.48
909203,52617,SKU-22322,Home,2,88.6,177.2
909204,52617,SKU-48131,Sports,4,11.65,46.6
909205,52618,SKU-54882,Sports,1,15.49,15.49
909206,52618,SKU-19346,Apparel,3,49.04,147.12
909207,52619,SKU-28799,Electronics,3,21.02,63.06
909208,52619,SKU-88427,Home,4,24.66,98.64
909209,52620,SKU-30336,Grocery,4,63.25,253.0
909210,52620,SKU-63979,Sports,4,149.65,598.6
909211,52620,SKU-22870,Apparel,4,56.26,225.04
909212,52620,SKU-27440,Sports,1,15.83,15.83
909213,52621,SKU-99587,Apparel,2,7.96,15.92
909214,52621,SKU-91501,Sports,3,16.69,50.07
909215,52622,SKU-62896,Grocery,3,15.94,47.82
909216,52622,SKU-54123,Home,1,17.33,17.33
909217,52622,SKU-46613,Sports,3,17.89,53.67
909218,52622,SKU-39082,Sports,2,4.59,9.18
909219,52622,SKU-73768,Home,3,28.79,86.37
909220,52622,SKU-91629,Grocery,2,6.33,12.66
909221,52623,SKU-60834,Electronics,3,26.08,78.24
909222,52623,SKU-72237,Electronics,2,34.01,68.02
909223,52623,SKU-48812,Apparel,2,57.95,115.9
909224,52623,SKU-99305,Apparel,4,5.82,23.28
909225,52624,SKU-97129,Electronics,2,12.98,25.96
909226,52624,SKU-82128,Sports,3,14.66,43.98
909227,52625,SKU-62294,Electronics,1,30.57,30.57
909228,52626,SKU-27818,Electronics,1,43.86,43.86
909229,52626,SKU-59502,Sports,4,24.98,99.92
909230,52627,SKU-70610,Sports,2,21.51,43.02
909231,52627,SKU-64869,Grocery,1,74.78,74.78
909232,52628,SKU-98585,Apparel,4,60.76,243.04
909233,52628,SKU-37362,Electronics,3,12.63,37.89
909234,52628,SKU-92494,Grocery,1,21.91,21.91
909235,52628,SKU-77798,Electronics,2,35.69,71.38
909236,52628,SKU-14589,Grocery,4,22.87,91.48
909237,52628,SKU-14277,Sports,4,12.07,48.28
909238,52629,SKU-25076,Home,2,15.75,31.5
909239,52629,SKU-62945,Home,3,17.05,51.15
909240,52629,SKU-63888,Apparel,4,13.02,52.08
909241,52629,SKU-88064,Sports,4,24.83,99.32
909242,52629,SKU-52456,Electronics,1,19.97,19.97
909243,52629,SKU-52589,Apparel,1,17.54,17.54
909244,52630,SKU-98616,Electronics,4,41.63,166.52
909245,52630,SKU-41827,Home,2,14.42,28.84
909246,52631,SKU-74862,Apparel,2,149.19,298.38
909247,52632,SKU-29939,Sports,4,15.67,62.68
909248,52632,SKU-22969,Grocery,1,13.16,13.16
909249,52632,SKU-91618,Sports,3,43.03,129.09
909250,52632,SKU-13327,Grocery,1,36.39,36.39
909251,52633,SKU-96327,Home,4,35.94,143.76
909252,52633,SKU-16386,Apparel,1,19.0,19.0
909253,52633,SKU-75381,Grocery,1,22.76,22.76
909254,52633,SKU-46377,Apparel,1,31.8,31.8
909255,52634,SKU-66833,Apparel,1,68.56,68.56
909256,52634,SKU-58936,Electronics,2,60.04,120.08
909257,52634,SKU-49644,Electronics,1,27.45,27.45
909258,52635,SKU-66986,Electronics,4,32.08,128.32
909259,52635,SKU-18408,Grocery,1,38.25,38.25
909260,52635,SKU-64697,Electronics,1,76.71,76.71
909261,52635,SKU-18641,Home,4,66.44,265.76
909262,52636,SKU-31616,Grocery,2,16.44,32.88
909263,52637,SKU-17910,Electronics,1,21.46,21.46
909264,52637,SKU-95874,Grocery,1,10.62,10.62
909265,52638,SKU-30218,Sports,4,10.8,43.2
909266,52638,SKU-16639,Home,4,33.09,132.36
909267,52638,SKU-54326,Sports,4,10.39,41.56
909268,52639,SKU-24062,Home,4,13.76,55.04
909269,52639,SKU-68748,Home,3,7.18,21.54
909270,52639,SKU-47453,Electronics,3,25.53,76.59
909271,52639,SKU-69149,Electronics,4,33.56,134.24
909272,52639,SKU-13650,Sports,4,17.57,70.28
909273,52639,SKU-17280,Sports,3,22.65,67.95
909274,52640,SKU-96194,Apparel,3,20.2,60.6
909275,52640,SKU-71199,Sports,1,19.6,19.6
909276,52640,SKU-98123,Apparel,4,50.84,203.36
909277,52640,SKU-43568,Sports,3,33.15,99.45
909278,52640,SKU-51846,Electronics,1,6.19,6.19
909279,52641,SKU-23717,Home,2,98.34,196.68
909280,52641,SKU-64924,Electronics,2,19.58,39.16
909281,52641,SKU-27370,Apparel,4,36.05,144.2
909282,52641,SKU-49988,Grocery,4,76.33,305.32
909283,52641,SKU-38601,Grocery,2,21.37,42.74
909284,52642,SKU-31708,Home,2,47.54,95.08
909285,52642,SKU-76693,Apparel,3,57.24,171.72
909286,52642,SKU-97189,Electronics,1,16.64,16.64
909287,52642,SKU-63954,Grocery,4,35.33,141.32
909288,52642,SKU-51697,Apparel,2,37.47,74.94
909289,52643,SKU-29941,Electronics,1,9.73,9.73
909290,52643,SKU-91864,Grocery,1,65.96,65.96
909291,52643,SKU-63743,Grocery,2,13.05,26.1
909292,52643,SKU-92805,Electronics,2,42.85,85.7
909293,52644,SKU-60025,Home,3,33.36,100.08
909294,52644,SKU-62678,Home,4,17.58,70.32
909295,52645,SKU-83410,Apparel,2,23.44,46.88
909296,52645,SKU-28203,Apparel,3,9.46,28.38
909297,52645,SKU-75130,Electronics,2,27.07,54.14
909298,52646,SKU-82529,Apparel,4,37.95,151.8
909299,52646,SKU-54771,Grocery,4,23.61,94.44
909300,52646,SKU-18294,Apparel,2,5.27,10.54
909301,52646,SKU-14625,Sports,3,31.5,94.5
909302,52646,SKU-58194,Sports,2,15.45,30.9
909303,52647,SKU-50017,Sports,1,50.45,50.45
909304,52648,SKU-48015,Sports,2,63.67,127.34
909305,52648,SKU-14163,Home,4,35.47,141.88
909306,52648,SKU-15827,Apparel,1,8.71,8.71
909307,52648,SKU-87584,Grocery,4,27.19,108.76
909308,52649,SKU-37920,Grocery,1,28.25,28.25
909309,52649,SKU-88777,Sports,3,13.58,40.74
909310,52649,SKU-92903,Grocery,2,30.16,60.32
909311,52649,SKU-49089,Apparel,2,43.01,86.02
909312,52650,SKU-85907,Home,2,16.06,32.12
909313,52650,SKU-93128,Apparel,1,59.26,59.26
909314,52651,SKU-85151,Sports,2,9.88,19.76
909315,52651,SKU-75947,Grocery,2,44.23,88.46
909316,52651,SKU-23514,Sports,1,15.18,15.18
909317,52652,SKU-93057,Home,2,44.84,89.68
909318,52653,SKU-69568,Sports,4,11.28,45.12
909319,52653,SKU-18718,Apparel,4,20.96,83.84
909320,52653,SKU-78936,Apparel,1,25.78,25.78
909321,52653,SKU-67572,Sports,2,12.19,24.38
909322,52653,SKU-82991,Home,4,16.34,65.36
909323,52654,SKU-65977,Electronics,1,18.27,18.27
909324,52655,SKU-76971,Apparel,3,12.1,36.3
909325,52655,SKU-71463,Electronics,3,11.28,33.84
909326,52656,SKU-97012,Home,1,15.12,15.12
909327,52656,SKU-92246,Apparel,3,38.59,115.77
909328,52656,SKU-53821,Electronics,2,33.04,66.08
909329,52656,SKU-86447,Sports,3,14.33,42.99
909330,52656,SKU-17436,Sports,4,17.86,71.44
909331,52657,SKU-82235,Apparel,1,17.43,17.43
909332,52658,SKU-43565,Home,2,15.06,30.12
909333,52658,SKU-92184,Sports,3,21.36,64.08
909334,52658,SKU-72718,Electronics,2,75.09,150.18
909335,52659,SKU-23869,Apparel,1,29.99,29.99
909336,52659,SKU-73073,Grocery,1,63.81,63.81
909337,52659,SKU-14296,Home,4,46.14,184.56
909338,52660,SKU-70760,Grocery,2,7.91,15.82
909339,52660,SKU-82804,Sports,2,18.51,37.02
909340,52661,SKU-58593,Grocery,3,23.28,69.84
909341,52661,SKU-19061,Electronics,4,44.57,178.28
909342,52662,SKU-45909,Home,2,31.69,63.38
909343,52662,SKU-20363,Grocery,2,15.79,31.58
909344,52663,SKU-55283,Electronics,3,96.93,290.79
909345,52663,SKU-36229,Grocery,1,23.12,23.12
909346,52664,SKU-76338,Grocery,3,23.03,69.09
909347,52665,SKU-51516,Sports,1,18.39,18.39
909348,52665,SKU-68035,Grocery,2,49.92,99.84
909349,52665,SKU-70043,Electronics,2,21.76,43.52
909350,52665,SKU-56509,Grocery,2,16.92,33.84
909351,52665,SKU-79680,Grocery,1,18.88,18.88
909352,52666,SKU-84581,Apparel,2,13.31,26.62
909353,52666,SKU-86291,Grocery,3,15.68,47.04
909354,52666,SKU-27463,Apparel,4,59.86,239.44
909355,52666,SKU-49418,Home,2,27.18,54.36
909356,52666,SKU-75129,Apparel,2,41.99,83.98
909357,52666,SKU-56307,Sports,4,18.85,75.4
909358,52667,SKU-74551,Home,4,13.99,55.96
909359,52668,SKU-31891,Apparel,3,15.19,45.57
909360,52668,SKU-51660,Grocery,3,17.63,52.89
909361,52668,SKU-58988,Sports,2,8.81,17.62
909362,52669,SKU-35830,Grocery,1,26.63,26.63
909363,52669,SKU-84298,Sports,1,21.22,21.22
909364,52669,SKU-94496,Electronics,2,15.07,30.14
909365,52669,SKU-35061,Apparel,3,18.4,55.2
909366,52670,SKU-55969,Home,2,11.45,22.9
909367,52670,SKU-58248,Electronics,1,17.24,17.24
909368,52670,SKU-84280,Sports,1,28.49,28.49
909369,52670,SKU-52293,Sports,1,88.29,88.29
909370,52670,SKU-57331,Sports,3,21.75,65.25
909371,52670,SKU-61206,Sports,4,60.7,242.8
909372,52671,SKU-56310,Home,4,11.89,47.56
909373,52671,SKU-72905,Home,2,22.92,45.84
909374,52672,SKU-53440,Electronics,3,57.08,171.24
909375,52672,SKU-42560,Home,2,7.8,15.6
909376,52672,SKU-45511,Home,2,16.33,32.66
909377,52672,SKU-76006,Grocery,2,16.77,33.54
909378,52672,SKU-56486,Home,1,16.31,16.31
909379,52673,SKU-69832,Apparel,1,22.09,22.09
909380,52673,SKU-94788,Sports,3,85.27,255.81
909381,52674,SKU-39174,Apparel,3,8.16,24.48
909382,52674,SKU-26728,Grocery,2,9.12,18.24
909383,52674,SKU-46440,Sports,4,39.91,159.64
909384,52675,SKU-57551,Grocery,4,41.07,164.28
909385,52675,SKU-67748,Apparel,4,17.78,71.12
909386,52675,SKU-82585,Home,2,27.41,54.82
909387,52676,SKU-39538,Home,1,13.43,13.43
909388,52676,SKU-32115,Grocery,1,63.85,63.85
909389,52676,SKU-85497,Home,4,7.47,29.88
909390,52676,SKU-23893,Grocery,4,18.39,73.56
909391,52677,SKU-69028,Home,4,34.9,139.6
909392,52678,SKU-77735,Sports,2,18.9,37.8
909393,52678,SKU-66684,Sports,3,21.15,63.45
909394,52678,SKU-41976,Apparel,1,6.05,6.05
909395,52678,SKU-34235,Sports,3,30.51,91.53
909396,52679,SKU-59702,Grocery,2,45.29,90.58
909397,52679,SKU-26893,Sports,4,8.42,33.68
909398,52679,SKU-35563,Grocery,3,20.44,61.32
909399,52679,SKU-31162,Sports,3,24.34,73.02
909400,52680,SKU-17881,Home,2,13.44,26.88
909401,52680,SKU-55367,Electronics,4,22.54,90.16
909402,52680,SKU-93821,Home,4,17.07,68.28
909403,52680,SKU-43165,Home,1,37.43,37.43
909404,52681,SKU-93033,Home,4,41.69,166.76
909405,52681,SKU-49021,Home,4,59.59,238.36
909406,52681,SKU-72086,Electronics,1,79.99,79.99
909407,52682,SKU-70217,Home,3,47.66,142.98
909408,52683,SKU-15983,Grocery,2,25.41,50.82
909409,52683,SKU-82026,Apparel,2,30.71,61.42
909410,52683,SKU-34318,Grocery,1,60.64,60.64
909411,52683,SKU-72021,Grocery,4,56.14,224.56
909412,52684,SKU-76935,Electronics,1,21.7,21.7
909413,52684,SKU-92780,Electronics,3,82.71,248.13
909414,52684,SKU-20936,Grocery,3,30.9,92.7
909415,52685,SKU-51497,Home,1,16.54,16.54
909416,52685,SKU-37544,Electronics,2,7.33,14.66
909417,52686,SKU-28607,Apparel,4,23.72,94.88
909418,52687,SKU-93826,Apparel,4,27.03,108.12
909419,52688,SKU-39025,Sports,4,25.31,101.24
909420,52689,SKU-54942,Electronics,4,17.44,69.76
909421,52689,SKU-83892,Electronics,4,41.16,164.64
909422,52689,SKU-12238,Home,2,21.79,43.58
909423,52689,SKU-63594,Sports,3,32.99,98.97
909424,52690,SKU-63310,Grocery,3,65.25,195.75
909425,52691,SKU-67478,Home,4,17.16,68.64
909426,52691,SKU-20103,Electronics,1,14.81,14.81
909427,52691,SKU-63058,Apparel,2,27.74,55.48
909428,52691,SKU-59575,Apparel,1,8.29,8.29
909429,52691,SKU-80291,Home,1,7.29,7.29
909430,52691,SKU-74646,Apparel,1,33.01,33.01
909431,52692,SKU-44586,Apparel,2,7.38,14.76
909432,52692,SKU-15294,Apparel,2,38.97,77.94
909433,52693,SKU-68717,Grocery,3,25.47,76.41
909434,52693,SKU-75072,Home,4,7.73,30.92
909435,52694,SKU-49046,Grocery,3,11.17,33.51
909436,52694,SKU-72014,Electronics,2,11.76,23.52
909437,52694,SKU-31291,Home,2,24.96,49.92
909438,52694,SKU-12774,Apparel,3,31.46,94.38
909439,52695,SKU-43879,Sports,3,17.98,53.94
909440,52695,SKU-41993,Home,3,9.41,28.23
909441,52695,SKU-76138,Apparel,2,5.64,11.28
909442,52695,SKU-36695,Sports,1,17.69,17.69
909443,52695,SKU-71548,Apparel,3,18.62,55.86
909444,52695,SKU-72418,Grocery,2,43.99,87.98
909445,52696,SKU-12283,Home,2,30.43,60.86
909446,52696,SKU-55065,Apparel,2,35.02,70.04
909447,52696,SKU-48535,Sports,2,14.82,29.64
909448,52696,SKU-77230,Home,2,41.61,83.22
909449,52696,SKU-94636,Sports,3,76.77,230.31
909450,52697,SKU-93045,Grocery,2,80.46,160.92
909451,52697,SKU-86790,Home,1,30.35,30.35
909452,52697,SKU-12835,Home,1,46.24,46.24
909453,52698,SKU-39699,Home,1,24.88,24.88
909454,52698,SKU-15634,Apparel,1,43.55,43.55
909455,52698,SKU-49174,Electronics,2,13.71,27.42
909456,52698,SKU-29050,Apparel,2,35.2,70.4
909457,52698,SKU-23118,Electronics,2,12.31,24.62
909458,52698,SKU-47355,Grocery,3,12.69,38.07
909459,52699,SKU-43004,Electronics,4,26.59,106.36
909460,52699,SKU-49951,Apparel,3,62.26,186.78
909461,52699,SKU-92071,Grocery,1,15.59,15.59
909462,52700,SKU-16041,Grocery,4,13.26,53.04
909463,52700,SKU-47111,Apparel,4,36.74,146.96
909464,52700,SKU-45520,Sports,3,15.97,47.91
909465,52700,SKU-24758,Home,3,16.8,50.4
909466,52700,SKU-41297,Grocery,4,24.17,96.68
909467,52700,SKU-62331,Electronics,4,43.56,174.24
909468,52701,SKU-57541,Electronics,2,6.69,13.38
909469,52701,SKU-39991,Sports,4,27.92,111.68
909470,52702,SKU-68020,Apparel,1,31.8,31.8
909471,52702,SKU-77302,Grocery,1,52.71,52.71
909472,52702,SKU-36037,Electronics,4,63.97,255.88
909473,52702,SKU-72707,Electronics,3,7.91,23.73
909474,52703,SKU-54326,Grocery,1,22.92,22.92
909475,52703,SKU-81712,Grocery,3,23.88,71.64
909476,52704,SKU-41116,Sports,2,47.4,94.8
909477,52704,SKU-21635,Electronics,2,14.64,29.28
909478,52704,SKU-87394,Apparel,1,7.44,7.44
909479,52705,SKU-59228,Apparel,2,9.64,19.28
909480,52706,SKU-32576,Electronics,4,20.1,80.4
909481,52706,SKU-36357,Apparel,4,56.07,224.28
909482,52706,SKU-34386,Sports,1,18.19,18.19
909483,52706,SKU-11997,Grocery,1,12.21,12.21
909484,52707,SKU-59195,Electronics,2,58.27,116.54
909485,52707,SKU-19877,Sports,4,50.5,202.0
909486,52707,SKU-35086,Sports,2,45.51,91.02
909487,52707,SKU-48546,Electronics,4,11.75,47.0
909488,52707,SKU-94868,Electronics,2,40.3,80.6
909489,52708,SKU-68320,Apparel,4,17.74,70.96
909490,52708,SKU-94996,Sports,2,4.11,8.22
909491,52708,SKU-78051,Grocery,1,12.52,12.52
909492,52708,SKU-76284,Home,4,14.54,58.16
909493,52709,SKU-71883,Home,1,23.6,23.6
909494,52709,SKU-13125,Sports,3,45.32,135.96
909495,52709,SKU-33402,Apparel,2,53.01,106.02
909496,52709,SKU-69445,Home,4,27.48,109.92
909497,52709,SKU-98969,Apparel,2,52.09,104.18
909498,52710,SKU-12628,Home,2,54.5,109.0
909499,52711,SKU-92780,Sports,4,26.04,104.16
909500,52711,SKU-65010,Sports,4,32.11,128.44
909501,52711,SKU-16301,Grocery,4,88.22,352.88
909502,52711,SKU-45893,Grocery,3,21.67,65.01
909503,52711,SKU-20698,Electronics,1,17.11,17.11
909504,52712,SKU-12951,Home,4,6.44,25.76
909505,52712,SKU-19583,Sports,4,31.73,126.92
909506,52712,SKU-76047,Home,3,16.48,49.44
909507,52712,SKU-68196,Sports,3,18.59,55.77
909508,52712,SKU-37533,Sports,3,20.98,62.94
909509,52713,SKU-43938,Grocery,4,24.92,99.68
909510,52713,SKU-94211,Electronics,2,16.25,32.5
909511,52713,SKU-12713,Electronics,3,9.9,29.7
909512,52713,SKU-95368,Sports,2,56.62,113.24
909513,52714,SKU-73269,Grocery,3,35.89,107.67
909514,52714,SKU-34686,Home,4,20.35,81.4
909515,52714,SKU-94815,Home,1,45.88,45.88
909516,52715,SKU-84621,Home,1,31.22,31.22
909517,52715,SKU-75015,Apparel,1,22.6,22.6
909518,52715,SKU-91025,Sports,1,29.31,29.31
909519,52716,SKU-77847,Sports,4,35.51,142.04
909520,52716,SKU-98201,Sports,2,18.62,37.24
909521,52716,SKU-12255,Sports,2,67.85,135.7
909522,52716,SKU-18157,Grocery,3,21.95,65.85
909523,52717,SKU-27839,Electronics,3,45.96,137.88
909524,52717,SKU-62398,Grocery,2,87.17,174.34
909525,52717,SKU-62664,Grocery,2,22.94,45.88
909526,52717,SKU-95328,Grocery,1,10.6,10.6
909527,52717,SKU-87515,Grocery,3,17.43,52.29
909528,52718,SKU-80575,Grocery,2,73.33,146.66
909529,52719,SKU-45271,Sports,4,32.34,129.36
909530,52719,SKU-93718,Home,1,16.94,16.94
909531,52720,SKU-56415,Home,3,8.92,26.76
909532,52720,SKU-68992,Apparel,1,6.54,6.54
909533,52720,SKU-10171,Sports,1,157.9,157.9
909534,52720,SKU-28127,Grocery,1,19.14,19.14
909535,52720,SKU-17699,Home,4,21.03,84.12
909536,52721,SKU-85801,Sports,4,24.17,96.68
909537,52722,SKU-21350,Home,3,14.99,44.97
909538,52722,SKU-90007,Apparel,1,22.64,22.64
909539,52722,SKU-87211,Grocery,3,19.07,57.21
909540,52722,SKU-83967,Home,3,26.65,79.95
909541,52722,SKU-24476,Home,4,46.16,184.64
909542,52722,SKU-24243,Home,4,46.05,184.2
909543,52723,SKU-45322,Sports,1,27.59,27.59
909544,52724,SKU-81064,Electronics,4,22.98,91.92
909545,52724,SKU-72762,Grocery,2,37.27,74.54
909546,52724,SKU-42147,Sports,4,39.58,158.32
909547,52725,SKU-55069,Sports,1,5.99,5.99
909548,52725,SKU-12405,Grocery,1,31.1,31.1
909549,52725,SKU-58957,Home,3,42.27,126.81
909550,52725,SKU-98834,Sports,4,39.98,159.92
909551,52725,SKU-37658,Grocery,3,30.94,92.82
909552,52726,SKU-54375,Electronics,2,12.36,24.72
909553,52726,SKU-26662,Apparel,1,47.54,47.54
909554,52726,SKU-34521,Grocery,4,17.02,68.08
909555,52726,SKU-31570,Electronics,2,24.23,48.46
909556,52726,SKU-58988,Apparel,2,38.31,76.62
909557,52726,SKU-29132,Sports,2,20.25,40.5
909558,52727,SKU-32294,Home,3,48.79,146.37
909559,52727,SKU-40974,Home,1,23.73,23.73
909560,52727,SKU-67755,Apparel,3,114.53,343.59
909561,52728,SKU-92596,Sports,3,31.1,93.3
909562,52728,SKU-47684,Sports,2,9.74,19.48
909563,52729,SKU-64395,Sports,4,39.13,156.52
909564,52729,SKU-72053,Apparel,4,12.63,50.52
909565,52729,SKU-20215,Grocery,2,18.28,36.56
909566,52729,SKU-24974,Apparel,2,13.43,26.86
909567,52730,SKU-37694,Home,2,23.12,46.24
909568,52730,SKU-44838,Grocery,2,66.98,133.96
909569,52730,SKU-14567,Sports,3,16.0,48.0
909570,52731,SKU-15698,Home,3,55.29,165.87
909571,52732,SKU-63107,Apparel,1,18.75,18.75
909572,52732,SKU-19040,Electronics,1,13.96,13.96
909573,52732,SKU-99824,Sports,4,12.1,48.4
909574,52733,SKU-85001,Electronics,1,54.5,54.5
909575,52733,SKU-39446,Grocery,2,16.62,33.24
909576,52733,SKU-25161,Home,4,59.63,238.52
909577,52733,SKU-14713,Electronics,4,9.4,37.6
909578,52733,SKU-64458,Grocery,4,141.2,564.8
909579,52734,SKU-79657,Electronics,1,42.31,42.31
909580,52734,SKU-29945,Electronics,3,17.69,53.07
909581,52734,SKU-88932,Grocery,4,8.09,32.36
909582,52734,SKU-22973,Electronics,2,34.44,68.88
909583,52735,SKU-26186,Home,3,27.29,81.87
909584,52735,SKU-27986,Sports,2,32.37,64.74
909585,52736,SKU-51863,Electronics,2,7.28,14.56
909586,52736,SKU-44483,Grocery,4,32.24,128.96
909587,52736,SKU-46767,Grocery,2,9.23,18.46
909588,52736,SKU-89913,Home,2,12.9,25.8
909589,52737,SKU-91504,Sports,2,12.77,25.54
909590,52737,SKU-24465,Home,3,5.89,17.67
909591,52737,SKU-94751,Electronics,3,44.97,134.91
909592,52737,SKU-39033,Electronics,4,30.97,123.88
909593,52737,SKU-67026,Apparel,3,39.45,118.35
909594,52737,SKU-14510,Grocery,4,16.75,67.0
909595,52738,SKU-50274,Sports,4,7.7,30.8
909596,52738,SKU-93947,Apparel,3,51.85,155.55
909597,52739,SKU-46011,Apparel,4,31.63,126.52
909598,52739,SKU-51061,Grocery,4,36.99,147.96
909599,52740,SKU-71372,Home,1,43.83,43.83
909600,52740,SKU-31854,Apparel,1,10.38,10.38
909601,52740,SKU-97178,Electronics,3,14.48,43.44
909602,52741,SKU-49624,Apparel,4,14.0,56.0
909603,52741,SKU-32066,Apparel,2,32.02,64.04
909604,52742,SKU-92984,Electronics,2,29.57,59.14
909605,52743,SKU-16288,Electronics,1,15.27,15.27
909606,52743,SKU-24584,Apparel,2,18.48,36.96
909607,52743,SKU-97429,Home,2,16.58,33.16
909608,52743,SKU-77007,Electronics,3,58.8,176.4
909609,52743,SKU-27009,Apparel,4,9.37,37.48
909610,52743,SKU-89802,Home,3,9.66,28.98
909611,52744,SKU-56252,Home,3,34.31,102.93
909612,52744,SKU-95049,Electronics,3,67.14,201.42
909613,52745,SKU-69209,Electronics,3,23.56,70.68
909614,52746,SKU-85281,Apparel,1,28.44,28.44
909615,52746,SKU-59428,Apparel,4,45.43,181.72
909616,52746,SKU-19640,Home,3,36.52,109.56
909617,52746,SKU-45328,Sports,4,96.53,386.12
909618,52746,SKU-52298,Apparel,2,25.88,51.76
909619,52747,SKU-68490,Grocery,1,28.7,28.7
909620,52747,SKU-18517,Electronics,4,11.01,44.04
909621,52747,SKU-77223,Grocery,4,30.59,122.36
909622,52747,SKU-79154,Grocery,4,39.69,158.76
909623,52747,SKU-33651,Apparel,4,28.49,113.96
909624,52748,SKU-12632,Electronics,4,33.46,133.84
909625,52748,SKU-54462,Electronics,2,23.1,46.2
909626,52749,SKU-66664,Electronics,2,19.1,38.2
909627,52749,SKU-79018,Apparel,4,20.79,83.16
909628,52749,SKU-43732,Sports,1,32.13,32.13
909629,52750,SKU-15683,Apparel,2,64.1,128.2
909630,52750,SKU-81677,Sports,3,44.02,132.06
909631,52750,SKU-45743,Grocery,3,13.6,40.8
909632,52750,SKU-45652,Electronics,4,86.88,347.52
909633,52750,SKU-17408,Sports,3,15.71,47.13
909634,52751,SKU-18236,Electronics,2,27.84,55.68
909635,52751,SKU-81267,Apparel,4,28.57,114.28
909636,52751,SKU-28690,Electronics,2,19.22,38.44
909637,52751,SKU-45387,Home,1,44.67,44.67
909638,52752,SKU-38815,Sports,1,14.38,14.38
909639,52753,SKU-99085,Apparel,2,179.45,358.9
909640,52753,SKU-22908,Grocery,3,48.57,145.71
909641,52753,SKU-65329,Electronics,4,16.22,64.88
909642,52753,SKU-98774,Home,4,19.94,79.76
909643,52753,SKU-26174,Grocery,3,14.12,42.36
909644,52753,SKU-29331,Home,2,44.94,89.88
909645,52754,SKU-97131,Electronics,2,9.14,18.28
909646,52755,SKU-34243,Grocery,1,21.62,21.62
909647,52756,SKU-54044,Apparel,3,24.44,73.32
909648,52756,SKU-86387,Electronics,3,23.28,69.84
909649,52756,SKU-75368,Electronics,2,21.86,43.72
909650,52756,SKU-56796,Apparel,3,37.5,112.5
909651,52757,SKU-94275,Apparel,2,19.33,38.66
909652,52757,SKU-79835,Sports,4,47.24,188.96
909653,52757,SKU-92558,Electronics,1,14.19,14.19
909654,52758,SKU-72766,Sports,2,16.78,33.56
909655,52758,SKU-66889,Grocery,1,40.38,40.38
909656,52759,SKU-68992,Electronics,1,21.03,21.03
909657,52759,SKU-62675,Home,1,6.03,6.03
909658,52759,SKU-47172,Grocery,2,68.41,136.82
909659,52760,SKU-39968,Apparel,4,31.82,127.28
909660,52761,SKU-68976,Grocery,3,21.09,63.27
909661,52761,SKU-57908,Apparel,4,18.09,72.36
909662,52761,SKU-93606,Home,1,29.25,29.25
909663,52762,SKU-19279,Apparel,3,79.84,239.52
909664,52763,SKU-32016,Sports,1,11.51,11.51
909665,52764,SKU-64785,Grocery,2,30.84,61.68
909666,52764,SKU-43242,Electronics,4,8.12,32.48
909667,52764,SKU-90044,Sports,1,11.26,11.26
909668,52764,SKU-66155,Sports,3,7.11,21.33
909669,52765,SKU-52063,Electronics,1,17.62,17.62
909670,52766,SKU-95878,Home,3,35.85,107.55
909671,52767,SKU-35663,Grocery,3,23.23,69.69
909672,52767,SKU-77805,Sports,3,7.27,21.81
909673,52767,SKU-69046,Sports,2,54.48,108.96
909674,52767,SKU-38124,Apparel,1,14.41,14.41
909675,52767,SKU-86208,Home,4,63.6,254.4
909676,52768,SKU-71438,Apparel,3,28.03,84.09
909677,52768,SKU-54843,Apparel,1,26.46,26.46
909678,52769,SKU-45189,Sports,2,47.74,95.48
909679,52769,SKU-95722,Apparel,1,25.6,25.6
909680,52769,SKU-80010,Apparel,4,21.78,87.12
909681,52769,SKU-73265,Home,3,48.65,145.95
909682,52769,SKU-80829,Grocery,4,16.51,66.04
909683,52770,SKU-35764,Sports,2,77.82,155.64
909684,52770,SKU-30025,Home,1,53.4,53.4
909685,52770,SKU-72434,Home,2,11.76,23.52
909686,52770,SKU-87079,Apparel,1,13.24,13.24
909687,52771,SKU-78857,Apparel,3,4.1,12.3
909688,52771,SKU-20722,Apparel,1,27.63,27.63
909689,52771,SKU-14050,Sports,1,63.12,63.12
909690,52771,SKU-49669,Sports,4,28.82,115.28
909691,52771,SKU-52946,Sports,2,31.82,63.64
909692,52771,SKU-90021,Electronics,3,15.51,46.53
909693,52772,SKU-36246,Apparel,1,13.68,13.68
909694,52772,SKU-67455,Home,4,22.8,91.2
909695,52772,SKU-50436,Grocery,2,12.97,25.94
909696,52773,SKU-90804,Apparel,3,27.78,83.34
909697,52774,SKU-70171,Grocery,2,4.7,9.4
909698,52774,SKU-91170,Apparel,2,31.68,63.36
909699,52774,SKU-36525,Sports,4,33.05,132.2
909700,52774,SKU-49938,Apparel,4,27.91,111.64
909701,52774,SKU-30796,Sports,2,14.05,28.1
909702,52775,SKU-96631,Home,1,6.63,6.63
909703,52775,SKU-74113,Apparel,3,33.32,99.96
909704,52775,SKU-38532,Sports,3,16.48,49.44
909705,52775,SKU-32448,Grocery,3,11.64,34.92
909706,52776,SKU-48339,Electronics,3,35.47,106.41
909707,52776,SKU-82655,Sports,2,10.37,20.74
909708,52776,SKU-39543,Home,4,8.6,34.4
909709,52777,SKU-15146,Sports,2,13.09,26.18
909710,52777,SKU-81541,Electronics,4,68.3,273.2
909711,52777,SKU-32944,Sports,1,79.94,79.94
909712,52777,SKU-49446,Sports,2,24.41,48.82
909713,52777,SKU-20548,Home,1,34.28,34.28
909714,52778,SKU-23048,Electronics,4,15.61,62.44
909715,52779,SKU-71764,Apparel,3,5.52,16.56
909716,52779,SKU-96496,Apparel,1,15.34,15.34
909717,52779,SKU-54003,Sports,1,12.54,12.54
909718,52779,SKU-24698,Home,3,17.54,52.62
909719,52780,SKU-38699,Electronics,2,15.67,31.34
909720,52781,SKU-66469,Apparel,3,49.06,147.18
909721,52781,SKU-74786,Electronics,4,6.94,27.76
909722,52781,SKU-63860,Electronics,1,16.93,16.93
909723,52781,SKU-69268,Apparel,1,42.67,42.67
909724,52782,SKU-64055,Home,3,9.19,27.57
909725,52783,SKU-99923,Sports,1,22.56,22.56
909726,52783,SKU-48735,Home,3,15.66,46.98
909727,52783,SKU-43386,Grocery,3,11.49,34.47
909728,52783,SKU-40688,Grocery,1,7.14,7.14
909729,52784,SKU-65918,Electronics,1,35.77,35.77
909730,52784,SKU-42125,Home,4,19.19,76.76
909731,52784,SKU-30911,Electronics,3,25.59,76.77
909732,52785,SKU-55825,Sports,2,121.6,243.2
909733,52785,SKU-93791,Apparel,4,17.06,68.24
909734,52785,SKU-32090,Grocery,2,13.25,26.5
909735,52785,SKU-29281,Sports,2,18.71,37.42
909736,52785,SKU-68941,Electronics,3,11.85,35.55
909737,52786,SKU-58807,Home,3,57.29,171.87
909738,52786,SKU-89946,Sports,3,24.08,72.24
909739,52786,SKU-52069,Sports,1,20.99,20.99
909740,52786,SKU-72254,Home,3,14.42,43.26
909741,52787,SKU-52823,Grocery,3,22.75,68.25
909742,52787,SKU-17328,Electronics,2,5.86,11.72
909743,52787,SKU-57254,Sports,2,25.43,50.86
909744,52787,SKU-17694,Electronics,2,18.99,37.98
909745,52787,SKU-87067,Grocery,3,14.11,42.33
909746,52787,SKU-36387,Home,2,43.29,86.58
909747,52788,SKU-14619,Apparel,4,24.42,97.68
909748,52789,SKU-44236,Electronics,4,28.28,113.12
909749,52789,SKU-65189,Apparel,2,6.86,13.72
909750,52789,SKU-71824,Grocery,3,33.15,99.45
909751,52789,SKU-59323,Electronics,2,22.9,45.8
909752,52789,SKU-64013,Electronics,2,34.89,69.78
909753,52790,SKU-18826,Sports,3,49.03,147.09
909754,52790,SKU-40677,Electronics,3,29.99,89.97
909755,52790,SKU-94517,Apparel,1,5.54,5.54
909756,52790,SKU-38730,Sports,4,93.93,375.72
909757,52791,SKU-93843,Electronics,4,12.8,51.2
909758,52791,SKU-22968,Home,1,18.0,18.0
909759,52792,SKU-84006,Apparel,4,12.18,48.72
909760,52793,SKU-81894,Apparel,2,36.47,72.94
909761,52793,SKU-41270,Home,3,34.92,104.76
909762,52794,SKU-81286,Sports,2,66.79,133.58
909763,52795,SKU-68147,Grocery,2,22.05,44.1
909764,52795,SKU-39901,Electronics,2,41.16,82.32
909765,52795,SKU-15713,Electronics,4,24.24,96.96
909766,52795,SKU-15107,Home,4,22.86,91.44
909767,52795,SKU-94881,Home,1,14.74,14.74
909768,52796,SKU-73164,Electronics,2,37.73,75.46
909769,52796,SKU-14028,Home,1,12.19,12.19
909770,52796,SKU-77464,Home,3,9.13,27.39
909771,52796,SKU-51958,Home,2,20.01,40.02
909772,52796,SKU-79133,Grocery,2,16.84,33.68
909773,52797,SKU-79302,Home,4,23.72,94.88
909774,52797,SKU-38526,Grocery,3,9.65,28.95
909775,52797,SKU-61885,Home,3,50.04,150.12
909776,52797,SKU-45677,Electronics,3,31.14,93.42
909777,52797,SKU-93635,Home,1,20.99,20.99
909778,52797,SKU-23087,Electronics,3,21.47,64.41
909779,52798,SKU-54667,Electronics,1,59.87,59.87
909780,52798,SKU-69352,Electronics,4,4.17,16.68
909781,52798,SKU-57566,Electronics,3,6.46,19.38
909782,52799,SKU-57024,Grocery,4,19.84,79.36
909783,52799,SKU-68588,Electronics,3,2.83,8.49
909784,52799,SKU-66147,Grocery,1,10.35,10.35
909785,52799,SKU-93464,Electronics,4,60.19,240.76
909786,52800,SKU-74447,Grocery,1,24.51,24.51
909787,52800,SKU-53629,Sports,3,23.79,71.37
909788,52800,SKU-13411,Sports,1,37.82,37.82
909789,52800,SKU-79032,Electronics,1,11.58,11.58
909790,52800,SKU-67248,Grocery,1,50.94,50.94
909791,52800,SKU-94569,Sports,3,32.28,96.84
909792,52801,SKU-99732,Home,1,46.29,46.29
909793,52801,SKU-18419,Grocery,2,28.94,57.88
909794,52801,SKU-63452,Home,2,11.86,23.72
909795,52801,SKU-26109,Grocery,1,16.45,16.45
909796,52801,SKU-96147,Grocery,2,15.5,31.0
909797,52801,SKU-49046,Apparel,2,25.82,51.64
909798,52802,SKU-77869,Grocery,1,2.31,2.31
909799,52802,SKU-55460,Apparel,1,37.09,37.09
909800,52803,SKU-76764,Sports,1,22.93,22.93
909801,52803,SKU-20565,Apparel,2,12.46,24.92
909802,52803,SKU-40693,Electronics,1,16.95,16.95
909803,52803,SKU-92411,Sports,1,14.02,14.02
909804,52803,SKU-49334,Apparel,1,23.46,23.46
909805,52803,SKU-46676,Home,1,59.23,59.23
909806,52804,SKU-23178,Sports,3,25.38,76.14
909807,52805,SKU-80546,Electronics,4,7.7,30.8
909808,52805,SKU-12660,Sports,2,62.41,124.82
909809,52805,SKU-46722,Sports,2,25.63,51.26
909810,52806,SKU-16514,Sports,4,8.14,32.56
909811,52806,SKU-56169,Apparel,4,15.29,61.16
909812,52806,SKU-17016,Apparel,1,9.47,9.47
909813,52807,SKU-45612,Grocery,2,2.27,4.54
909814,52807,SKU-92972,Apparel,1,33.35,33.35
909815,52807,SKU-20946,Home,3,22.66,67.98
909816,52808,SKU-52154,Grocery,1,23.7,23.7
909817,52808,SKU-98390,Electronics,1,35.4,35.4
909818,52808,SKU-58282,Grocery,3,31.47,94.41
909819,52808,SKU-36438,Grocery,4,19.64,78.56
909820,52808,SKU-81622,Grocery,3,18.41,55.23
909821,52808,SKU-48660,Apparel,1,17.5,17.5
909822,52809,SKU-42900,Grocery,1,53.57,53.57
909823,52809,SKU-95875,Sports,1,42.94,42.94
909824,52809,SKU-87327,Home,3,81.98,245.94
909825,52809,SKU-40310,Electronics,2,28.96,57.92
909826,52809,SKU-58698,Grocery,2,13.17,26.34
909827,52810,SKU-16606,Grocery,2,9.26,18.52
909828,52811,SKU-66145,Grocery,3,46.58,139.74
909829,52811,SKU-97738,Home,3,63.64,190.92
909830,52811,SKU-51642,Sports,3,23.74,71.22
909831,52812,SKU-58365,Grocery,2,48.5,97.0
909832,52812,SKU-55574,Apparel,4,18.43,73.72
909833,52813,SKU-27698,Grocery,1,50.2,50.2
909834,52814,SKU-12437,Sports,3,21.1,63.3
909835,52814,SKU-86830,Sports,4,65.91,263.64
909836,52814,SKU-71105,Sports,3,14.26,42.78
909837,52814,SKU-96186,Home,3,16.77,50.31
909838,52814,SKU-70290,Home,2,30.67,61.34
909839,52814,SKU-64937,Sports,1,80.74,80.74
909840,52815,SKU-75786,Sports,4,14.88,59.52
909841,52815,SKU-42468,Sports,4,33.51,134.04
909842,52815,SKU-48985,Grocery,1,9.29,9.29
909843,52815,SKU-25713,Home,4,28.33,113.32
909844,52816,SKU-99526,Grocery,1,12.35,12.35
909845,52816,SKU-75913,Grocery,4,89.49,357.96
909846,52816,SKU-86533,Sports,1,36.28,36.28
909847,52817,SKU-67774,Apparel,2,22.07,44.14
909848,52817,SKU-15029,Grocery,2,21.32,42.64
909849,52817,SKU-82308,Apparel,4,52.03,208.12
909850,52817,SKU-64548,Electronics,2,20.25,40.5
909851,52817,SKU-91040,Electronics,3,21.5,64.5
909852,52817,SKU-70020,Sports,3,32.14,96.42
909853,52818,SKU-74132,Sports,4,23.04,92.16
909854,52818,SKU-91369,Grocery,2,50.74,101.48
909855,52818,SKU-23528,Grocery,1,37.87,37.87
909856,52819,SKU-44956,Sports,2,21.05,42.1
909857,52819,SKU-34142,Apparel,1,45.27,45.27
909858,52819,SKU-20553,Grocery,2,44.57,89.14
909859,52819,SKU-57633,Sports,4,8.19,32.76
909860,52819,SKU-86646,Sports,3,16.85,50.55
909861,52820,SKU-16629,Home,3,28.97,86.91
909862,52820,SKU-66859,Sports,2,53.38,106.76
909863,52820,SKU-28061,Electronics,4,31.41,125.64
909864,52821,SKU-19079,Sports,3,13.53,40.59
909865,52821,SKU-10366,Sports,4,53.19,212.76
909866,52821,SKU-79402,Sports,1,8.81,8.81
909867,52822,SKU-33123,Grocery,2,9.53,19.06
909868,52822,SKU-46339,Electronics,4,11.14,44.56
909869,52822,SKU-20383,Apparel,2,32.23,64.46
909870,52822,SKU-42534,Apparel,4,32.19,128.76
909871,52823,SKU-67464,Electronics,4,20.44,81.76
909872,52824,SKU-32544,Apparel,1,3.35,3.35
909873,52824,SKU-77018,Apparel,3,10.34,31.02
909874,52824,SKU-78585,Electronics,1,21.04,21.04
909875,52825,SKU-74526,Apparel,3,24.05,72.15
909876,52825,SKU-96394,Sports,3,20.19,60.57
909877,52825,SKU-57187,Grocery,1,16.93,16.93
909878,52826,SKU-59191,Home,3,19.44,58.32
909879,52826,SKU-32371,Grocery,3,58.5,175.5
909880,52826,SKU-32893,Apparel,4,24.31,97.24
909881,52826,SKU-49476,Home,3,77.11,231.33
909882,52826,SKU-76207,Sports,4,10.69,42.76
909883,52827,SKU-69906,Electronics,1,8.63,8.63
909884,52827,SKU-25135,Electronics,2,35.73,71.46
909885,52827,SKU-19892,Electronics,3,39.2,117.6
909886,52827,SKU-25689,Sports,3,20.07,60.21
909887,52828,SKU-90157,Sports,1,90.56,90.56
909888,52828,SKU-98199,Home,3,25.19,75.57
909889,52829,SKU-94649,Apparel,2,22.61,45.22
909890,52830,SKU-83069,Apparel,2,55.28,110.56
909891,52830,SKU-45159,Grocery,1,27.12,27.12
909892,52830,SKU-35506,Home,1,37.67,37.67
909893,52830,SKU-17340,Home,4,19.26,77.04
909894,52831,SKU-57618,Electronics,4,14.23,56.92
909895,52831,SKU-65132,Home,2,11.19,22.38
909896,52832,SKU-81997,Home,4,88.31,353.24
909897,52833,SKU-61474,Sports,4,10.19,40.76
909898,52833,SKU-69843,Electronics,1,23.2,23.2
909899,52833,SKU-98119,Grocery,2,8.98,17.96
909900,52833,SKU-59766,Grocery,3,20.39,61.17
909901,52833,SKU-70790,Apparel,1,8.65,8.65
909902,52834,SKU-65146,Apparel,2,15.54,31.08
909903,52835,SKU-30560,Electronics,2,39.96,79.92
909904,52835,SKU-25106,Sports,3,31.7,95.1
909905,52835,SKU-66218,Electronics,2,28.96,57.92
909906,52836,SKU-16521,Grocery,1,33.03,33.03
909907,52837,SKU-47654,Grocery,3,27.79,83.37
909908,52837,SKU-96704,Apparel,1,25.49,25.49
909909,52837,SKU-14279,Grocery,3,39.82,119.46
909910,52837,SKU-46620,Home,1,21.33,21.33
909911,52837,SKU-69557,Home,4,27.62,110.48
909912,52837,SKU-16139,Electronics,4,20.36,81.44
909913,52838,SKU-16784,Electronics,2,16.1,32.2
909914,52838,SKU-93964,Electronics,2,15.84,31.68
909915,52838,SKU-18481,Grocery,2,69.3,138.6
909916,52838,SKU-68241,Electronics,2,23.24,46.48
909917,52838,SKU-29849,Electronics,3,37.54,112.62
909918,52838,SKU-51107,Apparel,2,22.72,45.44
909919,52839,SKU-46519,Sports,4,38.54,154.16
909920,52840,SKU-88359,Sports,2,35.71,71.42
909921,52841,SKU-60594,Sports,2,45.64,91.28
909922,52841,SKU-90516,Home,2,5.97,11.94
909923,52841,SKU-43198,Sports,4,39.81,159.24
909924,52842,SKU-52005,Electronics,2,18.47,36.94
909925,52843,SKU-75517,Home,4,16.47,65.88
909926,52843,SKU-64377,Apparel,4,19.9,79.6
909927,52843,SKU-33964,Grocery,1,24.09,24.09
909928,52843,SKU-47503,Sports,3,43.83,131.49
909929,52843,SKU-48912,Electronics,3,15.57,46.71
909930,52844,SKU-63463,Electronics,3,14.16,42.48
909931,52845,SKU-40798,Apparel,4,26.36,105.44
909932,52845,SKU-94783,Apparel,1,20.36,20.36
909933,52846,SKU-39615,Apparel,2,57.43,114.86
909934,52846,SKU-35447,Home,2,30.25,60.5
909935,52846,SKU-47313,Home,4,16.96,67.84
909936,52846,SKU-70008,Apparel,2,27.98,55.96
909937,52847,SKU-16500,Electronics,4,7.51,30.04
909938,52847,SKU-88044,Apparel,1,11.34,11.34
909939,52847,SKU-11685,Sports,1,21.22,21.22
909940,52848,SKU-19253,Grocery,3,47.88,143.64
909941,52848,SKU-98394,Apparel,3,17.98,53.94
909942,52848,SKU-75263,Grocery,4,80.99,323.96
909943,52848,SKU-49213,Electronics,3,21.9,65.7
909944,52848,SKU-11980,Electronics,4,13.61,54.44
909945,52848,SKU-91340,Home,2,25.94,51.88
909946,52849,SKU-66470,Grocery,2,16.94,33.88
909947,52850,SKU-76955,Electronics,3,31.12,93.36
909948,52850,SKU-18710,Home,2,32.62,65.24
909949,52851,SKU-68496,Apparel,4,5.82,23.28
909950,52851,SKU-44241,Apparel,2,10.34,20.68
909951,52851,SKU-34465,Grocery,4,55.79,223.16
909952,52852,SKU-60066,Home,2,23.85,47.7
909953,52853,SKU-44913,Apparel,3,13.06,39.18
909954,52853,SKU-39539,Electronics,1,85.54,85.54
909955,52853,SKU-60028,Home,4,41.6,166.4
909956,52854,SKU-64862,Grocery,1,23.22,23.22
909957,52854,SKU-76029,Electronics,1,52.5,52.5
909958,52855,SKU-87796,Home,3,17.87,53.61
909959,52855,SKU-96931,Apparel,4,12.69,50.76
909960,52855,SKU-87557,Home,4,14.56,58.24
909961,52856,SKU-71358,Sports,2,14.88,29.76
909962,52856,SKU-65950,Sports,3,55.11,165.33
909963,52856,SKU-89080,Home,1,22.13,22.13
909964,52856,SKU-51839,Electronics,1,18.3,18.3
909965,52856,SKU-32834,Grocery,2,36.04,72.08
909966,52857,SKU-88758,Apparel,4,33.06,132.24
909967,52858,SKU-92596,Electronics,3,20.28,60.84
909968,52858,SKU-91557,Grocery,1,22.4,22.4
909969,52858,SKU-83838,Home,4,46.05,184.2
909970,52858,SKU-69772,Grocery,3,46.03,138.09
909971,52858,SKU-81197,Home,2,34.68,69.36
909972,52858,SKU-87280,Apparel,4,8.54,34.16
909973,52859,SKU-45124,Grocery,2,16.62,33.24
909974,52859,SKU-15838,Electronics,1,46.16,46.16
909975,52859,SKU-15343,Grocery,2,14.01,28.02
909976,52859,SKU-73031,Electronics,4,40.51,162.04
909977,52859,SKU-88435,Electronics,3,67.88,203.64
909978,52860,SKU-89444,Electronics,1,42.55,42.55
909979,52860,SKU-50011,Sports,4,38.95,155.8
909980,52860,SKU-86046,Home,2,20.83,41.66
909981,52861,SKU-22611,Home,3,23.22,69.66
909982,52861,SKU-29132,Grocery,2,34.71,69.42
909983,52861,SKU-66836,Grocery,3,30.71,92.13
909984,52861,SKU-52708,Sports,2,19.43,38.86
909985,52862,SKU-48082,Electronics,3,16.82,50.46
909986,52862,SKU-92056,Sports,3,59.8,179.4
909987,52862,SKU-82290,Electronics,1,11.08,11.08
909988,52862,SKU-23831,Grocery,3,11.88,35.64
909989,52862,SKU-28492,Home,2,18.31,36.62
909990,52862,SKU-87737,Sports,2,13.33,26.66
909991,52863,SKU-80153,Home,1,34.2,34.2
909992,52863,SKU-24388,Grocery,2,8.11,16.22
909993,52863,SKU-85722,Sports,2,8.09,16.18
909994,52863,SKU-28865,Grocery,3,26.14,78.42
909995,52863,SKU-96086,Sports,1,24.29,24.29
909996,52863,SKU-35232,Sports,4,23.99,95.96
909997,52864,SKU-46759,Sports,1,87.88,87.88
909998,52864,SKU-81060,Sports,4,15.52,62.08
909999,52864,SKU-25803,Grocery,1,68.77,68.77
910000,52864,SKU-55642,Home,1,30.46,30.46
910001,52864,SKU-46039,Electronics,1,26.44,26.44
910002,52865,SKU-81167,Grocery,1,58.65,58.65
910003,52865,SKU-62316,Apparel,4,29.61,118.44
910004,52865,SKU-53254,Grocery,2,10.94,21.88
910005,52866,SKU-43131,Electronics,1,16.9,16.9
910006,52867,SKU-41139,Sports,2,22.87,45.74
910007,52867,SKU-35566,Apparel,1,11.53,11.53
910008,52867,SKU-86641,Grocery,4,220.28,881.12
910009,52867,SKU-51393,Grocery,2,50.48,100.96
910010,52868,SKU-25534,Grocery,3,4.16,12.48
910011,52868,SKU-72889,Sports,1,18.03,18.03
910012,52868,SKU-18151,Electronics,4,10.39,41.56
910013,52868,SKU-76344,Grocery,3,13.53,40.59
910014,52868,SKU-64865,Sports,3,21.06,63.18
910015,52868,SKU-56240,Sports,1,38.8,38.8
910016,52869,SKU-97491,Grocery,4,26.36,105.44
910017,52869,SKU-18203,Apparel,1,7.53,7.53
910018,52869,SKU-11882,Electronics,4,40.36,161.44
910019,52869,SKU-33129,Grocery,1,29.49,29.49
910020,52869,SKU-73624,Apparel,2,24.68,49.36
910021,52869,SKU-40566,Apparel,3,64.99,194.97
910022,52870,SKU-83773,Electronics,1,14.08,14.08
910023,52870,SKU-39125,Apparel,3,52.6,157.8
910024,52870,SKU-12153,Sports,1,9.66,9.66
910025,52871,SKU-97903,Home,3,22.48,67.44
910026,52871,SKU-16899,Apparel,4,14.87,59.48
910027,52871,SKU-87520,Home,2,8.16,16.32
910028,52871,SKU-30291,Sports,2,19.12,38.24
910029,52872,SKU-77874,Apparel,2,52.33,104.66
910030,52873,SKU-80835,Grocery,3,27.74,83.22
910031,52873,SKU-46498,Grocery,2,5.4,10.8
910032,52874,SKU-45506,Sports,2,25.73,51.46
910033,52874,SKU-71114,Grocery,1,29.01,29.01
910034,52874,SKU-59809,Sports,1,49.42,49.42
910035,52874,SKU-18240,Home,4,6.03,24.12
910036,52874,SKU-13662,Home,1,24.62,24.62
910037,52875,SKU-39869,Grocery,3,26.41,79.23
910038,52875,SKU-40275,Sports,3,19.94,59.82
910039,52875,SKU-50877,Home,1,23.82,23.82
910040,52875,SKU-73553,Sports,1,21.13,21.13
910041,52875,SKU-90529,Sports,1,10.15,10.15
910042,52876,SKU-76683,Electronics,3,13.17,39.51
910043,52876,SKU-35744,Sports,2,14.35,28.7
910044,52877,SKU-11121,Electronics,3,16.8,50.4
910045,52877,SKU-38441,Apparel,1,20.52,20.52
910046,52877,SKU-33384,Electronics,4,31.46,125.84
910047,52877,SKU-53055,Sports,4,40.52,162.08
910048,52877,SKU-28032,Sports,1,5.73,5.73
910049,52877,SKU-10197,Home,4,16.48,65.92
910050,52878,SKU-75292,Grocery,2,12.8,25.6
910051,52878,SKU-22550,Electronics,2,25.52,51.04
910052,52878,SKU-16036,Home,3,17.93,53.79
910053,52878,SKU-73571,Electronics,3,27.45,82.35
910054,52878,SKU-28558,Home,4,19.07,76.28
910055,52879,SKU-56855,Sports,1,20.23,20.23
910056,52879,SKU-36507,Apparel,3,45.06,135.18
910057,52880,SKU-41344,Sports,4,22.68,90.72
910058,52880,SKU-13393,Electronics,2,12.16,24.32
910059,52880,SKU-93438,Sports,3,18.69,56.07
910060,52881,SKU-51122,Home,2,7.8,15.6
910061,52881,SKU-40784,Sports,2,18.56,37.12
910062,52881,SKU-22634,Apparel,1,25.16,25.16
910063,52882,SKU-74750,Grocery,4,58.29,233.16
910064,52882,SKU-82695,Sports,1,15.47,15.47
910065,52882,SKU-18399,Sports,4,35.13,140.52
910066,52882,SKU-10515,Home,2,74.97,149.94
910067,52882,SKU-41520,Sports,2,9.8,19.6
910068,52883,SKU-15527,Sports,4,8.43,33.72
910069,52883,SKU-60663,Apparel,1,31.58,31.58
910070,52884,SKU-93712,Apparel,1,17.77,17.77
910071,52884,SKU-80335,Electronics,4,33.78,135.12
910072,52884,SKU-70842,Grocery,3,46.45,139.35
910073,52885,SKU-91593,Apparel,4,68.79,275.16
910074,52885,SKU-22707,Sports,3,32.16,96.48
910075,52885,SKU-56986,Apparel,2,14.28,28.56
910076,52885,SKU-76781,Sports,1,21.92,21.92
910077,52885,SKU-73475,Home,3,23.25,69.75
910078,52885,SKU-46311,Home,3,14.05,42.15
910079,52886,SKU-40121,Home,3,9.99,29.97
910080,52886,SKU-75782,Sports,3,16.67,50.01
910081,52886,SKU-72501,Home,4,38.09,152.36
910082,52887,SKU-45587,Grocery,3,17.79,53.37
910083,52887,SKU-89105,Electronics,1,45.48,45.48
910084,52887,SKU-65357,Home,3,36.12,108.36
910085,52888,SKU-51682,Sports,2,13.99,27.98
910086,52888,SKU-56590,Home,3,17.6,52.8
910087,52889,SKU-84141,Sports,2,40.71,81.42
910088,52890,SKU-77557,Sports,4,31.12,124.48
910089,52890,SKU-86845,Apparel,1,35.72,35.72
910090,52891,SKU-23360,Apparel,3,15.55,46.65
910091,52891,SKU-95474,Apparel,3,34.83,104.49
910092,52891,SKU-86079,Electronics,4,50.89,203.56
910093,52891,SKU-39244,Apparel,1,53.55,53.55
910094,52891,SKU-88308,Electronics,2,103.17,206.34
910095,52892,SKU-85911,Sports,3,3.17,9.51
910096,52892,SKU-45220,Grocery,2,25.46,50.92
910097,52892,SKU-93575,Home,3,17.53,52.59
910098,52892,SKU-49040,Home,2,29.5,59.0
910099,52892,SKU-74155,Home,2,70.99,141.98
910100,52892,SKU-40026,Electronics,2,6.75,13.5
910101,52893,SKU-74750,Home,3,17.33,51.99
910102,52893,SKU-86674,Grocery,4,17.59,70.36
910103,52893,SKU-85724,Electronics,1,34.68,34.68
910104,52894,SKU-67977,Apparel,1,25.04,25.04
910105,52894,SKU-85827,Home,2,26.23,52.46
910106,52894,SKU-23786,Electronics,3,33.32,99.96
910107,52894,SKU-37251,Apparel,3,42.78,128.34
910108,52894,SKU-85177,Sports,3,22.93,68.79
910109,52894,SKU-68674,Apparel,1,7.93,7.93
910110,52895,SKU-80202,Grocery,1,9.98,9.98
910111,52895,SKU-50453,Home,2,13.76,27.52
910112,52895,SKU-47930,Electronics,2,33.79,67.58
910113,52895,SKU-33328,Apparel,4,13.8,55.2
910114,52895,SKU-32303,Electronics,1,7.44,7.44
910115,52895,SKU-60649,Sports,1,24.28,24.28
910116,52896,SKU-42332,Electronics,2,20.84,41.68
910117,52896,SKU-86194,Home,2,33.01,66.02
910118,52896,SKU-83710,Apparel,4,26.56,106.24
910119,52896,SKU-83612,Grocery,4,7.96,31.84
910120,52896,SKU-90884,Grocery,2,28.02,56.04
910121,52896,SKU-52773,Grocery,3,24.03,72.09
910122,52897,SKU-50779,Apparel,4,8.47,33.88
910123,52897,SKU-93647,Home,4,18.86,75.44
910124,52897,SKU-43838,Home,4,28.37,113.48
910125,52897,SKU-29651,Grocery,4,13.86,55.44
910126,52898,SKU-58328,Grocery,1,13.23,13.23
910127,52898,SKU-86171,Sports,1,37.23,37.23
910128,52898,SKU-82381,Home,4,66.96,267.84
910129,52898,SKU-62059,Home,4,16.19,64.76
910130,52898,SKU-57246,Sports,2,21.11,42.22
910131,52899,SKU-26168,Electronics,4,27.13,108.52
910132,52899,SKU-47773,Home,1,41.87,41.87
910133,52900,SKU-66394,Electronics,2,42.55,85.1
910134,52900,SKU-32329,Home,3,30.19,90.57
910135,52900,SKU-15207,Home,4,36.18,144.72
910136,52900,SKU-39128,Sports,3,15.42,46.26
910137,52900,SKU-12847,Grocery,2,36.46,72.92
910138,52901,SKU-84266,Sports,3,11.31,33.93
910139,52901,SKU-35144,Electronics,2,20.55,41.1
910140,52901,SKU-36838,Apparel,3,17.15,51.45
910141,52901,SKU-34387,Apparel,2,5.92,11.84
910142,52901,SKU-44574,Home,3,7.94,23.82
910143,52902,SKU-75339,Apparel,3,57.73,173.19
910144,52902,SKU-49711,Electronics,1,10.36,10.36
910145,52902,SKU-44923,Apparel,3,16.73,50.19
910146,52902,SKU-28427,Sports,4,12.72,50.88
910147,52903,SKU-26956,Home,1,35.14,35.14
910148,52903,SKU-66276,Sports,2,12.58,25.16
910149,52903,SKU-18098,Electronics,1,23.34,23.34
910150,52904,SKU-25718,Electronics,4,19.07,76.28
910151,52904,SKU-14507,Home,2,8.65,17.3
910152,52904,SKU-55370,Home,4,33.26,133.04
910153,52904,SKU-34808,Grocery,1,15.09,15.09
910154,52904,SKU-52887,Home,3,14.9,44.7
910155,52904,SKU-79751,Home,2,20.84,41.68
910156,52905,SKU-34810,Apparel,1,35.51,35.51
910157,52905,SKU-70656,Grocery,4,13.64,54.56
910158,52905,SKU-75557,Home,1,30.79,30.79
910159,52905,SKU-44000,Grocery,2,8.15,16.3
910160,52905,SKU-83188,Apparel,1,19.04,19.04
910161,52906,SKU-88608,Electronics,1,27.68,27.68
910162,52906,SKU-67002,Grocery,3,22.89,68.67
910163,52906,SKU-44228,Apparel,1,50.28,50.28
910164,52907,SKU-26354,Sports,3,11.93,35.79
910165,52907,SKU-35832,Apparel,2,39.9,79.8
910166,52908,SKU-45256,Apparel,2,22.53,45.06
910167,52908,SKU-61123,Apparel,2,5.12,10.24
910168,52908,SKU-82412,Home,1,12.53,12.53
910169,52908,SKU-66824,Sports,3,62.37,187.11
910170,52909,SKU-24491,Apparel,3,20.63,61.89
910171,52909,SKU-75990,Grocery,1,47.95,47.95
910172,52909,SKU-56056,Home,3,6.3,18.9
910173,52910,SKU-42300,Sports,1,23.28,23.28
910174,52910,SKU-31173,Sports,4,20.16,80.64
910175,52911,SKU-66759,Sports,2,10.59,21.18
910176,52911,SKU-16361,Sports,4,26.98,107.92
910177,52911,SKU-17268,Home,1,21.16,21.16
910178,52911,SKU-45644,Home,4,16.38,65.52
910179,52911,SKU-15423,Grocery,4,13.2,52.8
910180,52911,SKU-22845,Home,1,33.14,33.14
910181,52912,SKU-50815,Home,2,19.27,38.54
910182,52913,SKU-21189,Apparel,3,116.22,348.66
910183,52913,SKU-83720,Sports,1,51.78,51.78
910184,52913,SKU-24991,Electronics,3,6.6,19.8
910185,52914,SKU-13418,Sports,1,75.13,75.13
910186,52914,SKU-23146,Sports,2,13.83,27.66
910187,52915,SKU-50696,Sports,2,14.44,28.88
910188,52915,SKU-83452,Grocery,3,29.74,89.22
910189,52915,SKU-60100,Electronics,1,31.96,31.96
910190,52915,SKU-21395,Home,4,19.64,78.56
910191,52915,SKU-31865,Home,4,18.31,73.24
910192,52915,SKU-45325,Apparel,2,19.9,39.8
910193,52916,SKU-20961,Sports,4,7.58,30.32
910194,52916,SKU-12936,Electronics,3,10.0,30.0
910195,52916,SKU-57943,Apparel,3,17.43,52.29
910196,52916,SKU-43512,Sports,3,7.81,23.43
910197,52917,SKU-84079,Sports,3,26.59,79.77
910198,52918,SKU-97761,Grocery,2,11.93,23.86
910199,52918,SKU-27775,Home,2,28.57,57.14
910200,52919,SKU-14527,Apparel,1,12.96,12.96
910201,52920,SKU-90972,Electronics,2,15.01,30.02
910202,52920,SKU-46906,Home,4,24.11,96.44
910203,52921,SKU-76479,Sports,4,28.05,112.2
910204,52921,SKU-51781,Apparel,3,36.25,108.75
910205,52921,SKU-98870,Apparel,1,10.68,10.68
910206,52921,SKU-90120,Electronics,3,28.88,86.64
910207,52921,SKU-74408,Electronics,4,44.78,179.12
910208,52922,SKU-64388,Electronics,2,14.53,29.06
910209,52922,SKU-78521,Grocery,4,17.48,69.92
910210,52923,SKU-56776,Grocery,3,19.12,57.36
910211,52923,SKU-20101,Apparel,4,52.15,208.6
910212,52923,SKU-59981,Home,2,20.5,41.0
910213,52923,SKU-28972,Grocery,3,18.74,56.22
910214,52924,SKU-89526,Grocery,2,78.52,157.04
910215,52924,SKU-89585,Apparel,1,18.17,18.17
910216,52924,SKU-93757,Apparel,4,49.06,196.24
910217,52924,SKU-12735,Apparel,1,44.08,44.08
910218,52924,SKU-96330,Home,4,8.52,34.08
910219,52924,SKU-81768,Electronics,4,54.37,217.48
910220,52925,SKU-90856,Home,3,48.22,144.66
910221,52925,SKU-22952,Electronics,4,20.21,80.84
910222,52925,SKU-28726,Home,2,71.66,143.32
910223,52926,SKU-24014,Sports,1,41.77,41.77
910224,52926,SKU-97770,Electronics,3,14.27,42.81
910225,52926,SKU-46614,Grocery,1,20.86,20.86
910226,52926,SKU-67844,Home,2,6.9,13.8
910227,52927,SKU-33426,Apparel,1,15.1,15.1
910228,52927,SKU-64443,Electronics,3,19.19,57.57
910229,52927,SKU-80491,Home,4,15.44,61.76
910230,52927,SKU-30621,Home,2,5.43,10.86
910231,52927,SKU-55764,Sports,3,138.65,415.95
910232,52928,SKU-48964,Sports,4,11.63,46.52
910233,52929,SKU-32581,Electronics,4,20.41,81.64
910234,52929,SKU-56502,Home,2,27.17,54.34
910235,52929,SKU-51693,Home,4,50.24,200.96
910236,52930,SKU-89491,Apparel,3,44.53,133.59
910237,52930,SKU-94518,Apparel,3,7.05,21.15
910238,52930,SKU-67301,Home,3,19.02,57.06
910239,52930,SKU-99365,Apparel,2,15.47,30.94
910240,52930,SKU-32847,Grocery,3,18.5,55.5
910241,52930,SKU-89465,Electronics,4,8.82,35.28
910242,52931,SKU-56896,Grocery,3,9.76,29.28
910243,52931,SKU-68036,Electronics,2,8.81,17.62
910244,52932,SKU-71479,Sports,2,11.71,23.42
910245,52932,SKU-40688,Grocery,3,49.84,149.52
910246,52932,SKU-23911,Sports,4,14.87,59.48
910247,52932,SKU-41477,Apparel,3,16.56,49.68
910248,52933,SKU-75485,Electronics,1,5.32,5.32
910249,52933,SKU-88103,Electronics,1,53.13,53.13
910250,52933,SKU-19542,Electronics,3,20.84,62.52
910251,52933,SKU-97044,Home,1,56.56,56.56
910252,52933,SKU-25887,Grocery,1,39.4,39.4
910253,52934,SKU-54581,Home,2,32.35,64.7
910254,52935,SKU-13317,Home,2,9.36,18.72
910255,52935,SKU-16738,Home,1,21.88,21.88
910256,52935,SKU-24248,Sports,1,26.21,26.21
910257,52936,SKU-87403,Grocery,2,27.41,54.82
910258,52936,SKU-48308,Electronics,1,21.26,21.26
910259,52937,SKU-60523,Grocery,2,6.49,12.98
910260,52937,SKU-91618,Home,2,15.86,31.72
910261,52937,SKU-92731,Apparel,1,34.96,34.96
910262,52937,SKU-54024,Electronics,2,19.56,39.12
910263,52938,SKU-99789,Grocery,4,59.39,237.56
910264,52938,SKU-37618,Electronics,2,35.48,70.96
910265,52939,SKU-87820,Sports,4,13.98,55.92
910266,52939,SKU-41750,Apparel,4,11.01,44.04
910267,52939,SKU-22153,Sports,1,8.36,8.36
910268,52939,SKU-45515,Home,4,26.97,107.88
910269,52939,SKU-23378,Apparel,1,15.12,15.12
910270,52939,SKU-94321,Apparel,2,16.97,33.94
910271,52940,SKU-56133,Electronics,3,54.4,163.2
910272,52940,SKU-80428,Apparel,1,12.28,12.28
910273,52941,SKU-14181,Grocery,2,31.25,62.5
910274,52941,SKU-28736,Electronics,3,48.5,145.5
910275,52942,SKU-92362,Sports,4,34.48,137.92
910276,52942,SKU-58095,Electronics,4,17.2,68.8
910277,52942,SKU-25211,Electronics,4,59.74,238.96
910278,52942,SKU-25443,Electronics,4,38.1,152.4
910279,52943,SKU-51297,Sports,4,38.56,154.24
910280,52943,SKU-94760,Grocery,2,20.92,41.84
910281,52944,SKU-68098,Grocery,3,33.27,99.81
910282,52944,SKU-71099,Sports,2,37.59,75.18
910283,52944,SKU-48626,Electronics,4,13.16,52.64
910284,52944,SKU-63541,Electronics,2,23.98,47.96
910285,52944,SKU-92025,Sports,1,23.88,23.88
910286,52944,SKU-56358,Sports,3,5.28,15.84
910287,52945,SKU-18761,Electronics,2,8.45,16.9
910288,52945,SKU-58729,Home,3,28.06,84.18
910289,52946,SKU-12522,Apparel,4,19.6,78.4
910290,52947,SKU-54377,Electronics,3,18.76,56.28
910291,52947,SKU-88688,Electronics,1,57.99,57.99
910292,52947,SKU-56137,Electronics,4,12.87,51.48
910293,52947,SKU-27710,Grocery,1,24.05,24.05
910294,52947,SKU-67733,Home,1,52.95,52.95
910295,52947,SKU-46890,Electronics,3,27.07,81.21
910296,52948,SKU-50280,Apparel,4,5.64,22.56
910297,52948,SKU-89100,Sports,1,15.56,15.56
910298,52948,SKU-61666,Apparel,4,8.3,33.2
910299,52948,SKU-97527,Home,2,42.83,85.66
910300,52949,SKU-12120,Grocery,1,14.71,14.71
910301,52949,SKU-10805,Home,1,13.09,13.09
910302,52949,SKU-13533,Electronics,2,15.61,31.22
910303,52949,SKU-33478,Home,1,9.77,9.77
910304,52950,SKU-84057,Sports,2,35.19,70.38
910305,52950,SKU-78374,Electronics,4,8.44,33.76
910306,52950,SKU-53155,Electronics,2,60.28,120.56
910307,52950,SKU-63384,Grocery,2,6.95,13.9
910308,52950,SKU-55918,Sports,1,52.27,52.27
910309,52950,SKU-17601,Electronics,2,61.57,123.14
910310,52951,SKU-64280,Home,2,42.48,84.96
910311,52951,SKU-72514,Electronics,2,15.86,31.72
910312,52951,SKU-72752,Home,1,21.32,21.32
910313,52951,SKU-84482,Apparel,1,53.93,53.93
910314,52951,SKU-43840,Home,4,20.89,83.56
910315,52952,SKU-72532,Electronics,3,3.18,9.54
910316,52953,SKU-47173,Grocery,2,57.65,115.3
910317,52953,SKU-86460,Apparel,3,15.84,47.52
910318,52954,SKU-63895,Home,1,33.86,33.86
910319,52954,SKU-11784,Apparel,1,24.42,24.42
910320,52954,SKU-97256,Sports,4,77.74,310.96
910321,52954,SKU-23574,Home,2,30.3,60.6
910322,52954,SKU-33448,Electronics,3,13.35,40.05
910323,52955,SKU-74876,Apparel,2,7.52,15.04
910324,52955,SKU-83979,Electronics,4,29.36,117.44
910325,52955,SKU-82615,Electronics,4,37.22,148.88
910326,52955,SKU-15843,Electronics,4,18.13,72.52
910327,52956,SKU-76039,Electronics,2,11.79,23.58
910328,52956,SKU-78425,Electronics,4,18.92,75.68
910329,52957,SKU-48246,Grocery,4,46.1,184.4
910330,52957,SKU-16906,Electronics,2,39.11,78.22
910331,52958,SKU-25028,Grocery,2,71.01,142.02
910332,52958,SKU-33243,Grocery,3,15.54,46.62
910333,52958,SKU-45844,Apparel,2,6.54,13.08
910334,52958,SKU-80195,Electronics,3,13.04,39.12
910335,52958,SKU-40694,Grocery,2,10.25,20.5
910336,52959,SKU-59821,Electronics,1,49.95,49.95
910337,52959,SKU-84563,Electronics,4,92.08,368.32
910338,52959,SKU-69477,Grocery,1,20.04,20.04
910339,52959,SKU-36608,Electronics,4,16.54,66.16
910340,52959,SKU-18818,Apparel,2,10.22,20.44
910341,52960,SKU-40510,Apparel,4,13.24,52.96
910342,52961,SKU-58356,Apparel,2,81.53,163.06
910343,52962,SKU-80862,Apparel,3,12.69,38.07
910344,52962,SKU-46857,Grocery,1,12.28,12.28
910345,52963,SKU-24873,Apparel,1,31.48,31.48
910346,52963,SKU-45679,Grocery,1,40.3,40.3
910347,52964,SKU-75866,Home,4,32.42,129.68
910348,52964,SKU-50787,Apparel,4,15.96,63.84
910349,52964,SKU-46944,Electronics,4,22.63,90.52
910350,52964,SKU-95007,Apparel,4,39.4,157.6
910351,52964,SKU-66947,Electronics,2,50.33,100.66
910352,52965,SKU-24372,Electronics,2,23.19,46.38
910353,52965,SKU-58244,Apparel,3,24.19,72.57
910354,52965,SKU-35125,Grocery,1,24.03,24.03
910355,52965,SKU-67318,Apparel,3,47.0,141.0
910356,52965,SKU-72912,Apparel,1,14.94,14.94
910357,52965,SKU-29329,Apparel,2,16.84,33.68
910358,52966,SKU-67705,Electronics,4,13.65,54.6
910359,52966,SKU-32569,Apparel,4,43.37,173.48
910360,52966,SKU-41031,Sports,3,25.03,75.09
910361,52966,SKU-97379,Sports,4,9.3,37.2
910362,52966,SKU-20795,Home,1,9.43,9.43
910363,52967,SKU-17784,Sports,4,89.99,359.96
910364,52967,SKU-72098,Home,1,2.94,2.94
910365,52967,SKU-56320,Grocery,2,10.4,20.8
910366,52968,SKU-85209,Electronics,1,18.5,18.5
910367,52968,SKU-57590,Home,3,43.36,130.08
910368,52968,SKU-88378,Apparel,1,8.82,8.82
910369,52969,SKU-15886,Grocery,3,23.67,71.01
910370,52969,SKU-65565,Apparel,3,48.23,144.69
910371,52969,SKU-53026,Apparel,3,71.56,214.68
910372,52970,SKU-40147,Apparel,3,3.04,9.12
910373,52970,SKU-66418,Home,4,29.28,117.12
910374,52970,SKU-66515,Electronics,2,6.8,13.6
910375,52970,SKU-88690,Apparel,4,28.2,112.8
910376,52971,SKU-20627,Home,3,66.9,200.7
910377,52971,SKU-90979,Electronics,2,8.88,17.76
910378,52971,SKU-39840,Apparel,1,68.77,68.77
910379,52971,SKU-44838,Sports,1,25.96,25.96
910380,52972,SKU-53581,Apparel,2,14.5,29.0
910381,52972,SKU-36767,Home,2,24.61,49.22
910382,52972,SKU-56195,Sports,1,13.91,13.91
910383,52972,SKU-64554,Grocery,2,43.91,87.82
910384,52973,SKU-51073,Electronics,3,38.39,115.17
910385,52973,SKU-74627,Electronics,4,67.6,270.4
910386,52973,SKU-63739,Apparel,1,104.04,104.04
910387,52973,SKU-65567,Sports,3,18.53,55.59
910388,52973,SKU-47459,Electronics,1,22.88,22.88
910389,52973,SKU-15564,Sports,2,22.87,45.74
910390,52974,SKU-49631,Electronics,1,32.32,32.32
910391,52974,SKU-71979,Grocery,1,19.46,19.46
910392,52974,SKU-69676,Apparel,2,7.65,15.3
910393,52974,SKU-66481,Sports,2,25.65,51.3
910394,52975,SKU-73418,Home,1,11.81,11.81
910395,52975,SKU-92270,Apparel,3,14.92,44.76
910396,52975,SKU-35064,Home,2,54.69,109.38
910397,52975,SKU-90534,Sports,1,16.17,16.17
910398,52976,SKU-26710,Electronics,3,18.56,55.68
910399,52976,SKU-98750,Sports,2,7.38,14.76
910400,52976,SKU-23915,Apparel,1,13.19,13.19
910401,52976,SKU-55891,Sports,2,58.66,117.32
910402,52976,SKU-41190,Grocery,1,5.8,5.8
910403,52977,SKU-90272,Electronics,1,7.57,7.57
910404,52978,SKU-29479,Electronics,1,32.55,32.55
910405,52978,SKU-86111,Home,3,20.94,62.82
910406,52978,SKU-31414,Electronics,1,43.88,43.88
910407,52979,SKU-46287,Electronics,1,30.97,30.97
910408,52979,SKU-44717,Electronics,4,48.93,195.72
910409,52979,SKU-64203,Electronics,2,18.34,36.68
910410,52980,SKU-38628,Apparel,3,39.47,118.41
910411,52980,SKU-49700,Grocery,1,78.64,78.64
910412,52980,SKU-69980,Home,3,13.26,39.78
910413,52981,SKU-31777,Grocery,1,55.92,55.92
910414,52981,SKU-12091,Sports,1,20.07,20.07
910415,52981,SKU-26114,Home,1,30.81,30.81
910416,52981,SKU-64682,Grocery,1,7.72,7.72
910417,52981,SKU-44538,Grocery,2,13.06,26.12
910418,52981,SKU-84883,Grocery,1,16.36,16.36
910419,52982,SKU-86886,Home,2,33.43,66.86
910420,52983,SKU-23214,Grocery,2,26.51,53.02
910421,52983,SKU-81480,Home,1,40.87,40.87
910422,52983,SKU-62845,Grocery,2,29.91,59.82
910423,52984,SKU-77001,Home,4,24.91,99.64
910424,52984,SKU-25288,Grocery,4,30.66,122.64
910425,52984,SKU-34658,Electronics,1,30.31,30.31
910426,52984,SKU-96129,Sports,1,20.05,20.05
910427,52984,SKU-78110,Grocery,2,20.47,40.94
910428,52984,SKU-58909,Apparel,2,14.95,29.9
910429,52985,SKU-31350,Electronics,2,21.89,43.78
910430,52985,SKU-72001,Sports,1,14.21,14.21
910431,52985,SKU-80053,Home,3,14.4,43.2
910432,52985,SKU-16677,Home,2,19.94,39.88
910433,52985,SKU-22063,Grocery,3,34.94,104.82
910434,52986,SKU-86070,Grocery,1,14.2,14.2
910435,52986,SKU-38083,Grocery,1,22.65,22.65
910436,52987,SKU-74475,Home,2,14.05,28.1
910437,52987,SKU-96371,Home,1,29.08,29.08
910438,52987,SKU-49117,Sports,4,13.52,54.08
910439,52987,SKU-70978,Sports,4,36.44,145.76
910440,52987,SKU-65169,Apparel,2,17.15,34.3
910441,52987,SKU-47034,Home,2,7.19,14.38
910442,52988,SKU-14652,Grocery,3,80.36,241.08
910443,52988,SKU-22222,Home,2,19.69,39.38
910444,52989,SKU-45410,Apparel,1,39.18,39.18
910445,52989,SKU-71430,Apparel,4,20.69,82.76
910446,52989,SKU-39637,Grocery,3,9.18,27.54
910447,52989,SKU-88014,Sports,2,20.74,41.48
910448,52989,SKU-29177,Electronics,1,10.59,10.59
910449,52989,SKU-82974,Home,4,11.0,44.0
910450,52990,SKU-58546,Electronics,1,25.81,25.81
910451,52990,SKU-47298,Electronics,1,65.34,65.34
910452,52990,SKU-29959,Grocery,3,20.48,61.44
910453,52990,SKU-15253,Sports,1,37.05,37.05
910454,52991,SKU-52202,Home,4,25.5,102.0
910455,52991,SKU-29566,Electronics,1,23.48,23.48
910456,52991,SKU-22039,Electronics,4,26.19,104.76
910457,52991,SKU-70596,Apparel,1,13.77,13.77
910458,52992,SKU-63139,Electronics,3,31.98,95.94
910459,52992,SKU-59496,Sports,2,47.63,95.26
910460,52993,SKU-70554,Home,4,24.75,99.0
910461,52993,SKU-92085,Sports,2,16.86,33.72
910462,52994,SKU-17668,Apparel,3,37.54,112.62
910463,52994,SKU-41795,Grocery,3,18.73,56.19
910464,52994,SKU-91691,Home,1,25.37,25.37
910465,52994,SKU-47483,Electronics,4,67.24,268.96
910466,52995,SKU-53077,Home,1,9.55,9.55
910467,52995,SKU-22428,Apparel,3,17.65,52.95
910468,52995,SKU-52667,Electronics,1,32.03,32.03
910469,52995,SKU-94381,Apparel,2,26.58,53.16
910470,52995,SKU-68488,Electronics,1,64.67,64.67
910471,52995,SKU-34113,Electronics,3,102.23,306.69
910472,52996,SKU-89408,Electronics,3,55.84,167.52
910473,52996,SKU-63450,Electronics,2,71.12,142.24
910474,52996,SKU-78910,Apparel,4,18.01,72.04
910475,52996,SKU-80893,Electronics,4,24.96,99.84
910476,52997,SKU-55121,Apparel,2,82.0,164.0
910477,52997,SKU-58040,Apparel,2,10.52,21.04
910478,52997,SKU-37718,Apparel,1,76.07,76.07
910479,52998,SKU-64395,Sports,4,13.49,53.96
910480,52998,SKU-19570,Electronics,2,29.61,59.22
910481,52998,SKU-40332,Home,1,12.81,12.81
910482,52998,SKU-14021,Electronics,3,40.62,121.86
910483,52998,SKU-55219,Home,1,34.46,34.46
910484,52998,SKU-96328,Sports,4,20.98,83.92
910485,52999,SKU-96188,Electronics,4,63.73,254.92
910486,53000,SKU-91138,Grocery,3,13.5,40.5
910487,53000,SKU-95285,Sports,4,37.94,151.76
910488,53000,SKU-33871,Apparel,4,18.12,72.48
910489,53000,SKU-72224,Electronics,4,12.57,50.28
910490,53001,SKU-62654,Electronics,1,23.42,23.42
910491,53001,SKU-12606,Apparel,3,18.83,56.49
910492,53001,SKU-85471,Apparel,2,22.14,44.28
910493,53001,SKU-10207,Electronics,2,30.17,60.34
910494,53002,SKU-47418,Sports,2,30.41,60.82
910495,53003,SKU-58461,Home,4,19.18,76.72
910496,53003,SKU-58233,Sports,3,53.26,159.78
910497,53003,SKU-42384,Electronics,4,15.93,63.72
910498,53003,SKU-33483,Electronics,4,16.04,64.16
910499,53003,SKU-11158,Grocery,4,82.06,328.24
910500,53003,SKU-98260,Grocery,3,20.03,60.09
910501,53004,SKU-72007,Grocery,2,22.47,44.94
910502,53004,SKU-10655,Sports,1,31.23,31.23
910503,53004,SKU-23245,Electronics,2,53.93,107.86
910504,53005,SKU-26754,Home,1,14.62,14.62
910505,53006,SKU-25488,Apparel,2,45.23,90.46
910506,53007,SKU-64696,Grocery,1,30.73,30.73
910507,53008,SKU-96072,Grocery,1,8.49,8.49
910508,53008,SKU-54099,Apparel,3,71.67,215.01
910509,53008,SKU-83880,Grocery,1,107.62,107.62
910510,53009,SKU-90971,Sports,4,6.24,24.96
910511,53009,SKU-47237,Apparel,2,16.95,33.9
910512,53009,SKU-32697,Apparel,4,18.33,73.32
910513,53009,SKU-22803,Apparel,2,34.66,69.32
