patient_id,full_name,national_id,email,age,bmi,blood_group,admitted_on,readmitted,notes
100000,Ms Andrea Horton,ZZ186229T,abutler@example.org,52,,A+,2025-03-02,0,Pariatur ipsum necessitatibus minus exercitationem assumenda quia quo ipsa quo repudiandae porro repellat vitae.
100001,Sara Green,ZZ631405T,russellhowe@example.org,57,40.9,A+,2025-06-22,0,Dicta repellat vel nemo praesentium similique.
100002,Matthew Walker,ZZ300443T,ibutcher@example.net,47,39.1,B+,2025-01-14,0,
100003,Karen Hopkins,ZZ 47 12 57 T,hjackson@example.org,36,,O+,2025-01-09,0,Qui delectus reiciendis non quisquam nulla voluptates possimus iure nihil necessitatibus.
100004,Mrs Alice Green,ZZ954281T,albertmarshall@example.net,44,31.4,A+,2025-05-19,0,
100005,Mrs Kim Harvey,ZZ 07 71 59 T,eleanorwatkins@example.net,34,27.7,A+,2025-10-15,0,
100006,Vanessa Johnson,ZZ176738T,lyonsmohammad@example.com,53,27.6,O+,2025-07-20,0,
100007,Carly Grant,ZZ051494T,sgraham@example.com,76,,O-,2025-03-01,1,
100008,Natalie Parker,ZZ 312006 T,reece48@example.org,43,19.1,O+,2025-09-22,0,
100009,Mr Jacob Burton,ZZ 45 28 21 T,danielledixon@example.com,41,33.3,AB+,2025-04-14,0,
100010,Darren Tyler,ZZ 495625 T,maypauline@example.org,61,26.7,O+,2025-04-22,0,Quam itaque id dolorem corrupti iusto odit autem labore cupiditate nobis.
100011,Maurice Farrell,ZZ352854T,slowe@example.net,58,,O+,2025-06-07,1,
100012,Mitchell Dawson,ZZ 00 19 60 T,steven11@example.com,54,28.1,O+,2025-09-26,0,
100013,Mrs Harriet Ellis,ZZ 76 72 49 T,ebradley@example.org,35,23.0,B+,2025-07-05,0,Id necessitatibus aspernatur pariatur maiores voluptatibus labore nulla quos voluptas dolorem quaerat.
100014,Robert Hurst,ZZ 123227 T,jchan@example.com,51,28.7,O+,2025-04-20,1,
100015,Maurice Hill,ZZ 610773 T,adamburke@example.net,65,31.4,B+,2025-04-13,0,Tenetur temporibus ea autem repellat autem porro cupiditate provident amet.
100016,Dr Donald Grant,ZZ 50 09 86 T,marionstephenson@example.net,28,27.2,A+,2025-02-16,0,
100017,Jeremy Hodgson,ZZ 41 08 65 T,francisjones@example.com,44,29.9,A+,2025-05-13,1,Harum iure est dolorem esse earum deleniti.
100018,Mr Damien Porter,ZZ 70 22 64 T,griffithsmarcus@example.net,18,,O-,2025-10-20,0,
100019,Carly Hodgson,ZZ 79 59 37 T,natashabaker@example.com,29,14.2,O+,2025-07-08,0,Odit adipisci fugiat praesentium molestias veniam ratione.
100020,Ronald Elliott,ZZ 85 87 68 T,watsonmarilyn@example.org,19,,AB+,2025-04-29,0,Voluptatem exercitationem tenetur a reiciendis assumenda.
100021,Katy Robinson-Hardy,ZZ 269910 T,heather23@example.net,48,,O-,2025-05-18,0,
100022,Ms Kerry Wyatt,ZZ 594996 T,amberlewis@example.net,29,27.9,O+,2025-02-27,0,Enim iste suscipit repellat harum pariatur adipisci.
100023,Rhys Thomas,ZZ724580T,abrowne@example.org,57,27.4,A+,2025-03-27,0,Similique quas impedit voluptatem magnam optio.
100024,Ian Miller,ZZ 37 12 95 T,shannonward@example.com,55,33.2,B+,2025-06-24,0,
100025,Charles Cook,ZZ 965839 T,prestongillian@example.org,49,24.3,B+,2025-05-04,0,
100026,Dr Leah Roberts,ZZ641323T,charlottesmith@example.org,7,22.8,A+,2025-01-08,0,Iste mollitia expedita enim magni voluptate animi.
100027,Joanne Curtis,ZZ 134138 T,geoffrey23@example.net,42,25.9,AB+,2025-04-26,0,
100028,Damien Adams,ZZ 473873 T,barbarathompson@example.com,51,34.1,O+,2025-06-09,0,Soluta ut amet nisi quam exercitationem repellat.
100029,Diana Gordon,ZZ 918991 T,yturnbull@example.org,54,18.7,A+,2025-03-29,0,
100030,Maurice Fuller,ZZ172888T,carlwhite@example.com,24,34.2,A+,2025-06-01,0,Totam atque expedita perferendis commodi tempore praesentium.
100031,Lorraine Shah-Ward,ZZ 181768 T,clementspamela@example.org,43,23.2,A+,2025-06-30,0,
100032,Edward Thompson,ZZ 39 71 25 T,banksmary@example.org,34,20.4,O+,2025-03-28,0,Quasi corrupti quam dolorem rem asperiores.
100033,Mandy Howard,ZZ 063050 T,stuartwilson@example.org,37,34.6,AB+,2025-06-03,0,Similique ad cum totam reprehenderit eos reiciendis.
100034,Dr Gary Hicks,ZZ 93 74 12 T,nicholas16@example.net,71,,A+,2025-04-07,0,Doloribus dolorem vel doloremque incidunt numquam nulla dolor cupiditate fugiat dolor minus quasi.
100035,Dr Rachael Francis,ZZ193915T,nigel08@example.org,37,,A+,2025-05-04,0,
100036,Marc Parry,ZZ 55 04 13 T,joneskatie@example.com,51,24.8,O+,2025-06-03,0,
100037,Alexandra Taylor,ZZ885709T,burkehollie@example.org,68,,O+,2025-08-01,0,Earum voluptatem consequatur tempore maiores maiores delectus.
100038,Lindsey Allan-Evans,ZZ158591T,matthewstom@example.org,41,34.2,O+,2025-01-22,0,Molestiae voluptas tempore laborum esse labore dicta iure sed blanditiis quia itaque.
100039,Ms Sharon Barlow,ZZ 34 53 70 T,marcuswright@example.net,50,24.4,AB+,2025-09-01,0,
100040,Megan Slater,ZZ 710711 T,morganjay@example.org,54,,O-,2025-08-15,0,Praesentium ducimus quidem voluptatum nulla facilis ipsa possimus.
100041,José Álvarez,ZZ228462T,pandrews@example.net,53,31.3,A-,2025-07-14,0,Architecto sint inventore cupiditate aut minima expedita magnam autem explicabo magnam assumenda.
100042,Holly Bird,ZZ 484700 T,niqbal@example.net,30,23.1,B+,2025-02-27,0,Fugiat fugiat porro nobis libero assumenda ullam est illum explicabo odio veniam.
100043,Anna Wilkinson,ZZ278700T,christophermorrison@example.net,53,,A+,2025-04-13,0,
100044,Lawrence Newton,ZZ 29 96 72 T,haywardmartin@example.org,76,26.8,A+,2025-08-11,1,Assumenda optio suscipit eum quibusdam minima.
100045,Beth Taylor,ZZ 763981 T,marion43@example.org,24,23.8,O+,2025-10-08,0,
100046,Toby Davies,ZZ583429T,jamesshane@example.net,67,,A-,2025-10-21,1,
100047,Carole Lyons,ZZ 032575 T,farrelldominic@example.net,54,27.4,A+,2025-02-01,0,
100048,Dr Joe Matthews,ZZ 765505 T,hvaughan@example.org,40,27.2,O+,2025-07-24,0,Quia odio aliquam ad quaerat sed.
100049,Jodie Thomson,ZZ 753037 T,spencerantony@example.net,88,,O+,2025-08-30,1,
100050,Barbara Townsend,ZZ 022464 T,hooperkenneth@example.com,66,24.4,O+,2025-08-13,0,Illum deserunt impedit consequuntur sunt ad impedit.
100051,Beverley Marsden,ZZ 84 59 98 T,gemma86@example.com,30,33.7,A+,2025-05-07,0,
100052,Mrs Jane Savage,ZZ 208136 T,lrobson@example.org,53,,A+,2025-08-02,0,
100053,Sara Spencer,ZZ 915432 T,armstrongkevin@example.com,62,32.3,A+,2025-04-30,1,
100054,Mrs Deborah Cameron,ZZ 145583 T,yhall@example.net,49,34.2,A+,2025-02-11,0,
100055,Roy Bray,ZZ865055T,lfarrell@example.com,64,,O+,2025-09-10,0,Commodi neque eius quidem architecto perspiciatis ducimus vero eveniet pariatur.
100056,Debra Foster-Jones,ZZ853352T,jbrown@example.org,51,40.6,O+,2025-02-12,0,Doloremque natus eligendi sit omnis maiores.
100057,June Turner,ZZ 30 76 76 T,terry89@example.com,64,,B+,2025-07-16,0,Fugit dicta tempora optio expedita asperiores officiis animi dolores aliquid cupiditate.
100058,Björn Müller,ZZ 429124 T,fwalker@example.com,78,31.9,O+,2025-04-24,1,
100059,Rachel Warner,ZZ 449851 T,smithdenise@example.org,40,25.1,A-,2025-10-20,0,
100060,Miss Marilyn Norton,ZZ 91 92 49 T,emmamiller@example.com,56,,A+,2025-04-19,1,Tempore repellat quisquam distinctio veritatis odit adipisci voluptatem praesentium delectus tempora.
100061,Jayne Brown,ZZ756175T,susanmills@example.org,44,,O-,2025-09-21,0,Tenetur aliquam quaerat illum laudantium ullam omnis consectetur sequi molestiae ratione animi voluptatibus.
100062,Jeremy Lane,ZZ 44 80 24 T,josephine53@example.com,54,,O+,2025-03-31,0,
100063,James Reed,ZZ 03 06 73 T,grantbrenda@example.org,31,21.2,B+,2025-02-04,0,Provident tenetur nemo nisi nesciunt similique at.
100064,Sian Taylor-Booth,ZZ 481330 T,baxterjosephine@example.com,42,,B+,2025-04-28,0,
100065,Jayne Owen-Thompson,ZZ 90 11 95 T,amber74@example.net,48,31.7,O+,2025-05-31,0,Consequuntur blanditiis blanditiis quidem asperiores voluptates eligendi.
100066,Mr Vincent Henderson,ZZ 203480 T,shaun65@example.org,68,31.4,O+,2025-10-27,0,Nisi minus cum doloremque assumenda beatae hic eos natus repudiandae eaque tempora rerum.
100067,Roger Woods,ZZ 503550 T,daviesfiona@example.org,73,26.6,O+,2025-08-19,1,Tempore ab iusto eius repellendus officiis libero neque.
100068,Lewis Forster,ZZ 769520 T,brennandouglas@example.org,28,29.7,A+,2025-05-06,0,Sint sint asperiores ad similique fugiat exercitationem praesentium minus eveniet.
100069,Dr Geoffrey Ryan,ZZ019579T,ruth97@example.com,38,30.9,O+,2025-01-25,0,
100070,Antony Elliott,ZZ470059T,hjones@example.com,64,26.5,A+,2025-04-23,0,Laudantium magnam eaque blanditiis in repellat.
100071,Olivia Jones,ZZ 506952 T,ryan70@example.com,16,33.2,A+,2025-06-12,0,
100072,Rita Butler,ZZ 02 32 81 T,wmetcalfe@example.org,44,13.4,O+,2025-05-21,0,Error laborum ipsum saepe nulla mollitia maiores tempora explicabo.
100073,Dr Melanie Nolan,ZZ565898T,johnsonnatasha@example.net,50,30.8,A-,2025-10-25,0,
100074,Mrs Natalie Warner,ZZ 99 53 94 T,pevans@example.org,75,20.8,A-,2025-03-29,0,
100075,Nigel Haynes,ZZ 704878 T,dickinsonkaren@example.net,64,32.8,A+,2025-03-13,0,
100076,Graeme Robinson,ZZ588424T,panderson@example.net,46,25.6,A+,2025-03-28,0,
100077,David Jones,ZZ 87 15 23 T,fowleralison@example.net,45,21.7,O+,2025-02-05,0,Voluptatem ipsum corrupti soluta ea cum sed quas dolorum dolorum ad eveniet nulla illo.
100078,Kyle Roberts,ZZ109210T,fostersamuel@example.com,47,,O+,2025-02-07,0,Aut vero nemo laudantium animi tenetur doloribus.
100079,Joyce Baldwin,ZZ 838249 T,daviescraig@example.net,79,21.5,O+,2025-03-28,0,
100080,Ms Marilyn Gregory,ZZ222805T,alexcole@example.net,44,,B+,2025-03-07,0,Maiores id ipsum fuga cumque commodi quas odio.
100081,Miss Tracey Roberts,ZZ 377356 T,phillipsvictoria@example.com,47,17.6,B+,2025-04-14,0,Maiores deserunt totam minus itaque ea fugiat voluptatem illo rem commodi nobis earum.
100082,Joe Hall-Reid,ZZ350101T,justintaylor@example.net,58,26.8,O+,2025-08-14,0,
100083,Tracy Thompson,ZZ 650396 T,thomas11@example.net,50,30.0,O+,2025-03-27,0,Hic ducimus tempora odio quam minima quae vero qui voluptas expedita error.
100084,Lauren Hayes,ZZ630404T,ghawkins@example.net,48,,O+,2025-08-30,0,Rerum suscipit ipsa impedit veniam dicta cumque cupiditate esse in.
100085,Toby Lane,ZZ 633535 T,justin52@example.com,32,26.1,B+,2025-05-10,0,Repellat veniam reprehenderit et blanditiis ipsam perspiciatis ipsa ut ut.
100086,Dr Hugh Cross,ZZ447392T,wheelerleah@example.org,52,33.3,O-,2025-02-14,0,
100087,José Álvarez,ZZ424415T,stuarttucker@example.net,44,,O-,2025-09-08,0,Officiis animi maiores laborum quod sed recusandae suscipit earum iste quo assumenda consequuntur.
100088,Linda Roberts,ZZ 73 25 99 T,fhudson@example.org,73,26.4,A-,2025-03-12,0,
100089,Victor Webb-Morris,ZZ390350T,geraldine28@example.net,64,30.4,AB+,2025-06-05,0,
100090,Marion Fleming,ZZ262401T,valeriehenderson@example.com,52,,A+,2025-01-01,1,
100091,Bethany Day,ZZ 02 42 85 T,carolyn37@example.net,64,25.0,O+,2025-06-26,0,
100092,Donna Knight,ZZ 27 61 65 T,emily48@example.org,46,,B+,2025-08-03,0,In cumque amet at a perferendis aliquid laboriosam suscipit nostrum esse.
100093,Dr Callum Dunn,ZZ 650933 T,charlesdoyle@example.com,71,26.0,A+,2025-02-02,1,Molestiae nihil minima expedita delectus minima impedit harum voluptatibus cumque at.
100094,Mr Robert Walker,ZZ 002893 T,rrice@example.com,52,27.5,,2025-05-13,0,Possimus libero qui quod ipsum distinctio aliquam possimus facilis enim assumenda debitis.
100095,Dr Joyce Jackson,ZZ 610051 T,phillipsheather@example.com,63,,A+,2025-01-20,0,Iusto sed sapiente dolorum dolorem suscipit dolores nisi vel.
100096,Rhys Mason,ZZ 17 28 60 T,hopkinsdanielle@example.org,29,33.2,A+,2025-07-13,0,Earum at in ut omnis eligendi porro harum dignissimos modi nostrum.
100097,Gary Kent,ZZ 38 28 81 T,anthony96@example.com,58,24.6,O+,2025-10-13,0,
100098,Conor Brown,ZZ 571533 T,zoejackson@example.org,22,29.8,A+,2025-07-24,0,Repudiandae ipsam delectus laborum molestiae quidem quia molestias debitis itaque.
100099,George Jenkins,ZZ 142044 T,tclarke@example.com,15,22.0,O+,2025-04-15,0,Quas dolor dolore facere fuga error quaerat fugit.
100100,Mr Nicholas Dale,ZZ 03 80 68 T,pearcedenise@example.net,47,29.2,A+,2025-07-27,0,
100101,Darren Humphreys,ZZ405078T,yhughes@example.net,36,29.3,AB+,2025-10-12,0,
100102,Dr Michelle Young,ZZ856466T,daviesmargaret@example.org,55,24.5,A+,2025-06-12,0,
100103,Catherine Bates,ZZ866266T,natasha15@example.org,92,39.1,O+,2025-04-11,1,Culpa ea aut deleniti harum quaerat totam nihil corporis fugiat corporis eius nemo.
100104,Carol Buckley,ZZ203984T,sdavis@example.com,37,,B+,2025-02-16,0,
100105,Stephen Carter,ZZ 963311 T,hortonrachael@example.net,41,,O+,2025-07-11,0,Aliquid alias quos delectus in officiis perferendis enim.
100106,Melissa Rose,ZZ 006857 T,billy83@example.com,56,32.8,A+,2025-10-14,0,
100107,Leon Lewis,ZZ 579077 T,craiglinda@example.net,61,23.0,A+,2025-07-18,0,
100108,José Álvarez,ZZ 598636 T,milleralexandra@example.net,49,24.7,O+,2025-10-02,0,
100109,Howard Howarth,ZZ168495T,wendy68@example.net,48,29.6,A+,2025-01-27,0,
100110,Elliot Hawkins-Hewitt,ZZ 83 94 47 T,wrees@example.org,65,,A+,2025-02-05,0,
100111,Heather Lawrence-Howell,ZZ 589793 T,eleanorlong@example.net,61,27.3,O+,2025-01-22,1,Error voluptate dicta deserunt sed corporis.
100112,Brian Fletcher,ZZ 18 58 38 T,francis05@example.org,33,,O+,2025-09-29,0,Architecto deleniti omnis cupiditate ipsa corrupti at laborum molestiae sed a explicabo.
100113,Dr Sally Ford,ZZ 53 22 72 T,martyn98@example.org,51,,A+,2025-05-13,0,
100114,Shirley Ford,ZZ 056561 T,gibsongregory@example.org,53,,O+,2025-07-10,0,Mollitia quis ex voluptatibus qui atque provident alias expedita nisi maxime autem sapiente.
100115,Derek Leonard,ZZ246155T,andrewsnorman@example.com,33,13.7,O+,2025-02-08,0,
100116,Mr Danny Knowles,ZZ 884714 T,lee93@example.org,57,29.2,A+,2025-01-10,0,
100117,Hayley Young,ZZ471772T,janetfleming@example.com,37,22.6,A+,2025-03-30,0,
100118,李 伟,ZZ 202578 T,kerry58@example.com,69,22.7,A+,2025-09-01,0,Reiciendis placeat ipsam illum deleniti doloribus voluptatum nesciunt illo.
100119,Andrea Young,ZZ 395856 T,johnfitzgerald@example.net,55,25.7,O-,2025-02-28,0,
100120,Charlene Lee,ZZ083094T,hughesroy@example.net,54,28.6,A+,2025-09-06,0,Accusamus itaque itaque accusamus corrupti libero labore esse amet eum expedita aut nobis.
100121,Lindsey Williams,ZZ 92 48 45 T,donna70@example.org,41,18.4,O+,2025-04-04,0,
100122,Đặng Thu Hà,ZZ347187T,benjaminnewton@example.net,50,16.5,A+,2025-08-08,0,Optio dolore repellendus quidem laborum unde aliquid tenetur facere.
100123,Eleanor Newton,ZZ 32 64 95 T,callumcarter@example.com,16,20.6,B+,2025-05-17,0,
100124,Justin Brown-Naylor,ZZ 76 50 46 T,owenedwards@example.net,32,14.7,AB+,2025-04-07,0,Earum iure doloribus nihil provident nemo nesciunt est veritatis.
100125,Jay Brown,ZZ945369T,zwest@example.net,59,21.2,A+,2025-04-04,0,Nostrum dolor iure aliquid voluptatibus eum.
100126,Miss Molly Hunt,ZZ 93 95 13 T,declanrees@example.com,14,36.5,AB+,2025-03-30,0,
100127,Pauline Page,ZZ117668T,gregoryjones@example.net,67,20.7,B+,2025-04-11,0,Magni nisi dolorum velit quas facilis facere accusantium sapiente incidunt.
100128,Patricia Phillips,ZZ701997T,barnettgillian@example.com,21,30.9,A+,2025-06-01,0,Molestiae commodi vel nemo nulla ea corrupti.
100129,Katie Dixon,ZZ667217T,whiteheadclive@example.com,66,18.8,O-,2025-05-26,0,
100130,Kirsty Baker,ZZ728033T,eowen@example.net,37,28.8,A+,2025-07-19,0,Dignissimos commodi facilis fugit reiciendis dolores excepturi quia dignissimos.
100131,Callum Stevenson,ZZ804856T,harrietgregory@example.net,66,25.1,B+,2025-07-24,0,
100132,Douglas Tyler,ZZ113190T,jlittle@example.com,54,26.6,A+,2025-04-26,0,
100133,Ben Archer-Tomlinson,ZZ 71 39 70 T,nwatkins@example.org,24,30.4,O+,2025-01-13,0,Quo ea suscipit a velit cumque sed cum maiores.
100134,George Field-Ford,ZZ 357086 T,robertsann@example.org,74,,O+,2025-06-10,1,Magni temporibus cupiditate iure ipsum fugiat delectus fugit molestiae deserunt eum.
100135,Ellie Nicholson,ZZ 260255 T,milesashley@example.net,78,28.2,O-,2025-10-27,0,Dicta deleniti natus totam voluptatibus possimus beatae doloremque vitae voluptate nemo nisi.
100136,Patricia Jenkins-Morton,ZZ 80 28 48 T,stewartgeorgina@example.org,51,27.7,AB+,2025-10-02,0,Officiis tenetur ipsum eveniet inventore minima.
100137,Helen Price-Cook,ZZ156448T,stephanie61@example.com,47,,O+,2025-05-10,0,Quaerat id minus dolorem occaecati laboriosam a quidem.
100138,Gavin Bennett,ZZ860443T,uedwards@example.com,49,30.5,A+,2025-10-05,0,
100139,Dorothy Clarke-Hill,ZZ684432T,benjamin83@example.net,34,25.5,,2025-10-04,0,Corrupti facere hic blanditiis magni et sunt inventore amet ut eligendi illo accusamus.
100140,José Álvarez,ZZ 38 57 79 T,lorrainepreston@example.org,72,32.0,O+,2025-04-20,1,Officiis nobis tenetur quod pariatur molestias suscipit nobis porro est autem.
100141,Jessica Farrell-Begum,ZZ 55 37 80 T,simon55@example.org,42,26.7,A-,2025-01-03,0,Incidunt molestiae repudiandae ipsa vero error perferendis fuga eos nisi veritatis animi autem.
100142,Carl Hill,ZZ 508169 T,ann35@example.net,51,37.4,B+,2025-06-18,0,Laudantium minus et perferendis ipsam reprehenderit perspiciatis ea rerum adipisci doloremque adipisci.
100143,Donna Williams,ZZ043743T,whiteaimee@example.com,38,15.1,O+,2025-01-18,0,Modi sapiente voluptatibus at tempore accusantium praesentium.
100144,Craig Dixon,ZZ 399767 T,vwoods@example.com,41,25.2,O+,2025-08-16,0,
100145,Mr Malcolm Sims,ZZ 30 26 10 T,carolinejackson@example.com,29,,B+,2025-01-30,0,Et accusantium occaecati magnam aspernatur adipisci consectetur voluptatum temporibus.
100146,José Álvarez,ZZ 19 72 08 T,soliver@example.org,75,24.9,A+,2025-02-20,0,
100147,Molly Jones,ZZ 273438 T,llane@example.net,49,,AB+,2025-10-01,0,
100148,Alexander Slater,ZZ 23 81 71 T,irenemitchell@example.org,69,25.4,B+,2025-06-20,0,In eius quia dolorem reiciendis numquam quibusdam odio praesentium eaque minima quaerat accusamus.
100149,Robin Lynch,ZZ 10 63 47 T,duncanlee@example.com,52,,O+,2025-05-04,0,
100150,Dominic Morgan,ZZ 620202 T,bethrichardson@example.net,40,,B+,2025-02-09,0,Quisquam totam voluptatibus minima accusamus quis voluptate in nisi.
100151,Beth Stevens-Wilson,ZZ439582T,jake17@example.com,46,41.6,,2025-09-11,0,
100152,Lindsey Briggs,ZZ458323T,xcox@example.com,42,,A+,2025-05-30,0,
100153,Nicole Scott,ZZ056243T,connor11@example.com,52,20.3,O+,2025-07-28,0,Qui ex quidem culpa ullam enim rerum incidunt repudiandae ipsum repellat incidunt.
100154,Emily Brown,ZZ 813722 T,taylorkaren@example.com,45,,A+,2025-01-15,0,Nulla maxime quibusdam iste provident fuga.
100155,Björn Müller,ZZ561051T,sally40@example.org,47,24.6,A+,2025-01-27,0,
100156,Patricia King,ZZ 388147 T,garyholmes@example.net,27,,O+,2025-07-27,0,Officiis minus odio optio id ab facilis.
100157,Miss Abbie Smith,ZZ071374T,karenhunt@example.com,37,22.1,AB+,2025-04-19,0,
100158,Gemma Nicholls-Fraser,ZZ998132T,annjennings@example.org,82,22.9,A+,2025-08-20,1,Voluptatum blanditiis aperiam nisi dolorem dolorem voluptatum minus eos facilis dolorem dolorum.
100159,David Smith,ZZ439409T,karencameron@example.net,40,32.3,O+,2025-04-10,0,
100160,Miss Lesley Hancock,ZZ 105324 T,jasmine56@example.org,33,,,2025-03-24,0,
100161,Gillian Evans-Winter,ZZ 25 57 73 T,qjackson@example.net,58,,AB+,2025-05-16,0,
100162,Mrs Jenna White,ZZ521418T,hrobertson@example.com,77,,O-,2025-02-03,1,Dolores quos reiciendis eveniet pariatur laboriosam.
100163,Aisha Þórsdóttir,ZZ181296T,xallen@example.com,26,17.7,B+,2025-08-15,0,Cumque soluta est atque corrupti dignissimos.
100164,Mr Jordan Pritchard,ZZ000891T,luke13@example.net,48,22.8,O+,2025-07-06,0,Quae molestias voluptatum praesentium minus blanditiis iusto.
100165,Rachel Matthews,ZZ269515T,suzannemoran@example.org,41,13.6,O+,2025-01-26,0,
100166,Lynn Brown,ZZ 252150 T,bryanzoe@example.net,20,31.5,O+,2025-10-07,0,Iure dignissimos et excepturi dolorum recusandae at harum quasi alias vitae.
100167,Vanessa Barnes-Grant,ZZ 742411 T,nicolaskinner@example.com,65,23.2,O+,2025-10-05,0,Vel perferendis voluptas eum delectus culpa iste amet voluptatibus consequuntur optio dolores perspiciatis.
100168,Martin Moss,ZZ 12 74 88 T,anthonybarnes@example.net,52,29.9,O+,2025-07-28,0,
100169,Joel McCarthy-Rose,ZZ 57 32 98 T,ryanlewis@example.net,53,38.2,A+,2025-05-23,0,
100170,Keith Abbott,ZZ 84 53 46 T,gevans@example.com,38,34.0,A+,2025-05-18,0,Asperiores velit vitae ducimus reiciendis qui temporibus tenetur impedit facilis quisquam occaecati.
100171,Danny Daly,ZZ 323883 T,deborah80@example.com,60,20.1,O+,2025-04-20,0,Quasi totam quod error animi laboriosam ex.
100172,Dr Bruce Cartwright,ZZ 01 07 93 T,coopercarolyn@example.net,42,32.2,B+,2025-06-30,0,Temporibus modi quo quas maxime ipsam veritatis reiciendis necessitatibus voluptates corrupti.
100173,Marian Mitchell,ZZ 312240 T,samuel42@example.net,49,33.9,O+,2025-07-29,0,
100174,John Mason,ZZ698149T,dbegum@example.net,32,22.5,A+,2025-09-17,0,Velit saepe veritatis libero libero aperiam.
100175,Maurice Andrews,ZZ 19 33 39 T,sheilarhodes@example.net,30,21.3,AB+,2025-03-24,0,
100176,Geoffrey Cunningham,ZZ 031951 T,annalowe@example.com,76,26.3,A+,2025-08-28,1,In debitis id aperiam provident voluptas.
100177,Mary Todd,ZZ 39 24 51 T,leeross@example.net,43,17.4,O-,2025-08-02,0,Sed voluptates cupiditate rem vero perferendis tempora dicta sit expedita est illum.
100178,Paige Lee,ZZ920566T,scottkaty@example.com,57,35.8,B+,2025-07-15,0,
100179,Peter Johnson,ZZ 13 28 22 T,jamesbolton@example.com,51,13.0,O+,2025-05-05,0,Debitis aliquam aspernatur consectetur in occaecati.
100180,Vincent Davies,ZZ233351T,stevensalice@example.org,44,20.4,,2025-10-13,0,
100181,Wayne Harper,ZZ 70 78 51 T,adrianstevenson@example.org,43,,AB+,2025-05-24,0,
100182,Mr Tony Bartlett,ZZ 130561 T,slloyd@example.com,63,25.6,A+,2025-04-30,0,
100183,Lydia Carey,ZZ 592772 T,janetmarshall@example.net,47,,A+,2025-02-26,0,Quam cumque rerum quaerat atque architecto aut.
100184,Frank Smith-Tucker,ZZ407926T,ellisbeverley@example.com,49,28.6,O+,2025-05-06,0,
100185,Elaine Elliott-Martin,ZZ849811T,zrichardson@example.com,52,25.7,A+,2025-03-02,0,Non corporis maiores mollitia quaerat explicabo impedit repellendus cumque.
100186,Victor Simpson-Hughes,ZZ333978T,elliothughes@example.org,73,33.8,O+,2025-03-28,1,Repellat quod at doloremque quibusdam rem nulla ut incidunt dolorem.
100187,Mrs Marilyn Walker,ZZ 79 06 65 T,gilesdeclan@example.net,64,14.2,O+,2025-09-16,0,Corrupti laudantium reprehenderit distinctio corporis fuga fuga sunt dolorum error modi iure.
100188,Gemma Richards-Graham,ZZ613596T,daviesbrenda@example.net,59,27.0,A+,2025-08-13,0,Voluptatum aliquam incidunt deserunt quidem eos optio.
100189,Abbie Kennedy,ZZ047901T,sbegum@example.com,42,22.7,A-,2025-06-22,0,
100190,Gail Reid-Rogers,ZZ669472T,ryanstewart@example.org,27,27.8,B+,2025-10-13,0,
100191,Joseph Brown,ZZ831567T,hbutler@example.org,69,28.3,A+,2025-05-07,0,
100192,June Phillips,ZZ 045142 T,simsmarie@example.org,69,21.5,B+,2025-04-29,0,
100193,Adam Marshall,ZZ 768313 T,macdonaldsian@example.com,49,,O+,2025-08-21,1,
100194,Duncan Harris,ZZ 062645 T,fisherkathleen@example.org,62,,B+,2025-03-06,0,Commodi odio totam iste esse iusto fugiat ut nihil.
100195,Gareth Hall,ZZ 52 35 96 T,ahall@example.org,66,29.1,B+,2025-10-01,0,Numquam sed veritatis repellendus reprehenderit nihil doloribus eos similique earum laborum molestias.
100196,Darren Turner,ZZ758932T,marshangela@example.net,67,22.9,A-,2025-01-12,0,Quibusdam aspernatur doloremque nostrum quidem facere.
100197,Oliver Webster,ZZ800213T,freemanjay@example.com,69,39.2,A+,2025-02-17,1,
100198,Jenna Brown,ZZ945188T,morrisonkerry@example.net,44,40.9,A-,2025-06-20,0,Voluptatum quisquam eum et animi doloremque sit molestias quo.
100199,Ian Perry,ZZ 624618 T,lindamorris@example.org,79,18.2,O+,2025-10-27,0,Deleniti inventore quaerat quidem cum enim voluptas occaecati delectus non dolorum.
100200,Aaron Cooper,ZZ 574454 T,edaly@example.org,30,,,2025-07-23,0,
100201,Lisa Jackson,ZZ 680775 T,albertmorrison@example.net,68,42.1,O+,2025-01-05,1,
100202,Marian Smith,ZZ 001867 T,lucyallan@example.com,61,31.7,O+,2025-09-16,0,
100203,Ms Sylvia Perry,ZZ829705T,zbrown@example.org,68,28.3,O-,2025-07-04,0,
100204,Bradley Shah,ZZ204239T,ewilliams@example.com,86,25.8,O+,2025-04-24,1,Quos qui inventore voluptate id temporibus error.
100205,Justin Barnes-Bartlett,ZZ 806294 T,nvaughan@example.com,79,23.8,A+,2025-03-21,0,
100206,Dominic Jennings,ZZ 348068 T,janice42@example.org,31,25.7,B+,2025-03-02,0,Consequuntur natus velit quisquam nihil eligendi.
100207,Grace Davies,ZZ167545T,greensusan@example.org,22,23.7,O+,2025-03-17,0,
100208,Miss Rachel Sanderson,ZZ 97 08 52 T,westonluke@example.net,67,31.5,AB+,2025-01-01,0,Totam totam dolores nesciunt incidunt aut illo rerum vitae vel tempora ad praesentium.
100209,Đặng Thu Hà,ZZ 80 24 82 T,denise52@example.net,34,,A+,2025-05-29,0,
100210,Maureen Myers,ZZ 409465 T,roy78@example.org,52,24.4,AB+,2025-04-21,0,Esse architecto fuga quos molestias tempora nulla officia incidunt saepe ipsum consequuntur dolore.
100211,Dr Darren Singh,ZZ 244739 T,clarkmaria@example.org,67,19.8,O-,2025-07-01,0,
100212,Linda Poole,ZZ761456T,robertskatie@example.com,22,26.7,A+,2025-08-12,0,Nihil aliquam impedit voluptate nemo exercitationem.
100213,Hayley Patel-Leach,ZZ674139T,lyndahill@example.com,14,,O+,2025-05-12,0,Tempora dolorum laboriosam quaerat eaque cupiditate repellat cumque quam soluta ullam minima id.
100214,Mr Jeremy Bennett,ZZ862502T,grahamcampbell@example.org,57,25.9,A+,2025-05-18,0,Sint consectetur illo alias similique suscipit laborum iure voluptas harum.
100215,Dr Peter White,ZZ878614T,hillian@example.com,53,,O+,2025-08-03,0,Architecto rerum nemo inventore facilis amet accusantium sapiente inventore.
100216,José Álvarez,ZZ568414T,gmiller@example.net,48,29.2,A+,2025-08-03,0,
100217,Catherine Coates,ZZ008945T,millerricky@example.org,53,30.0,O-,2025-10-13,0,
100218,Miss Barbara Griffin,ZZ 543181 T,esmith@example.net,37,29.1,A+,2025-06-05,0,
100219,Dr Stephen Cartwright,ZZ 614221 T,lesliejones@example.org,25,27.4,B+,2025-02-20,0,
100220,Marc Johnston,ZZ656675T,websterashleigh@example.com,49,26.2,B+,2025-06-08,0,
100221,Henry Martin,ZZ228864T,forstercallum@example.org,35,25.2,A+,2025-03-13,0,Molestiae nisi sed iste tempore provident illo nostrum error amet laborum aliquid error.
100222,Jessica McDonald,ZZ 35 16 18 T,howellswilliam@example.org,22,,A+,2025-05-28,0,
100223,Dr Cheryl Mitchell,ZZ 93 96 63 T,arthurbailey@example.org,61,20.5,O-,2025-07-02,0,
100224,Gareth Jones,ZZ 422338 T,sarahsinclair@example.net,51,35.0,A+,2025-03-02,0,Aperiam aliquid delectus veniam tempore error aliquid odio dicta tempora.
100225,Philip Thompson,ZZ 40 64 26 T,cclarke@example.net,59,27.2,A+,2025-05-04,0,Rerum fugit quam accusamus possimus ipsam voluptates quos iste provident nesciunt.
100226,Miss Jean Jordan,ZZ 419984 T,hughesdenise@example.org,34,,A+,2025-01-06,0,Quidem reiciendis officia laboriosam hic veritatis sunt amet tempore accusamus animi deleniti mollitia.
100227,Toby Smith-Lynch,ZZ 334159 T,oliviabell@example.org,40,24.1,O+,2025-04-05,0,
100228,Jodie Randall-Byrne,ZZ 50 81 15 T,ronaldbrennan@example.org,34,22.9,O+,2025-10-14,0,
100229,Sian Wade,ZZ 07 27 48 T,dominicshepherd@example.org,36,28.0,A+,2025-06-01,0,Eveniet deserunt officiis necessitatibus aliquid cum inventore at minima hic eos quibusdam.
100230,Lynda Howe,ZZ 79 89 00 T,joseph59@example.com,56,,O+,2025-06-09,0,
100231,Henry Lloyd,ZZ 717345 T,evansmitchell@example.net,38,33.9,B+,2025-07-29,0,Eum eum soluta omnis numquam voluptatem.
100232,Dr Shirley Davidson,ZZ893383T,julia36@example.net,58,22.3,B+,2025-09-24,0,
100233,Lesley Green,ZZ980320T,bradley34@example.org,58,13.4,O+,2025-09-30,0,
100234,Mrs Katherine Smith,ZZ 465141 T,juliasharp@example.com,88,22.6,A+,2025-01-03,1,Magni sed accusamus quas molestiae adipisci tempora recusandae aut vero neque odio distinctio adipisci.
100235,Ruth Howell-Brown,ZZ 166896 T,millslesley@example.net,27,14.9,A+,2025-10-10,0,Reiciendis iure quae animi doloremque id porro nulla.
100236,Dr Alex Carroll,ZZ 05 85 41 T,xdoherty@example.org,68,26.8,O+,2025-03-22,0,Necessitatibus veritatis labore officiis animi error error inventore maiores beatae porro amet.
100237,Stuart Patel,ZZ 792679 T,garrywalker@example.net,50,33.4,O+,2025-09-03,0,Dolores animi in omnis maiores sunt praesentium vitae at.
100238,Mrs Rachael White,ZZ359316T,holly32@example.org,52,30.9,O+,2025-01-30,0,Adipisci eum modi dolor accusamus blanditiis recusandae.
100239,Ms Amelia Heath,ZZ 43 18 07 T,xbowen@example.net,26,,A-,2025-04-14,0,
100240,Raymond Green,ZZ 34 38 40 T,newmanmax@example.com,44,22.4,A+,2025-04-07,0,
100241,Lorraine Matthews,ZZ 901536 T,coatesjulia@example.org,65,37.7,AB+,2025-09-23,0,
100242,Robin Watson,ZZ 84 85 29 T,wjones@example.com,51,28.9,B+,2025-04-19,0,Minus velit laudantium aut aspernatur sed itaque incidunt.
100243,Mr Philip Higgins,ZZ 554102 T,fford@example.org,53,27.0,O-,2025-08-01,0,
100244,Frank Morgan-Jones,ZZ 560715 T,arthur16@example.org,47,33.3,O-,2025-04-28,0,
100245,Lynn Begum,ZZ 25 77 15 T,nelsonconor@example.org,73,41.7,A+,2025-02-22,0,Fugit tempore odio ipsum distinctio quos ut dolores sed.
100246,Dr Francis Smith,ZZ721894T,robertsjoyce@example.org,52,34.8,,2025-08-13,0,
100247,Jade Nash,ZZ 635403 T,zbyrne@example.com,12,27.8,O+,2025-10-13,0,
100248,Maurice Griffiths,ZZ 486626 T,kerrydavies@example.com,40,29.1,B+,2025-09-11,0,Labore nemo error corrupti dolore voluptas.
100249,Dr Luke Fisher,ZZ 20 13 98 T,iweston@example.org,17,30.7,A-,2025-03-16,0,Perferendis placeat architecto optio maxime exercitationem in reprehenderit debitis ut cupiditate fuga culpa.
100250,Susan Gill,ZZ001703T,olivia25@example.net,0,23.3,O+,2025-09-06,0,
100251,Ruth Bell,ZZ 815598 T,charlene18@example.net,42,20.6,O+,2025-07-24,0,Ipsa ullam vitae veniam occaecati facere delectus.
100252,Derek Hunt,ZZ730335T,dorothyjoyce@example.com,76,27.3,A+,2025-05-29,1,
100253,Malcolm Hill,ZZ119237T,amanda35@example.com,53,21.3,O+,2025-07-28,0,
100254,Mrs Carol Bruce,ZZ997190T,hamiltonconor@example.com,31,26.6,A+,2025-06-26,0,
100255,Iain Lucas,ZZ263779T,ryanburns@example.net,35,27.6,O+,2025-09-30,0,
100256,Đặng Thu Hà,ZZ 17 96 13 T,qtaylor@example.net,72,41.0,O+,2025-03-23,1,
100257,Derek Turner,ZZ 06 93 03 T,chyde@example.net,55,21.9,A-,2025-07-19,0,
100258,Sally Berry-Young,ZZ 30 07 06 T,gail01@example.org,53,26.3,O+,2025-02-17,0,Ex praesentium excepturi iure velit perspiciatis inventore id unde magnam nisi quo.
100259,José Álvarez,ZZ 30 89 64 T,woodamy@example.org,51,26.0,B+,2025-10-22,0,
100260,Lauren Hunt,ZZ 27 07 11 T,westfrederick@example.net,53,29.6,A+,2025-04-06,0,Aperiam itaque esse omnis occaecati numquam.
100261,Victor Brookes-Brown,ZZ 28 29 85 T,carolynellis@example.net,66,33.3,A+,2025-01-18,0,Fuga repellat consequuntur magni fuga ut consequatur eum modi autem nesciunt animi.
100262,Björn Müller,ZZ 86 01 08 T,woodluke@example.org,62,,O-,2025-08-23,0,
100263,Pamela Wilson,ZZ 188999 T,holliedavis@example.org,56,22.1,A+,2025-01-12,0,Debitis possimus asperiores perferendis dolore saepe sapiente iusto.
100264,Miss Pauline Hughes,ZZ 108947 T,victornelson@example.com,33,17.2,A-,2025-02-19,0,Velit tempora officia nulla explicabo placeat consequuntur itaque.
100265,Leslie Edwards-Evans,ZZ083028T,aarongreen@example.com,61,21.4,O+,2025-02-28,0,
100266,Ms Sarah Roberts,ZZ313619T,brownsamuel@example.org,40,30.2,O+,2025-04-17,0,Minus saepe molestias quae fugiat hic delectus eligendi nemo eos corporis eum.
100267,José Álvarez,ZZ 88 51 13 T,rking@example.net,72,27.3,O+,2025-06-22,0,Ducimus veritatis fuga architecto consectetur iure.
100268,Denise Miller,ZZ 15 44 44 T,leighmorris@example.com,29,20.9,O+,2025-06-23,0,
100269,Megan Hall,ZZ 79 95 30 T,richardscharlotte@example.net,50,24.8,O+,2025-05-08,0,
100270,Stephanie Griffiths-Johnson,ZZ 10 19 38 T,iain46@example.com,52,27.2,O+,2025-09-22,0,
100271,Colin Wheeler,ZZ769931T,claytonjoan@example.net,28,30.0,B+,2025-01-25,0,Ipsum quod quam voluptatem maiores nihil quo dolorem aliquid repellat possimus.
100272,Gavin Walker,ZZ 00 26 02 T,barberlaura@example.net,83,23.4,A+,2025-02-23,0,
100273,Hilary Lane,ZZ 474244 T,ellie11@example.com,78,25.5,,2025-03-02,0,Harum asperiores suscipit asperiores suscipit doloremque provident nihil.
100274,Mrs Bethany Brown,ZZ056127T,marion96@example.com,44,16.1,O+,2025-02-18,0,Quia illum accusantium enim necessitatibus pariatur ex quasi dolorum.
100275,Steven Allan,ZZ 79 54 30 T,zclarke@example.net,66,20.1,A+,2025-06-23,1,
100276,Robert Gallagher-Power,ZZ805385T,rbird@example.org,59,36.7,O+,2025-08-12,0,
100277,Charles Hope-Turner,ZZ035182T,powellmatthew@example.org,5,13.9,O+,2025-05-01,0,Deleniti molestias pariatur ad sunt ea.
100278,Maria Bates,ZZ 05 65 51 T,geraldineevans@example.net,57,,B+,2025-05-31,0,Distinctio id est in neque dignissimos est dicta eligendi quibusdam cupiditate architecto.
100279,Marcus Morris,ZZ 172380 T,gerard47@example.org,51,,A+,2025-08-18,0,Incidunt blanditiis nemo eligendi dicta voluptatibus vel iusto rem pariatur.
100280,Denise King,ZZ 836813 T,charliekerr@example.org,53,,O+,2025-08-24,0,
100281,Miss Maria Williams,ZZ 40 46 12 T,elaine92@example.org,33,22.2,B+,2025-05-21,0,Voluptas ipsum accusantium iure explicabo totam minima vero cum fugit.
100282,Susan Ferguson,ZZ 792463 T,george21@example.net,47,26.6,A+,2025-08-08,0,
100283,Melanie Burton,ZZ401349T,carrmarilyn@example.org,49,27.0,AB+,2025-09-21,0,Doloremque a praesentium possimus consequuntur unde sint vel.
100284,Heather Robson,ZZ 921916 T,pwatts@example.net,73,26.5,B+,2025-05-19,0,
100285,Janice Evans,ZZ111801T,jamie61@example.com,58,,A+,2025-08-16,0,
100286,Dr Robin Nicholson,ZZ128178T,oneilljulie@example.org,52,26.1,O+,2025-07-23,0,Minima ea temporibus ab esse dolorem quia fuga.
100287,Frank Chapman-Henderson,ZZ 472144 T,ritaparker@example.org,80,21.9,B+,2025-05-29,1,Eveniet commodi iste assumenda corrupti minima.
100288,Lewis Turnbull,ZZ627175T,jwillis@example.net,42,23.7,O+,2025-05-29,0,Commodi beatae eos tempore repellendus illum provident hic nemo sapiente temporibus cupiditate praesentium.
100289,Frank Holland-Ali,ZZ306313T,ellie73@example.com,45,28.4,B+,2025-04-18,0,
100290,Dr Michael Patel,ZZ549031T,yarnold@example.net,19,30.8,A-,2025-09-17,0,
100291,Ryan Roberts,ZZ 29 44 20 T,benjamingoodwin@example.net,80,,B+,2025-03-06,1,
100292,Pamela Chapman,ZZ 71 06 41 T,marieanderson@example.net,69,24.0,O+,2025-03-28,0,
100293,Katy Cook,ZZ 930140 T,ricky38@example.org,69,32.5,AB+,2025-03-29,0,
100294,Zoe Andrews-Richards,ZZ255822T,hburgess@example.net,64,34.0,O+,2025-02-26,0,
100295,Beth Saunders-White,ZZ455281T,rhyshill@example.net,54,33.8,A+,2025-04-17,0,
100296,Hilary Bell,ZZ 24 60 33 T,nichollsnatasha@example.net,56,35.3,A+,2025-07-31,1,
100297,Ryan Jennings,ZZ 65 37 40 T,hwallace@example.org,47,26.1,O+,2025-04-19,0,Illo reiciendis quibusdam placeat iusto quibusdam ipsum accusamus illo nemo expedita hic.
100298,Michelle Jones,ZZ 16 53 40 T,daviestrevor@example.net,48,26.0,O-,2025-02-14,0,Omnis quod veniam aspernatur deserunt fugit veritatis.
100299,Alex Pearson,ZZ771178T,victoria54@example.com,53,32.0,O+,2025-02-23,0,Harum praesentium enim mollitia aspernatur illo nemo suscipit soluta consectetur optio.
100300,Dr Emily Murray,ZZ 716177 T,abigailhunt@example.com,79,18.8,A+,2025-05-17,1,
100301,Rebecca Roberts,ZZ 36 70 13 T,graemehyde@example.net,62,28.3,A-,2025-05-22,0,
100302,Derek West-Griffin,ZZ 45 77 35 T,sam46@example.net,51,23.8,O+,2025-04-24,0,Fugit maxime harum sit esse debitis doloribus dolorum.
100303,Terence Mills,ZZ 018373 T,robertsstanley@example.net,42,24.8,A+,2025-02-03,0,
100304,Dr Paula Leonard,ZZ 961068 T,elaineforster@example.com,41,16.6,O+,2025-05-26,0,
100305,Simon Lewis,ZZ 38 28 53 T,ddodd@example.net,81,21.7,O+,2025-09-18,0,Doloremque voluptatibus nostrum harum possimus deleniti cum eveniet.
100306,Ms Catherine Miles,ZZ 17 47 72 T,glawrence@example.com,61,26.9,,2025-05-14,0,
100307,Andrew Jones,ZZ 75 13 45 T,laurendavidson@example.org,53,32.3,B+,2025-06-15,0,
100308,Ben Walsh,ZZ 17 74 28 T,elliottcook@example.org,46,32.9,B+,2025-07-31,0,Aut voluptatibus aut in dicta voluptatem itaque iure quod.
100309,Mrs Deborah Pritchard,ZZ 80 70 83 T,thughes@example.net,32,26.5,A-,2025-01-29,0,Tempore sed eos consequatur assumenda suscipit quis qui tenetur.
100310,Kelly Glover,ZZ925265T,uwilson@example.net,51,,A+,2025-06-21,0,
100311,Owen Page,ZZ 052309 T,millspeter@example.org,68,22.0,O-,2025-04-09,0,Eum doloremque aperiam deleniti alias a beatae.
100312,Megan Daniels,ZZ173047T,arthur36@example.org,45,29.4,B+,2025-05-10,0,Eum quisquam libero animi enim vero quas est nostrum laborum quod quae.
100313,Dylan Ball,ZZ 34 59 31 T,morganhilary@example.org,48,,A+,2025-03-18,0,Eligendi culpa ad sunt voluptate voluptatem fugit porro dignissimos beatae.
100314,Sara Baker,ZZ020573T,leefrancis@example.com,48,30.6,O+,2025-02-06,0,
100315,Benjamin Marsh,ZZ 75 87 39 T,marianwright@example.org,54,37.5,O+,2025-02-16,0,
100316,Stephanie White-Phillips,ZZ 37 34 74 T,charlesgardner@example.org,23,26.8,A+,2025-07-07,0,Nam veritatis sed eius suscipit in fugiat numquam dolorum aut tempore.
100317,Danielle Ryan-Smith,ZZ 50 62 56 T,thomaslynn@example.net,48,,A+,2025-05-25,0,
100318,Elaine Gould,ZZ 095230 T,kellyclive@example.org,37,21.8,AB+,2025-01-28,0,Enim quidem ducimus reprehenderit fugit ipsum est ut dolorem repudiandae vel voluptas.
100319,Neil Rose,ZZ 94 97 78 T,hussainjoseph@example.org,68,18.3,A+,2025-02-24,0,Fugit quae in debitis architecto quis.
100320,Miss Lesley O'Sullivan,ZZ 624381 T,nicholaspalmer@example.com,38,,O+,2025-08-08,0,
100321,Gail Mann,ZZ622829T,bradydavid@example.net,62,34.8,O+,2025-02-15,0,Dolor consectetur quasi amet laboriosam totam explicabo expedita ipsum.
100322,Dale Scott,ZZ023621T,tom00@example.org,79,28.4,O-,2025-09-14,1,
100323,Sarah Jones,ZZ 764932 T,kathleennewman@example.org,46,17.9,O+,2025-07-30,0,Harum reprehenderit at architecto ullam illum ab doloremque voluptates dolorum voluptatem molestiae.
100324,Mr Francis Austin,ZZ 461061 T,nwhite@example.net,41,30.9,O+,2025-07-19,0,
100325,Stephanie Barnes,ZZ 41 42 26 T,nashian@example.net,55,34.6,A-,2025-05-09,0,
100326,Barbara Foster,ZZ 86 48 91 T,kelliott@example.net,52,,O+,2025-02-21,0,
100327,Mr Ian Patel,ZZ378958T,chapmanluke@example.com,34,,B+,2025-07-21,0,Consequuntur eius accusamus tenetur sunt illum sapiente natus ut.
100328,Mr Francis Gibbs,ZZ 361949 T,annette70@example.org,60,25.0,A+,2025-05-17,0,
100329,Mr Alexander Todd,ZZ243658T,maureen26@example.net,88,,B+,2025-05-21,0,Ratione quas at qui recusandae totam amet eligendi pariatur facilis magni eaque.
100330,Dylan Stone-Thomas,ZZ109735T,fhilton@example.org,47,30.8,B+,2025-07-30,0,Corrupti itaque accusamus recusandae impedit eius dolorum et nisi quaerat inventore.
100331,Ms Gemma Martin,ZZ 77 52 75 T,lorrainehughes@example.org,48,34.1,AB+,2025-06-01,1,Nemo repellat quas quisquam ad expedita blanditiis rerum cum unde exercitationem.
100332,Karen Foster-Riley,ZZ 61 38 66 T,lisa03@example.com,33,34.3,O+,2025-01-17,0,Rerum rerum laboriosam quis sequi officiis maiores.
100333,Rebecca Little,ZZ 35 56 75 T,josephinemurphy@example.net,58,34.1,A+,2025-04-04,0,
100334,Miss Lucy Houghton,ZZ 33 41 08 T,grahamlewis@example.net,30,,O+,2025-07-08,0,Reprehenderit possimus suscipit iste possimus suscipit laborum reprehenderit.
100335,Clare Higgins,ZZ 69 61 79 T,portercharlotte@example.com,32,31.0,O-,2025-05-08,0,Aliquam ut rem voluptatem pariatur modi incidunt eos minus.
100336,Henry Jones,ZZ598556T,geraldinejohn@example.net,75,17.8,,2025-02-26,0,Quam accusamus magni sint consequatur minus nemo illo.
100337,Mrs Andrea Adams,ZZ270265T,wardnathan@example.org,36,26.2,A+,2025-05-25,0,
100338,Frances Wilkinson,ZZ 48 33 93 T,carolbaker@example.com,71,,,2025-04-16,0,
100339,Jonathan Simmons,ZZ442197T,lynnpearce@example.net,79,,O-,2025-04-13,1,
100340,Yvonne Scott-King,ZZ 903098 T,jacobjackson@example.net,57,32.5,,2025-03-13,0,
100341,Mrs Denise Morris,ZZ840102T,karlbegum@example.com,62,24.8,A+,2025-09-05,0,
100342,Dr Lynne Brown,ZZ 30 23 24 T,holly46@example.org,87,,A+,2025-06-23,1,Dolores quo officiis voluptatum ea illo quod ea quisquam.
100343,Dr Danny Chapman,ZZ 300111 T,william05@example.net,48,35.7,,2025-03-15,0,
100344,Reece Martin-Bailey,ZZ 27 51 85 T,birdaimee@example.org,41,,O+,2025-08-14,0,Repellat deserunt sint maxime odio similique distinctio iusto quae accusamus hic molestiae ipsum.
100345,Kirsty Clark,ZZ467450T,suttonjenna@example.org,28,28.3,B+,2025-03-08,0,
100346,Nicole Whitehead,ZZ 42 41 19 T,kerry32@example.org,53,32.6,B+,2025-03-21,0,Distinctio ipsam nobis perferendis consectetur sed fuga.
100347,Dr Amanda Clarke,ZZ 42 55 87 T,samanthawilkins@example.com,79,33.4,O+,2025-04-14,1,Odio quia alias possimus non id voluptate.
100348,Julia Sanders,ZZ 39 80 26 T,margaretpugh@example.net,69,29.0,B+,2025-10-14,1,
100349,Dr Samuel Allen,ZZ403417T,hooperbenjamin@example.org,35,13.0,O+,2025-08-24,0,Cumque in voluptatum fugit vitae perferendis officia totam nesciunt.
100350,Ms Anne Godfrey,ZZ 19 23 77 T,danielschristian@example.org,37,22.9,O+,2025-07-11,0,
100351,Amber Thompson,ZZ 91 79 62 T,beverley85@example.net,43,24.3,A+,2025-09-12,0,
100352,Michelle Cooper,ZZ 39 31 73 T,robertreynolds@example.org,57,21.1,A+,2025-09-15,0,Pariatur magnam rem ab nemo rem excepturi explicabo voluptas quod.
100353,Mr Derek Clarke,ZZ868850T,carolthomas@example.net,48,28.2,O+,2025-06-19,0,
100354,Jodie McLean,ZZ 30 38 43 T,zedwards@example.org,56,,A+,2025-09-20,1,Quasi doloremque dolore distinctio cupiditate molestias corporis.
100355,Elliott Cooper,ZZ 793234 T,jasontucker@example.net,57,24.1,A+,2025-04-19,0,
100356,Dylan Holmes-Ball,ZZ 422037 T,hobbsnathan@example.org,47,20.2,O-,2025-04-26,0,
100357,Jamie Houghton,ZZ465840T,howard09@example.com,51,39.2,O+,2025-07-14,0,Molestiae praesentium sint quis amet voluptates accusamus quo iusto unde veniam quia.
100358,Nigel Norton,ZZ 514058 T,diana64@example.net,56,,A+,2025-10-18,0,Animi optio ab culpa libero perferendis repellat.
100359,Kim Lloyd,ZZ 22 37 03 T,zhartley@example.org,50,19.6,O+,2025-09-05,0,At doloribus quod eos neque sint odio reprehenderit ut doloribus delectus.
100360,Ms Lorraine Evans,ZZ188578T,gclarke@example.com,61,28.4,O+,2025-10-17,0,
100361,Catherine Coates,ZZ111966T,patricia06@example.org,86,29.6,A+,2025-03-14,0,Quasi et cum quo vero corporis molestias.
100362,Mr Michael Young,ZZ148375T,normanrichards@example.org,63,,O+,2025-05-12,0,
100363,Mr Brett Bull,ZZ658759T,clivegordon@example.net,53,,O+,2025-07-20,0,Recusandae vel voluptatibus ipsam dolore iste.
100364,Georgina Foster,ZZ 17 14 20 T,browngeorge@example.org,22,,A+,2025-10-08,0,
100365,Terry Marsh,ZZ 217904 T,jayne19@example.com,59,21.5,A-,2025-08-01,0,In quas dignissimos dolorum quidem quos dignissimos debitis ipsum.
100366,Rhys Brookes,ZZ 156812 T,howellsnaomi@example.net,17,28.1,B+,2025-10-01,0,Sequi debitis illum dicta unde iusto rerum dolorum nobis quia.
100367,Kirsty McCarthy,ZZ100428T,stanley20@example.org,27,,O+,2025-04-28,0,
100368,Dr Lynda Williams,ZZ 15 28 96 T,norrislynda@example.net,67,23.2,O-,2025-07-07,0,
100369,Susan Hurst,ZZ 32 66 55 T,kgardner@example.com,65,,A+,2025-02-13,1,
100370,Donald Smith,ZZ 37 81 14 T,howardbirch@example.com,49,26.4,A+,2025-03-17,0,Suscipit quos delectus perspiciatis quisquam sunt eum magnam vero fuga quas labore modi.
100371,Zoë O'Brien,ZZ 673294 T,dmay@example.net,21,,O-,2025-07-02,0,Et nemo repudiandae doloribus facere ab nobis beatae ipsum deleniti blanditiis suscipit eveniet.
100372,Mrs Janet Clarke,ZZ632371T,henryshirley@example.com,45,22.7,O+,2025-03-14,0,Nesciunt laborum officiis repellat deleniti molestiae earum deleniti dolor ratione ut.
100373,Miss Joanne Roberts,ZZ 530487 T,lesleyevans@example.com,40,35.3,A+,2025-03-05,0,Impedit ea illum non maxime quaerat dolorum illo praesentium placeat debitis.
100374,Conor Moss,ZZ 295525 T,ahughes@example.net,63,26.7,O+,2025-02-02,0,
100375,Ellie Clarke,ZZ 360039 T,russell06@example.net,93,26.2,B+,2025-04-21,0,Culpa a vitae quasi vel et quo.
100376,Charles Hobbs-Lewis,ZZ049005T,marcus68@example.org,56,31.3,O+,2025-03-25,0,
100377,Tina Bowen,ZZ 54 54 59 T,samantha82@example.net,38,32.4,A+,2025-06-13,0,
100378,Joseph Payne,ZZ664130T,joe75@example.com,31,34.6,A+,2025-06-23,0,
100379,Cheryl Chandler,ZZ 693022 T,annette08@example.org,51,29.0,O+,2025-10-16,0,Ex laudantium ipsam voluptate doloremque laudantium quisquam id sunt quibusdam dolorum.
100380,Mr Lewis Clarke,ZZ485664T,joannicholls@example.org,49,23.4,A+,2025-07-03,0,
100381,Gareth Andrews,ZZ 38 50 52 T,farrelljessica@example.net,31,23.8,A+,2025-02-13,0,Porro animi officiis dolorem deleniti nulla.
100382,Mr Glenn Pearson,ZZ280875T,tracyevans@example.net,54,30.1,O+,2025-05-05,1,Provident explicabo vitae atque sunt omnis odit ea molestias officia.
100383,Charlotte Lee,ZZ735531T,julian93@example.org,31,30.5,O+,2025-01-23,0,Quasi magni beatae commodi dolore harum eum.
100384,Malcolm Walsh,ZZ 15 00 35 T,james89@example.org,72,35.4,A+,2025-06-13,0,
100385,Ashley Franklin,ZZ 91 70 37 T,vreed@example.org,71,29.5,O-,2025-06-11,0,Exercitationem rem aliquid in ut amet corrupti.
100386,Steven Smith,ZZ 647649 T,jane87@example.com,72,,O+,2025-09-14,0,Fugiat iste explicabo officia veritatis nemo odio asperiores earum ducimus vitae error.
100387,Stuart Wright,ZZ554591T,mauricemarshall@example.org,43,36.1,O-,2025-10-10,0,
100388,Howard Smith,ZZ 981776 T,dannyhughes@example.com,61,,O+,2025-10-08,0,Magnam magnam illum exercitationem iusto consectetur blanditiis rerum.
100389,Mrs Sandra Clayton,ZZ 33 35 85 T,fletcherjames@example.net,50,18.1,O+,2025-01-14,0,Accusamus ipsa consectetur dicta facilis tempore nostrum eius.
100390,Ellie Hudson,ZZ 190799 T,oclark@example.net,45,19.9,O+,2025-01-13,0,Ea facere est enim est accusamus nobis odit aliquam at veritatis quaerat.
100391,Ben Bowen,ZZ026128T,ehumphreys@example.org,46,18.4,B+,2025-07-12,0,
100392,Holly Clark,ZZ851390T,maureen92@example.net,29,36.5,A+,2025-10-14,0,
100393,Peter Woods,ZZ 56 26 16 T,williamsabdul@example.com,26,21.9,A+,2025-01-09,0,Tempora voluptatum autem veniam facere ea.
100394,Dr Ashleigh Bishop,ZZ 54 58 27 T,edward24@example.com,66,,O-,2025-08-29,0,Eaque architecto ea tenetur perferendis atque corrupti voluptatum totam ipsam veniam enim ut.
100395,Lee Smith-Wilkinson,ZZ 802968 T,june50@example.org,49,30.5,A+,2025-06-15,0,Dolor pariatur tempora facere doloremque quia numquam.
100396,Björn Müller,ZZ 20 81 95 T,gordontoby@example.org,56,,O+,2025-06-18,0,Libero sit quam ut deserunt occaecati cum similique veniam rerum quo.
100397,Ms Paula Butcher,ZZ 03 80 83 T,francesbradshaw@example.org,70,33.0,B+,2025-02-05,1,
100398,Melissa Wilson,ZZ 728322 T,carteremily@example.org,21,,A+,2025-05-26,0,Veniam unde sequi in ipsam delectus facere excepturi esse tempore.
100399,Peter Doyle,ZZ 706294 T,adrianwilliams@example.com,38,25.8,O+,2025-07-17,0,A sit ex reprehenderit sequi sequi quasi quas reprehenderit velit ullam sunt eum.
100400,Malcolm Gordon,ZZ 436387 T,neilhussain@example.org,55,,O-,2025-07-31,0,Placeat delectus occaecati necessitatibus laboriosam nihil sunt.
100401,Dr David Morris,ZZ 10 52 38 T,jjennings@example.com,59,28.1,A+,2025-04-19,0,Sunt repellat incidunt officiis alias vel eligendi dicta laborum laboriosam laborum quaerat.
100402,Sharon Harris,ZZ382392T,bethansmith@example.org,45,23.8,A+,2025-07-27,0,Corporis consequatur amet soluta hic facilis earum ab.
100403,Robin Fletcher,ZZ 91 79 34 T,teresa79@example.net,71,26.8,O-,2025-07-16,1,Expedita minima sed cupiditate praesentium labore velit quae ullam impedit itaque.
100404,Mrs Emily Jones,ZZ807071T,melaniebentley@example.net,56,36.7,A+,2025-08-05,0,
100405,Toby Thomas,ZZ 86 25 72 T,parkerdanielle@example.org,30,16.8,A+,2025-03-19,0,
100406,Susan Sullivan,ZZ 385633 T,marianmorris@example.com,35,28.6,O-,2025-10-07,0,Non neque iste itaque dolores voluptatem asperiores rem laboriosam expedita esse veniam.
100407,Michelle Norris-Wilkinson,ZZ 26 59 64 T,bryantaimee@example.com,66,21.6,A+,2025-01-23,0,
100408,Miss Francesca Browne,ZZ237123T,rosemaryhudson@example.com,60,,A-,2025-01-10,0,Eius qui eveniet aliquid culpa ex officia provident rerum veritatis nam aliquid pariatur.
100409,Aisha Þórsdóttir,ZZ 518426 T,leigh14@example.com,18,32.0,AB+,2025-02-24,0,Corrupti suscipit nam earum incidunt commodi velit corrupti et odit.
100410,Mr Owen Burrows,ZZ797747T,powelllindsey@example.org,76,26.7,AB+,2025-01-21,0,Facere eaque omnis est libero occaecati nam voluptate expedita.
100411,Charlotte Dawson,ZZ 379828 T,darrenwright@example.org,63,31.6,,2025-03-24,1,Officia earum tempore quam vitae delectus perferendis fuga.
100412,Dr Marc Barker,ZZ 31 56 16 T,jasonsullivan@example.com,76,17.5,A+,2025-06-06,0,Cumque ratione sint repellendus expedita reprehenderit ea.
100413,Jacqueline Berry,ZZ 56 55 62 T,ajones@example.net,45,33.6,B+,2025-02-19,0,Consequuntur hic esse reprehenderit quisquam minus modi eos nesciunt aliquid quam veritatis.
100414,Clive Wright,ZZ980075T,pritchardmarcus@example.com,47,23.4,AB+,2025-04-02,0,Laudantium nobis ab veritatis eligendi iste sunt blanditiis placeat non eaque.
100415,Ross Foster,ZZ 669428 T,marian86@example.com,32,30.7,A+,2025-03-01,0,Commodi repudiandae accusantium sunt repellendus magni tempora quod perferendis ea at blanditiis atque.
100416,Louis Smith,ZZ 025659 T,oellis@example.com,98,28.1,,2025-09-18,1,
100417,Gemma Long,ZZ 352886 T,benjamin64@example.net,49,13.0,A+,2025-06-13,0,
100418,Nicole Skinner,ZZ 241209 T,reecebailey@example.net,81,22.5,A+,2025-07-03,0,Quas ad repudiandae omnis alias voluptates impedit quae dolore ea laudantium hic esse.
100419,Jacqueline Walker,ZZ777458T,dean57@example.org,40,,O+,2025-05-12,0,
100420,Linda Osborne,ZZ 58 85 71 T,francesca27@example.org,55,36.3,O+,2025-06-16,0,Nostrum rerum vitae a officia assumenda magnam laboriosam facere at occaecati.
100421,Nigel Sanders,ZZ469994T,pstewart@example.com,22,,O+,2025-09-05,0,
100422,Jayne Jenkins,ZZ 56 15 80 T,kerryreynolds@example.org,45,28.5,A+,2025-10-23,0,Magnam veniam ea exercitationem nihil tempore.
100423,Brandon Hart,ZZ547260T,reednicole@example.net,70,18.5,A+,2025-05-30,1,
100424,Mr Conor Gordon,ZZ 33 02 24 T,frostlucy@example.org,29,35.6,,2025-05-21,0,Laboriosam mollitia consequuntur iure architecto deleniti.
100425,Aimee Parker-Gregory,ZZ 30 64 11 T,callumcurtis@example.org,71,37.8,A+,2025-06-11,1,Dolores odit perferendis impedit aliquid modi.
100426,Dr Max Bailey,ZZ 88 12 63 T,zoe23@example.net,58,27.2,A+,2025-06-06,0,Porro corrupti incidunt voluptatem animi laborum eos.
100427,Dr Donald Francis,ZZ 76 61 29 T,charper@example.com,33,25.7,O-,2025-08-02,0,
100428,Eric Jarvis,ZZ 40 10 21 T,matthewsandrea@example.net,43,17.3,O+,2025-03-07,0,Esse autem numquam numquam est ducimus.
100429,Danielle Barnes,ZZ 05 21 72 T,shannon32@example.net,44,32.3,A+,2025-09-14,0,Hic corporis tempore nesciunt soluta omnis excepturi quae.
100430,Helen Goodwin,ZZ 23 95 35 T,hclark@example.com,51,43.2,B+,2025-01-19,1,
100431,Denis Hewitt-Smith,ZZ 65 66 47 T,elizabeth60@example.net,42,31.3,A-,2025-06-25,0,At occaecati recusandae fugit inventore numquam.
100432,Wendy Woods,ZZ 70 22 22 T,ashleightomlinson@example.net,37,34.6,B+,2025-10-19,0,Consequatur laborum perferendis placeat ipsam debitis ipsum nihil exercitationem doloremque consectetur repellendus est.
100433,Charlie Vincent,ZZ078907T,edwardsglenn@example.net,47,30.3,O+,2025-01-12,0,Debitis delectus veniam assumenda repudiandae voluptatem praesentium dolore perferendis explicabo.
100434,Wayne Harris,ZZ 907709 T,margaret40@example.com,34,21.1,O+,2025-09-24,0,
100435,Patricia Shaw,ZZ 568208 T,kerrydawson@example.com,29,35.0,O+,2025-05-18,0,Nobis ipsam est ratione ea consectetur optio provident impedit inventore aut.
100436,Chloe Smith,ZZ 272620 T,mitchell66@example.net,51,,A+,2025-09-11,0,Sint alias assumenda beatae placeat consequatur debitis incidunt odio.
100437,Caroline Curtis,ZZ 805639 T,onash@example.net,68,25.7,B+,2025-01-10,0,
100438,Ben Lucas-McCarthy,ZZ657992T,elliottamy@example.org,24,28.7,B+,2025-09-19,0,A voluptatum qui distinctio inventore tenetur quo quos neque deserunt.
100439,Trevor Lamb,ZZ634390T,emma91@example.com,52,32.3,O+,2025-07-01,0,Neque corrupti animi minima totam eveniet odit aut.
100440,Dr Damian Bryant,ZZ 558495 T,kateshaw@example.com,40,,,2025-07-25,0,Suscipit error quaerat qui inventore sunt aliquid.
100441,Paul Taylor-Williams,ZZ 98 74 17 T,reescharlene@example.com,34,,B+,2025-01-20,0,
100442,Connor Tyler-Brookes,ZZ 26 19 64 T,clivewilson@example.org,67,22.4,B+,2025-04-30,0,Nam eum facilis cum occaecati reprehenderit dolorem nihil harum debitis aperiam alias.
100443,Lynn Johnson,ZZ 860192 T,anna55@example.net,43,19.3,A+,2025-06-11,0,Repudiandae aliquid blanditiis harum beatae ratione ullam.
100444,Björn Müller,ZZ 64 19 67 T,martynjohnson@example.org,79,,A+,2025-03-07,0,
100445,Zoë O'Brien,ZZ 417510 T,emoss@example.net,38,,A+,2025-02-14,0,Neque sapiente esse laudantium praesentium explicabo sapiente ipsa maiores aliquam modi maxime molestias.
100446,李 伟,ZZ431445T,emma50@example.org,59,19.2,,2025-07-18,0,
100447,Ms Diana Day,ZZ 88 86 94 T,abrooks@example.com,48,19.4,B+,2025-09-14,0,Maxime esse accusamus cum tenetur aliquid aspernatur quia dignissimos hic.
100448,Diane Marshall,ZZ567102T,katiefox@example.net,38,,O-,2025-02-26,0,Iure dolore corporis repellat deleniti cupiditate minus amet.
100449,Michael Harrison,ZZ 409825 T,hturner@example.org,63,,AB+,2025-01-29,0,Aperiam temporibus explicabo reprehenderit voluptate sed aliquid beatae delectus occaecati harum.
100450,Daniel Collins-Wright,ZZ 634807 T,omarshall@example.com,49,18.9,B+,2025-03-20,0,Vero temporibus suscipit corporis voluptatum voluptates officia soluta ea inventore autem iusto voluptatibus.
100451,Ms Brenda Ball,ZZ011037T,harrisdeborah@example.net,63,,O+,2025-07-17,0,
100452,Lorraine Dean,ZZ 714592 T,alice41@example.net,51,,B+,2025-05-29,0,
100453,Clare Clark,ZZ 12 84 52 T,patelcharles@example.com,32,,A+,2025-07-31,0,Quae architecto quos cupiditate a vero quos.
100454,Ellie Nicholson,ZZ 37 34 40 T,clairewilson@example.org,50,39.0,B+,2025-10-09,1,
100455,Dr Shane Spencer,ZZ 29 41 68 T,lgray@example.net,53,18.0,A+,2025-03-24,0,
100456,Josephine Martin,ZZ 731675 T,daviesjack@example.org,69,22.9,A-,2025-07-20,0,
100457,Miss Kirsty Smith,ZZ 063778 T,igordon@example.org,36,32.5,,2025-06-27,0,Veniam consequuntur sequi nesciunt architecto sunt quo et.
100458,Miss Jean Parker,ZZ 42 81 85 T,dbarnes@example.net,51,25.7,A+,2025-09-14,0,Autem facere ad iste doloremque error excepturi sint assumenda at consectetur incidunt.
100459,Dr Shaun Hilton,ZZ227774T,burtoncarly@example.org,21,25.0,B+,2025-04-09,0,Porro rerum odio rerum ab debitis debitis ducimus fugit dolor ad.
100460,Tony Jones,ZZ 518795 T,bmorrison@example.com,64,,AB+,2025-02-03,0,Cupiditate rem nihil harum maxime temporibus laboriosam.
100461,Rosie Morris-Pearson,ZZ 51 56 12 T,mohammedhayes@example.net,33,25.0,A+,2025-03-19,0,Culpa nam ullam eligendi reiciendis veritatis vel ipsa at ad quam cum cumque.
100462,Đặng Thu Hà,ZZ945698T,carterjoseph@example.net,19,20.1,O+,2025-01-04,0,Blanditiis dolorem laborum unde id dignissimos minima et aspernatur rem iste sapiente.
100463,Debra Jones,ZZ 50 53 71 T,daniel14@example.com,51,19.1,O+,2025-03-19,0,Id odio inventore molestias reiciendis cum maiores.
100464,Sara Sullivan,ZZ759573T,paul41@example.net,72,29.0,O+,2025-09-13,1,
100465,Jordan Allen-Hussain,ZZ 253934 T,claire95@example.org,25,28.8,O-,2025-01-05,0,
100466,Mrs Marian Howell,ZZ391603T,oowen@example.org,32,18.8,B+,2025-02-23,0,Alias exercitationem eligendi eveniet saepe nam voluptatum esse architecto.
100467,Mr Paul Godfrey,ZZ 138813 T,ewright@example.com,39,21.1,A+,2025-07-21,0,Veniam fugit quod nisi fugit rerum porro tempore quos illum.
100468,Aisha Þórsdóttir,ZZ 141390 T,paulinequinn@example.org,32,30.2,O+,2025-03-14,0,Sed excepturi nam harum cupiditate provident ab soluta aliquid cumque quia ipsa error.
100469,Mr Louis Wright,ZZ061459T,usmith@example.com,59,30.5,,2025-01-22,0,Sint eum maiores a explicabo repellendus praesentium rerum veniam quidem quis ad.
100470,Dr Gerard Curtis,ZZ 086598 T,geraldine28@example.com,37,23.1,A+,2025-06-07,0,
100471,Bethany Singh-Barnes,ZZ 09 32 31 T,thomasward@example.com,39,30.7,A+,2025-03-01,0,
100472,Victoria Singh,ZZ 14 98 56 T,david20@example.com,62,30.4,O+,2025-07-22,0,Est nihil occaecati quisquam optio molestias maiores minus beatae et architecto.
100473,Mr Duncan Greenwood,ZZ019614T,bbegum@example.net,38,,A+,2025-01-27,0,Officiis eos eius quis at voluptatibus corporis dignissimos quis tenetur culpa vel magni.
100474,Leonard Greenwood-Johnson,ZZ 265000 T,john57@example.org,60,25.1,A+,2025-01-13,0,
100475,Mrs Suzanne Murray,ZZ986255T,kirstycarter@example.com,35,29.5,B+,2025-08-30,0,
100476,Samuel Oliver-Berry,ZZ 255482 T,dianehughes@example.com,30,23.6,A-,2025-07-04,0,
100477,Ms Kathleen Smith,ZZ 22 21 91 T,vdavies@example.com,19,,O+,2025-06-08,0,
100478,José Álvarez,ZZ 48 99 18 T,fiona36@example.net,86,,O+,2025-06-27,1,
100479,Connor Curtis,ZZ678003T,sbailey@example.net,46,31.5,B+,2025-05-21,0,
100480,Brenda Wright,ZZ230353T,palmerbruce@example.com,56,,B+,2025-06-19,0,
100481,Josh Willis-Stone,ZZ 79 66 57 T,daveyglen@example.net,51,,B+,2025-06-24,0,
100482,Ms Kimberley Adams,ZZ 30 78 30 T,bennettalexandra@example.org,55,42.7,,2025-02-03,0,
100483,Shaun Thompson-Williams,ZZ 231415 T,carol07@example.com,53,20.2,AB+,2025-08-31,0,
100484,Dr Gregory Wilson,ZZ 51 64 18 T,chamberlainpaige@example.org,86,32.7,A+,2025-07-18,1,
100485,Dr Sian Young,ZZ322465T,lyndaknight@example.net,33,34.4,A+,2025-07-07,0,Consequatur eius ipsum eos odio voluptates quisquam sapiente.
100486,Tina Bates,ZZ 86 29 07 T,wendy76@example.com,24,32.9,O+,2025-10-24,0,Nesciunt perferendis excepturi quas voluptas molestiae.
100487,Lindsey Mason-Richards,ZZ 20 48 05 T,edwardsmith@example.org,34,27.9,O+,2025-06-03,0,Dolore quae iure quidem nemo incidunt laborum eos quos deserunt debitis animi temporibus.
100488,Martin Simpson-Wood,ZZ 18 38 62 T,wrichards@example.net,28,,B+,2025-09-27,0,
100489,Elliot Stone,ZZ 36 47 13 T,clifford93@example.com,65,30.8,A+,2025-04-04,0,
100490,Björn Müller,ZZ036136T,vgrant@example.org,67,22.7,O-,2025-01-24,0,
100491,Jane O'Brien-Moss,ZZ 84 55 34 T,bernard04@example.org,35,13.0,O+,2025-06-05,0,Tenetur id sunt eum sit eius laborum.
100492,Lorraine Hayes,ZZ 530666 T,willischeryl@example.com,27,44.0,AB+,2025-09-13,0,
100493,Kathleen Hunter,ZZ 21 10 83 T,yscott@example.com,46,31.2,O+,2025-10-24,0,Tenetur illo voluptatem quos voluptates quo delectus nihil temporibus voluptate rerum vero quasi.
100494,Miss Sandra Griffiths,ZZ168743T,lindagough@example.com,77,37.9,A+,2025-07-16,1,Non recusandae ratione inventore numquam ad unde pariatur recusandae autem impedit error sapiente.
100495,Olivia Martin,ZZ 79 74 19 T,glenn26@example.org,1,21.5,A+,2025-06-20,0,Culpa voluptas dignissimos consequatur natus ipsa veritatis aliquid tenetur quae.
100496,Dr Christine Brown,ZZ221762T,claytonjason@example.net,61,,O+,2025-09-20,0,Maiores nemo pariatur deserunt fuga quaerat dignissimos qui quibusdam in.
100497,Dr Denis Morton,ZZ 029011 T,barry67@example.org,33,36.5,O+,2025-05-24,0,
100498,Sean Hall,ZZ303945T,harry88@example.com,71,36.3,,2025-09-12,1,
100499,Pamela Butler,ZZ 56 42 77 T,paulreed@example.net,33,26.9,A+,2025-09-24,0,
100500,Mrs Lesley Walker,ZZ 02 18 63 T,jeffrey08@example.org,47,19.8,A+,2025-09-04,0,Reiciendis eligendi quasi perferendis porro odio maiores nam accusamus quis corporis.
100501,Dr Pauline King,ZZ 241161 T,marcus95@example.net,25,,O+,2025-01-17,0,Illo illum dolorem illum amet architecto doloremque ad.
100502,Aisha Þórsdóttir,ZZ 302051 T,carlypatel@example.org,34,13.8,A+,2025-03-17,0,
100503,Mr Declan Clayton,ZZ958979T,fisherrosemary@example.com,77,16.8,O-,2025-01-19,0,
100504,Carole Williams,ZZ 348375 T,abailey@example.net,67,27.6,A+,2025-05-19,0,Eius consequuntur fuga et deleniti possimus inventore accusamus.
100505,Aimee Harrison-Bowen,ZZ 55 88 93 T,pparsons@example.com,45,21.1,A-,2025-08-25,0,
100506,Suzanne Edwards,ZZ 482806 T,johnmason@example.org,36,26.0,AB+,2025-10-03,0,
100507,Jason Smith,ZZ920844T,yturner@example.org,18,26.3,O+,2025-10-10,0,
100508,Dr Carole Brown,ZZ 75 87 38 T,twatts@example.org,45,38.6,B+,2025-01-19,0,Quod deserunt cumque consequatur quod provident eveniet laborum explicabo laudantium alias.
100509,Dr Garry Davies,ZZ 684460 T,kenneth01@example.com,51,34.8,O+,2025-01-16,0,
100510,Mr Toby Mills,ZZ753754T,elliott82@example.com,50,26.7,O+,2025-06-11,0,Error dolorem itaque ratione libero a iure tempora.
100511,Georgina Lee,ZZ515336T,philip51@example.net,50,34.3,AB+,2025-01-08,0,
100512,Karen Smith,ZZ 450480 T,owen82@example.com,32,22.3,AB+,2025-08-30,0,
100513,Amanda Edwards,ZZ560698T,douglasdawn@example.net,51,25.0,A+,2025-01-03,0,
100514,Jayne Godfrey,ZZ 435571 T,browneanthony@example.com,51,,O-,2025-06-05,0,
100515,Dr Mathew Martin,ZZ 271534 T,gary42@example.net,75,19.6,A+,2025-06-23,0,Labore ut distinctio asperiores sed accusamus magni voluptatem nemo ab esse.
100516,Douglas Brown,ZZ025674T,walshmichelle@example.net,86,25.3,A+,2025-05-08,1,Perspiciatis assumenda iure laboriosam cum consectetur est id.
100517,Dr Elliot Ward,ZZ252225T,begumjay@example.org,50,19.1,O+,2025-02-11,0,
100518,Julian Kelly-Richardson,ZZ035020T,gjackson@example.net,38,27.7,A+,2025-08-30,0,Non enim quas provident sint porro at quos veritatis.
100519,Mrs Cheryl Evans,ZZ632581T,yscott@example.com,51,36.8,O+,2025-06-18,0,Commodi sint laudantium quas unde distinctio ad vel.
100520,Hayley Robertson,ZZ 47 86 94 T,imoore@example.com,41,22.5,O+,2025-08-13,0,
100521,Mrs Linda Tucker,ZZ 66 26 05 T,tom66@example.org,39,28.4,O+,2025-07-19,0,Architecto laudantium recusandae esse totam velit quisquam praesentium.
100522,Miss Leah Pritchard,ZZ 55 20 93 T,evansroy@example.net,51,21.6,O-,2025-06-07,0,Voluptatibus dolorem praesentium repudiandae sint eaque fugit beatae magni similique error sunt eaque.
100523,Kathleen Cox,ZZ 09 99 34 T,hquinn@example.net,33,,O-,2025-01-05,0,
100524,Jamie Turner,ZZ 33 37 99 T,connorjohnson@example.net,63,,O+,2025-05-15,0,Ex quam architecto qui in quis nihil facere et.
100525,Dr Bethany O'Brien,ZZ109589T,shanewillis@example.net,50,,A+,2025-09-19,0,
100526,Mr Elliott O'Connor,ZZ 87 13 37 T,pamelawilson@example.com,57,41.2,B+,2025-03-06,0,Veniam praesentium vitae odit illum cumque officiis vitae vel voluptate.
100527,Leonard Atkinson,ZZ650315T,leonard67@example.net,49,29.9,A+,2025-03-17,0,
100528,Mr Edward King,ZZ363593T,kellyjohnson@example.com,39,22.7,O+,2025-09-26,0,Recusandae odio iusto ea sapiente pariatur pariatur reprehenderit ad recusandae.
100529,Dr Donald Turner,ZZ088447T,porterdebra@example.org,35,,B+,2025-06-16,0,
100530,Mr Damian Evans,ZZ 770067 T,judith79@example.org,48,,A+,2025-07-04,0,
100531,Mr Aaron Campbell,ZZ 99 29 78 T,holliethomson@example.com,42,31.8,B+,2025-04-17,0,
100532,Malcolm Robinson,ZZ214714T,qreid@example.com,56,28.7,B+,2025-03-22,0,Eaque assumenda molestias doloremque numquam aperiam modi vitae tenetur maiores doloribus.
100533,Colin Jones,ZZ301112T,glen90@example.net,52,,O+,2025-04-13,0,Minima doloremque atque quo fugiat ea distinctio fugiat at ratione.
100534,Dr Antony Smith,ZZ066874T,valerietaylor@example.org,27,30.6,A+,2025-10-18,0,
100535,Georgia Jones-Rowe,ZZ 585218 T,hardynigel@example.net,53,23.5,O+,2025-05-02,0,Facere culpa vel voluptatem sunt repellendus soluta saepe laboriosam minus.
100536,Luke Slater,ZZ 715483 T,dmitchell@example.com,28,24.6,A+,2025-06-18,0,
100537,Ms Kathleen Davis,ZZ 65 59 98 T,carrdanny@example.org,41,,AB+,2025-01-02,0,Suscipit ullam error eum suscipit cum officia quaerat id.
100538,Patricia Finch,ZZ 441951 T,pricediana@example.org,47,24.3,O+,2025-09-15,0,
100539,Ms Jasmine Holden,ZZ852515T,lucy80@example.net,15,18.5,A+,2025-05-09,0,Recusandae id quisquam nisi alias repudiandae sunt odit magni tenetur voluptatem neque amet.
100540,Iain Brown,ZZ 60 53 60 T,wilsonroy@example.com,54,26.1,B+,2025-08-15,0,
100541,Kelly Watson,ZZ 38 75 64 T,georgedavis@example.net,55,21.3,O+,2025-03-21,1,Ipsum neque dolor velit quisquam vitae harum magnam maxime aut.
100542,Sean Smith,ZZ 27 25 00 T,coxbrenda@example.net,49,27.6,A+,2025-07-10,0,
100543,Leah Sanders,ZZ356078T,wallisben@example.net,44,29.7,O+,2025-04-18,0,Ipsam consectetur deleniti excepturi sunt quibusdam.
100544,Lucy Russell,ZZ382122T,blloyd@example.org,45,18.5,O+,2025-04-06,0,Atque placeat consectetur eum placeat odit earum animi quas quia.
100545,Ms Kelly Cooke,ZZ829285T,clivestewart@example.com,34,22.1,O-,2025-02-18,0,Aliquam dolorum accusamus sunt nihil molestiae veritatis voluptate doloribus rem perferendis aliquam optio.
100546,Mr Stewart Ball,ZZ882791T,gcook@example.org,47,21.3,A+,2025-07-30,0,Aperiam itaque doloribus molestias esse temporibus aut repudiandae veritatis illo.
100547,Jordan King,ZZ 44 43 89 T,claire10@example.org,42,31.5,O+,2025-04-11,0,Eligendi unde fugiat vel reprehenderit non repellat accusantium exercitationem quo itaque aliquam mollitia.
100548,Elliott Bryant,ZZ 375925 T,joannewatson@example.com,54,37.2,A-,2025-02-05,0,
100549,Mandy Marshall,ZZ782011T,connornewman@example.com,30,32.1,,2025-07-29,0,
100550,Simon Cox,ZZ 909824 T,bennettgraham@example.org,56,24.9,AB+,2025-07-28,0,Debitis ratione cumque natus magnam quasi minima enim.
100551,Albert Young,ZZ 28 00 93 T,jhunt@example.net,55,35.8,A+,2025-10-23,0,
100552,Darren Pritchard,ZZ178323T,bartlettamanda@example.org,49,17.9,O+,2025-09-23,0,
100553,Diane Jones,ZZ590255T,ybaker@example.org,44,36.0,A+,2025-03-01,0,
100554,Matthew Jones,ZZ 10 91 02 T,nigel04@example.org,62,23.1,O-,2025-01-16,0,Mollitia veritatis quaerat repellat voluptatum aliquam officiis quia voluptates suscipit placeat odit.
100555,Diana Hughes,ZZ 444137 T,lesliegordon@example.com,22,13.0,O+,2025-09-18,0,Possimus reiciendis fugiat dolore magni dolores ullam.
100556,Jake Powell,ZZ 480043 T,hollieshort@example.net,60,,A+,2025-10-18,1,
100557,Mr Jonathan Gray,ZZ187992T,reidglen@example.com,56,36.5,A+,2025-07-04,0,
100558,Damien Moore,ZZ876733T,emilywoodward@example.net,57,,O+,2025-07-03,0,
100559,Sean Gray,ZZ483246T,jodie04@example.org,59,28.0,A+,2025-01-31,0,
100560,Dr Anna Watkins,ZZ 31 37 57 T,marilyncollier@example.com,40,25.7,O+,2025-06-14,0,
100561,Ian Farrell,ZZ 587095 T,uhardy@example.net,47,27.6,B+,2025-01-05,0,
100562,Mrs Claire John,ZZ325762T,kenneth68@example.net,63,18.1,A+,2025-08-20,0,
100563,Roger Mann,ZZ 262783 T,woodabbie@example.org,60,22.9,A+,2025-09-23,0,Eveniet odit nam laboriosam maxime repellendus illo quisquam nihil suscipit autem.
100564,Kathryn Jones,ZZ 35 91 44 T,mcarter@example.org,56,29.8,O+,2025-01-07,0,
100565,Mr Andrew Dobson,ZZ174699T,itownsend@example.org,25,28.3,A+,2025-03-12,0,Impedit necessitatibus inventore laudantium asperiores voluptates nesciunt.
100566,Ms Judith Green,ZZ 56 04 42 T,margaret63@example.net,62,34.2,AB+,2025-10-23,0,
100567,Justin Cook,ZZ 899224 T,bbrown@example.net,73,,A+,2025-02-01,0,
100568,Mr Patrick Williams,ZZ 167663 T,mandy50@example.org,70,41.1,B+,2025-08-26,1,Cupiditate consectetur dolore culpa sit odit molestias nulla delectus harum quasi.
100569,Miss Julia Manning,ZZ 26 28 25 T,joyce02@example.net,56,22.7,A+,2025-07-16,0,
100570,Donna Evans-Hughes,ZZ 66 42 12 T,malcolm81@example.com,24,28.6,B+,2025-07-14,0,
100571,Miss Tina Ward,ZZ 932798 T,jemmagreen@example.net,69,15.5,B+,2025-07-31,0,Ipsum nesciunt optio sit id sunt.
100572,Jill Hughes,ZZ 78 71 03 T,jane79@example.net,49,19.5,A+,2025-03-26,0,
100573,Maria Lucas,ZZ091863T,tsingh@example.net,6,,B+,2025-09-26,0,
100574,Kieran Clarke-Page,ZZ939255T,tpearce@example.org,59,21.3,O-,2025-05-26,0,Vero in suscipit temporibus et quis quod pariatur.
100575,Nicola Matthews,ZZ 71 24 24 T,woodwardryan@example.net,25,,,2025-05-31,0,
100576,Reece Kaur,ZZ 109033 T,pclark@example.com,29,26.6,O+,2025-08-13,0,Numquam error quibusdam voluptatum ratione perferendis voluptates error repudiandae.
100577,Suzanne Hodgson,ZZ 14 41 47 T,charlottebrown@example.com,41,20.7,A+,2025-04-04,0,
100578,Gemma Barrett,ZZ 40 47 35 T,williamspaula@example.org,75,24.9,A+,2025-01-17,0,Accusantium illo ad reprehenderit enim repellendus quidem beatae error recusandae placeat in.
100579,Leon Miller,ZZ 61 30 15 T,armstrongjordan@example.net,45,23.9,B+,2025-04-06,0,
100580,Lynda Walker,ZZ 177033 T,edwardsrebecca@example.org,57,24.1,AB+,2025-07-11,0,
100581,Roy Richards,ZZ056686T,kholmes@example.org,83,,A+,2025-03-03,0,Provident natus deleniti sequi harum quod laborum beatae autem incidunt.
100582,Tom Booth,ZZ 46 19 87 T,elaine86@example.net,81,,A+,2025-08-21,1,Inventore molestiae modi ullam omnis culpa rem soluta maxime minus adipisci illo pariatur.
100583,Maurice Barlow,ZZ 698742 T,osullivanmichelle@example.net,50,23.5,O+,2025-07-10,0,
100584,Charlene Parkinson,ZZ630837T,clairehamilton@example.net,48,,O+,2025-07-21,0,Non eaque sequi corporis illum quasi eaque cumque eligendi nesciunt quasi.
100585,Nicholas Spencer,ZZ 388115 T,jwatson@example.com,29,,O+,2025-10-10,0,
100586,Karen Oliver,ZZ004723T,shepherdsimon@example.org,39,26.4,A-,2025-03-13,0,
100587,Jill Brown,ZZ246326T,ghudson@example.org,60,33.2,B+,2025-01-26,0,
100588,Mr Dean Moore,ZZ 040675 T,joecarter@example.net,59,42.9,O-,2025-04-14,0,Enim ab provident distinctio debitis sint eaque placeat optio odio aspernatur dolor.
100589,Kathleen Gallagher-Hancock,ZZ 935120 T,lrichards@example.net,54,,O+,2025-04-26,0,Harum error libero alias quae quo vitae et porro vel similique iure veritatis.
100590,Alexandra Sullivan,ZZ 140448 T,nfrost@example.net,70,26.8,B+,2025-01-04,0,Rem dolorum sed accusamus tempora perferendis itaque exercitationem totam id quae quas.
100591,Richard Stephenson,ZZ 211140 T,albertmccarthy@example.org,38,26.0,A-,2025-04-16,0,Voluptatem iure id reprehenderit doloremque reiciendis asperiores nisi velit nobis doloribus.
100592,Michael West,ZZ 529686 T,bwhittaker@example.org,51,21.9,,2025-10-26,0,
100593,Dr Gerard Booth,ZZ 18 74 77 T,bibisandra@example.net,65,21.6,O+,2025-01-25,0,
100594,Dr Janet Brown,ZZ163635T,sophie77@example.org,63,21.0,A+,2025-10-07,0,
100595,Ms Jenna Moran,ZZ668841T,zfrancis@example.com,71,24.6,B+,2025-06-28,0,Eos quas omnis esse eligendi quaerat fugiat rem tenetur corrupti perferendis doloremque natus.
100596,Lee Barlow,ZZ 074327 T,elliottsanders@example.com,59,24.4,A+,2025-10-08,0,Soluta excepturi eligendi molestiae facere minima ducimus.
100597,Kenneth Wheeler,ZZ945298T,denis88@example.net,46,31.5,B+,2025-10-22,0,Quisquam sit maxime at optio nam exercitationem asperiores.
100598,Thomas Pugh,ZZ 62 43 18 T,dannyturner@example.net,59,24.6,A+,2025-06-25,0,Maxime iure eveniet maxime quod facere consequuntur delectus.
100599,Amelia King,ZZ 61 09 74 T,wrightrita@example.net,34,25.8,B+,2025-03-25,0,Eum porro ratione dolore quod voluptas ducimus porro minima quam nulla tempore.
100600,Mr Raymond Taylor,ZZ 711164 T,wclarke@example.org,22,19.7,,2025-08-25,0,Id facilis consectetur corporis delectus architecto molestias officia sed ea rem quibusdam animi.
100601,Marie Brown,ZZ 065271 T,reedmartyn@example.com,62,36.9,O-,2025-08-07,1,Tempore culpa ullam rerum vero blanditiis saepe cupiditate.
100602,Glen Smith-Hunter,ZZ 02 83 11 T,suzannebuckley@example.com,51,30.0,O-,2025-06-19,0,Eligendi earum magnam illo recusandae deserunt sint nihil hic.
100603,Jessica Owen,ZZ 398124 T,brownliam@example.com,58,37.7,O+,2025-09-28,0,
100604,Denis Davis-Elliott,ZZ749350T,yrahman@example.com,21,,B+,2025-09-29,0,Non sed necessitatibus voluptatum illum sunt debitis ex harum.
100605,Stephanie Johnson,ZZ 186490 T,farrellbethany@example.com,45,35.9,A+,2025-03-23,0,
100606,Frederick Hall-Begum,ZZ 16 19 39 T,jacobstone@example.net,41,25.5,A+,2025-02-12,0,Consequatur maiores in deserunt tenetur ut vitae dolorum ad possimus temporibus expedita error.
100607,Margaret Edwards-Brown,ZZ 474296 T,owenkate@example.com,36,31.3,B+,2025-10-03,0,
100608,Gail Holmes,ZZ 47 95 48 T,hilllewis@example.net,11,43.2,O-,2025-01-09,0,Distinctio debitis assumenda perspiciatis sunt voluptas.
100609,Simon McCarthy,ZZ811875T,wsaunders@example.net,46,19.7,B+,2025-08-13,0,
100610,Abbie Thompson-Taylor,ZZ 51 58 84 T,jsanderson@example.net,68,34.1,O+,2025-08-08,0,Aliquam voluptas enim expedita voluptatem est at sit id.
100611,Leon Howard,ZZ 453684 T,mandywells@example.org,59,37.2,O+,2025-07-13,0,Error consectetur dolor quisquam molestiae optio quas nemo perspiciatis deserunt.
100612,Dr Marie Davies,ZZ 936749 T,vincentnewman@example.com,41,29.5,B+,2025-05-25,0,
100613,Amy Evans,ZZ 28 28 01 T,pagejemma@example.net,52,31.6,O+,2025-02-28,0,Repellat dolor ad nesciunt possimus reprehenderit quae.
100614,Jonathan Johnson,ZZ254936T,garry75@example.net,66,34.7,O+,2025-06-15,0,Aut ducimus porro praesentium dolorum placeat in quo porro rem doloribus laboriosam ex.
100615,Dr Lorraine Marsh,ZZ214127T,helen22@example.org,2,23.0,AB+,2025-03-25,0,Nulla similique optio quis eligendi velit nesciunt molestias fugit sapiente odio mollitia nostrum.
100616,Barry McKenzie,ZZ 860366 T,jreynolds@example.org,50,29.5,O+,2025-09-16,0,
100617,Mohammed Harris,ZZ 635846 T,gregorybrown@example.net,62,,O-,2025-01-31,1,
100618,Dorothy Simpson,ZZ 968636 T,zbyrne@example.net,64,22.9,B+,2025-04-21,0,
100619,Clifford Ross-Butler,ZZ 85 87 01 T,jonesmichael@example.org,83,23.2,B+,2025-09-26,0,Maiores perspiciatis saepe ipsa distinctio alias nihil.
100620,Sharon Foster,ZZ 18 25 47 T,barry19@example.org,72,26.1,AB+,2025-07-10,0,Nesciunt voluptate nulla saepe suscipit rerum explicabo corrupti voluptatem doloremque facilis aliquid.
100621,Eileen Rowe-Gregory,ZZ549528T,fward@example.org,58,27.9,A-,2025-08-31,0,Voluptatibus minus iure voluptatum quos ipsum in nemo quasi.
100622,Dr Amelia Patel,ZZ 221298 T,traceyparsons@example.com,57,29.8,A-,2025-02-12,0,Esse quos et voluptatem corporis cupiditate possimus exercitationem.
100623,Mr Eric Abbott,ZZ 75 18 22 T,vwhite@example.net,66,18.3,O+,2025-01-26,0,
100624,Georgia Smith,ZZ 835441 T,nigel49@example.net,42,39.2,O+,2025-05-30,0,
100625,Aisha Þórsdóttir,ZZ360636T,wrightjane@example.net,51,34.1,B+,2025-06-09,0,Ut provident ullam ex aspernatur laboriosam voluptatum nisi saepe officiis illum laborum.
100626,Mr Gareth Lee,ZZ076013T,trichards@example.com,68,31.5,A-,2025-09-04,0,Voluptatum provident nam ea cupiditate libero possimus magnam sapiente.
100627,Mr Ashley Simpson,ZZ430917T,kgibson@example.org,87,24.8,O+,2025-03-05,0,
100628,Dr Kyle Wilkinson,ZZ 698137 T,holtjosh@example.org,49,26.5,A+,2025-06-19,0,
100629,Martyn Jones,ZZ305901T,philipgibbons@example.org,51,30.4,A+,2025-08-18,0,
100630,Ms Megan Gordon,ZZ 097826 T,wilsonrobin@example.net,56,29.5,O+,2025-05-19,0,Tempore molestias laborum explicabo molestias fuga libero inventore odit iste suscipit harum nisi.
100631,Annette Byrne,ZZ 87 45 62 T,hayesbeverley@example.com,76,16.7,B+,2025-06-21,0,
100632,Timothy Bennett-Grant,ZZ 19 59 63 T,douglasjones@example.org,51,31.6,O-,2025-10-10,0,Exercitationem dolores omnis ea iste ullam blanditiis dolorem odio quas.
100633,Lorraine Nicholls,ZZ950858T,lwright@example.com,78,44.9,O+,2025-10-11,1,Rerum voluptate fugit ad incidunt ab.
100634,Sara Forster,ZZ 05 44 46 T,jennifer83@example.com,35,15.6,O+,2025-10-11,0,
100635,Mr Connor Matthews,ZZ 777795 T,lindsey82@example.org,49,33.1,O+,2025-08-07,0,Debitis a voluptas sapiente odio nam laboriosam voluptas voluptatibus veniam officia.
100636,Callum Young,ZZ 92 13 23 T,damienaustin@example.org,48,29.3,A+,2025-06-29,0,
100637,Shaun Jones,ZZ 37 53 57 T,charlottejones@example.org,66,26.3,A+,2025-01-31,1,Eius modi excepturi harum animi sunt.
100638,Oliver Barrett,ZZ020271T,trevor22@example.org,71,,O+,2025-04-15,1,Suscipit officiis laborum ullam omnis ipsam ullam.
100639,Joanne Farrell,ZZ 70 07 68 T,donald18@example.net,25,,O+,2025-04-22,0,Dicta soluta odio nesciunt dignissimos nisi amet.
100640,Jacob Evans-Armstrong,ZZ 63 20 96 T,michellecartwright@example.org,36,28.0,AB+,2025-08-22,0,Voluptate officiis quam blanditiis officia eligendi vel.
100641,Ms Catherine Thomas,ZZ 54 76 60 T,darren53@example.org,58,36.0,A+,2025-06-22,0,Cum modi a eveniet sunt quas labore neque eaque.
100642,Christian Taylor,ZZ 805096 T,janet75@example.net,40,25.8,,2025-03-12,0,Modi dolor modi aspernatur velit sed.
100643,Dr Hannah Bryan,ZZ 35 00 10 T,leonwalsh@example.com,25,,A+,2025-10-01,0,
100644,Stephen Ward,ZZ775196T,dosullivan@example.org,71,27.7,O+,2025-01-24,0,Molestiae repudiandae delectus ducimus officia earum illo quam ducimus aliquid voluptate maxime facilis.
100645,Leon Brown,ZZ 506469 T,alice14@example.com,61,24.3,B+,2025-04-22,0,
100646,Clare Scott,ZZ 78 86 17 T,emilyphillips@example.net,61,36.5,A+,2025-06-26,0,Quam impedit magni sint aperiam asperiores perferendis.
100647,Dr Billy Sullivan,ZZ 61 76 89 T,bedwards@example.com,43,,O-,2025-02-26,0,Possimus ad unde laboriosam mollitia consequuntur modi.
100648,Olivia Pickering-Harding,ZZ 19 74 09 T,wardedward@example.com,71,32.4,A-,2025-02-05,0,Unde placeat sunt iusto enim sint deserunt vero repellat beatae facilis.
100649,Mr Scott Watts,ZZ940735T,cjones@example.org,48,19.3,A-,2025-03-26,0,Saepe facere ducimus magni magnam consequatur.
100650,Ms Katie Owens,ZZ 761499 T,petermorris@example.com,72,31.1,A+,2025-03-09,0,Dignissimos ex impedit non saepe corrupti in suscipit nihil repudiandae exercitationem vel fugiat.
100651,Margaret Howells,ZZ 54 83 96 T,eleanor88@example.org,36,,O+,2025-03-16,0,Perferendis quo earum ipsam nihil quae illum.
100652,Dr June May,ZZ 067892 T,joanne98@example.com,37,13.0,B+,2025-04-05,0,Excepturi rerum sint corporis magnam perspiciatis quod perferendis adipisci mollitia.
100653,Abbie Hart,ZZ 748040 T,thomascarl@example.org,56,27.0,O-,2025-02-16,0,Aliquam veniam magnam consequuntur aperiam nam ipsa aliquid molestiae magni.
100654,Lindsey Schofield,ZZ 50 30 24 T,jacksonmathew@example.net,39,20.4,A+,2025-05-29,0,Praesentium possimus ipsam nulla suscipit aut sequi reiciendis reprehenderit dicta doloribus et quis.
100655,Katherine Armstrong-Hart,ZZ 63 89 59 T,smorris@example.com,64,24.3,A+,2025-04-14,0,Expedita esse facilis nulla facere excepturi facere sed voluptate quis quis.
100656,Howard Leach,ZZ 213786 T,chloeking@example.net,57,36.5,B+,2025-05-08,1,Necessitatibus praesentium ex id reiciendis neque occaecati possimus est omnis.
100657,Jason Middleton,ZZ272845T,brownmary@example.org,35,20.1,,2025-03-16,0,Voluptates harum quas corporis magnam consequatur quod modi animi.
100658,Natalie Thompson,ZZ 84 70 12 T,markwhite@example.com,53,20.5,A+,2025-08-03,0,
100659,Stacey Howard-Fisher,ZZ 68 15 51 T,whutchinson@example.org,46,35.9,A+,2025-06-03,0,
100660,Jessica Smith,ZZ 62 48 09 T,allensara@example.com,68,,O+,2025-06-17,0,
100661,Björn Müller,ZZ 78 27 13 T,joseph76@example.net,41,,O+,2025-09-26,0,Recusandae culpa modi esse possimus incidunt earum minus.
100662,Dr Matthew Spencer,ZZ 43 00 41 T,jonesbrian@example.org,44,,B+,2025-08-11,0,
100663,Mrs Sandra Davies,ZZ 78 52 25 T,gerald46@example.com,74,,B+,2025-10-14,0,Magnam quas minus numquam odio molestias maiores assumenda ea ad sint quas.
100664,Francesca Wright-Reed,ZZ 629744 T,thomaseileen@example.org,92,,A+,2025-01-16,0,
100665,Marie Turnbull,ZZ 822952 T,kellyaimee@example.com,88,34.6,O-,2025-02-17,0,
100666,Georgina Harvey-Jones,ZZ 01 34 04 T,luke85@example.com,53,32.8,O-,2025-09-03,0,Maxime odit exercitationem a praesentium architecto similique.
100667,Beverley Smith,ZZ147827T,wdickinson@example.org,56,27.0,O-,2025-06-20,0,
100668,Annette Norman,ZZ 15 62 23 T,dshepherd@example.net,80,27.3,B+,2025-10-24,0,
100669,Lewis Roberts,ZZ 01 61 23 T,zoe52@example.com,50,,O+,2025-07-22,0,Inventore voluptatum iusto nostrum excepturi corporis illum dolor magni dolorum quam similique perspiciatis.
100670,Natalie Hamilton,ZZ067106T,xphillips@example.com,34,23.4,A+,2025-09-08,0,
100671,Christian Gregory,ZZ339657T,kirstypatel@example.org,54,38.9,O-,2025-02-15,0,Ea accusamus vitae id repudiandae a tempore laborum rerum esse doloremque itaque illum.
100672,Rosemary Hayward,ZZ 526146 T,begumannette@example.org,60,27.0,O+,2025-01-23,0,
100673,Mrs Aimee Tucker,ZZ413657T,kirstybyrne@example.org,37,,O+,2025-06-09,0,Veritatis tempora tempore facere officiis dolorum odit modi nesciunt amet doloremque eligendi maxime.
100674,Miss Megan Jones,ZZ374691T,georgelee@example.net,22,24.1,B+,2025-06-11,0,Tenetur ullam rerum rerum aut iure sequi aperiam in.
100675,Justin Wilkins,ZZ 71 97 64 T,rogersdonald@example.net,26,31.5,B+,2025-03-02,0,At aspernatur doloribus quas suscipit voluptatum voluptas.
100676,Jacqueline Gardner,ZZ461382T,laura81@example.net,64,31.0,B+,2025-09-21,0,
100677,Martyn Gregory,ZZ 630765 T,cooperstephen@example.com,38,26.2,O+,2025-04-20,0,Expedita voluptatum aliquam soluta pariatur laudantium reiciendis esse omnis.
100678,Keith Phillips,ZZ181624T,tanderson@example.org,49,22.9,O+,2025-05-09,0,
100679,Ms Ann Payne,ZZ824577T,russell59@example.net,56,27.1,B+,2025-04-08,0,Eveniet natus quod velit nemo tempora tempora voluptas dignissimos itaque nostrum nostrum.
100680,Sean Shepherd,ZZ979922T,idavison@example.org,63,,O+,2025-06-01,0,Nobis aliquid voluptate delectus alias nisi aut.
100681,Danielle Hughes,ZZ806048T,qmatthews@example.com,46,19.0,A+,2025-09-02,0,Assumenda eligendi nemo cum laudantium laboriosam optio eius deleniti iure delectus nam.
100682,Dr Jodie Clark,ZZ536076T,bryan96@example.com,61,31.9,O-,2025-05-16,0,Repellat distinctio quibusdam fugit commodi ullam quidem debitis quidem voluptas ratione.
100683,Matthew Yates,ZZ 311346 T,clarkjames@example.com,36,24.0,AB+,2025-03-12,0,Ea cumque recusandae assumenda odit est vitae consequatur laudantium commodi consectetur.
100684,Mr Leonard Jones,ZZ 65 97 65 T,cjones@example.com,45,29.3,B+,2025-07-20,0,
100685,Elizabeth Smith-Lawson,ZZ131481T,murraydavid@example.com,34,34.5,,2025-06-12,0,
100686,Dr Danielle Turner,ZZ 765962 T,jonesrita@example.com,72,31.0,A+,2025-02-27,0,Facilis labore nostrum magnam dolorum et perferendis asperiores repudiandae assumenda incidunt.
100687,Sophie Black,ZZ 98 86 54 T,allenross@example.net,52,27.1,O-,2025-06-25,0,Delectus maxime dignissimos beatae nostrum tempore illum totam eveniet perspiciatis sit debitis.
100688,Ms Jacqueline Lee,ZZ577079T,ruth36@example.org,39,,O-,2025-03-11,0,Eligendi id corporis tempore enim id sapiente illum nemo nesciunt ratione ipsum sunt.
100689,Rachel Robinson-Brown,ZZ 302054 T,timothy64@example.org,46,31.1,A+,2025-04-09,0,Veniam quis ea dolore asperiores fuga cum eligendi.
100690,Dr Conor Davidson,ZZ 33 74 78 T,robertdavies@example.com,48,24.8,O+,2025-02-11,0,Impedit eius sapiente nobis distinctio neque nobis aliquid minima nisi deleniti.
100691,Marian Hussain,ZZ810123T,pauline20@example.net,65,31.5,A+,2025-10-06,0,
100692,Aisha Þórsdóttir,ZZ 162845 T,bartonjulia@example.net,23,29.5,O+,2025-08-03,0,Voluptate veniam eos voluptas deleniti a itaque.
100693,Valerie Bradshaw,ZZ 28 56 31 T,fdean@example.net,33,21.7,B+,2025-04-10,0,
100694,Katie Bishop,ZZ 17 50 64 T,parsonsolivia@example.com,45,,O+,2025-06-25,0,At cupiditate dicta doloribus tenetur necessitatibus.
100695,Angela Chapman,ZZ734272T,elliebarlow@example.com,98,26.0,B+,2025-04-08,1,Ullam praesentium praesentium inventore dicta deserunt aspernatur at eligendi mollitia.
100696,Tracey Gregory,ZZ 75 29 68 T,boylecarol@example.com,69,14.9,O-,2025-10-13,0,
100697,Louis Carter-Jarvis,ZZ 34 54 83 T,gclarke@example.com,50,25.9,A+,2025-07-27,0,Qui quae error cupiditate quo assumenda iure facere deleniti amet.
100698,Zoë O'Brien,ZZ 185639 T,bbutcher@example.net,65,,B+,2025-01-14,0,
100699,Björn Müller,ZZ007654T,mohammedwallace@example.org,89,24.3,O+,2025-05-27,0,
100700,Rebecca Collins,ZZ393435T,harriet18@example.org,48,,A+,2025-05-01,0,Corporis voluptate blanditiis tempora voluptates natus numquam corporis vitae quasi voluptatibus consequuntur.
100701,Elliot Miles-Atkinson,ZZ 795610 T,jeffrey86@example.org,45,24.8,O+,2025-08-06,0,Fugit veritatis excepturi consectetur placeat labore nostrum consectetur minima ipsum nemo labore mollitia.
100702,Jayne Barker,ZZ 098657 T,harrisonmichelle@example.com,74,26.8,O+,2025-10-19,1,
100703,Miss Frances Taylor,ZZ 68 93 70 T,jonesderek@example.net,61,27.6,O-,2025-02-15,0,Distinctio aliquam ad voluptatibus tempore modi ea quo aliquid delectus.
100704,Jordan Brown,ZZ357044T,brett32@example.com,64,20.0,B+,2025-02-17,0,
100705,Dr Joseph Carr,ZZ 279348 T,porterjennifer@example.org,43,30.9,A+,2025-02-14,0,
100706,Catherine Skinner-Holden,ZZ923465T,chloegriffiths@example.net,87,,A+,2025-10-10,0,
100707,Mrs Amanda Campbell,ZZ 14 53 92 T,macdonaldanthony@example.org,83,25.6,A-,2025-08-09,1,
100708,Joel Taylor,ZZ 64 15 92 T,davidsonvincent@example.net,62,35.0,O+,2025-05-21,0,
100709,Dr Jayne Hammond,ZZ 44 86 47 T,ybegum@example.net,64,22.7,O+,2025-04-27,0,
100710,Björn Müller,ZZ854035T,gregoryarmstrong@example.com,16,23.8,O+,2025-06-25,0,
100711,Dr Gerard Myers,ZZ 53 64 50 T,murphynicola@example.org,63,33.6,AB+,2025-09-15,0,
100712,Donna Wong,ZZ 440842 T,joshrobinson@example.com,49,24.6,O+,2025-01-18,0,Corporis voluptate distinctio dolorem optio iste in doloribus harum tempora dolore fugit eveniet.
100713,Louis Williams-Payne,ZZ 51 55 18 T,eileenhughes@example.com,60,25.2,O+,2025-03-12,0,
100714,Mr Mark Smith,ZZ 64 19 77 T,ssingh@example.com,64,28.4,A+,2025-07-15,0,Cupiditate tempore corporis accusamus praesentium porro quod minus architecto alias officia quis.
100715,Jade Hurst,ZZ588056T,nmorgan@example.org,46,,B+,2025-03-14,0,Accusamus a provident placeat totam odio quam nobis beatae sint.
100716,Jane Webster,ZZ 482775 T,emily34@example.net,22,13.4,,2025-10-18,0,
100717,Stephen Brown,ZZ 34 91 33 T,natasha65@example.com,59,,A+,2025-09-16,0,
100718,Lewis Smith-Smart,ZZ 03 83 28 T,dannywest@example.com,39,20.8,O+,2025-09-02,0,
100719,Gerard Hall,ZZ 757503 T,sam70@example.net,46,20.3,AB+,2025-04-19,0,Id repellat velit veritatis nulla reprehenderit asperiores quae sequi expedita sed expedita rerum.
100720,Diana Williams,ZZ 368730 T,jbarry@example.net,41,21.7,A+,2025-01-23,0,Odio tempora nostrum repellendus numquam deserunt tempora molestias porro dolorem.
100721,Mrs Louise Thomas,ZZ 501451 T,jillhutchinson@example.net,46,21.8,A+,2025-02-02,0,
100722,Joan Hughes,ZZ288218T,zsmith@example.com,10,28.9,A+,2025-06-15,0,
100723,Bradley Griffiths,ZZ 262439 T,guy28@example.com,74,,O+,2025-03-08,0,Esse facilis dolor id voluptatem consequuntur rerum.
100724,Nicole Young,ZZ717563T,butlervincent@example.org,57,,B+,2025-08-16,0,Quam modi ullam perferendis tenetur iste optio mollitia facere ex tempora.
100725,Bryan Wilson,ZZ077338T,leannefletcher@example.com,72,29.5,A+,2025-08-19,1,Rem eveniet voluptatem corrupti a mollitia.
100726,Anne King,ZZ 173915 T,joelrobson@example.org,88,,O+,2025-03-11,0,Dolorem dolorum reprehenderit quidem inventore voluptatibus.
100727,Joe O'Brien,ZZ 13 85 51 T,zoe80@example.net,52,27.8,O+,2025-03-21,0,
100728,Mr Elliott McCarthy,ZZ180467T,aaron56@example.com,20,37.1,A+,2025-10-07,0,Quis placeat placeat earum nam a eum.
100729,Mrs Andrea Coates,ZZ454803T,kwood@example.net,36,29.0,O+,2025-06-16,0,
100730,Paula Cook,ZZ213596T,uoconnor@example.com,30,23.1,A+,2025-01-22,0,Odio doloremque similique corporis nam odit eius quas.
100731,Zoe Edwards,ZZ 11 80 92 T,arose@example.com,43,,A+,2025-09-08,0,
100732,Dr Marc Baker,ZZ 87 79 44 T,ewhittaker@example.org,53,21.4,A-,2025-09-04,0,Vero saepe quas iure itaque laborum.
100733,Maureen Weston,ZZ 69 48 04 T,collinsmalcolm@example.net,16,28.7,A+,2025-07-03,0,
100734,Edward Smith,ZZ 73 33 20 T,chandlerlucy@example.net,58,32.3,O+,2025-03-09,0,
100735,Mrs Shannon Griffiths,ZZ 942765 T,mmorgan@example.com,25,22.0,O+,2025-08-14,0,Delectus libero adipisci itaque vero ipsam totam unde possimus eos laudantium velit temporibus.
100736,Janet Duncan,ZZ 66 08 17 T,bward@example.com,57,25.7,O+,2025-05-02,0,Error fugit magnam blanditiis odio fugit voluptatibus laboriosam rerum repellat non.
100737,Tina King,ZZ 062772 T,bethanyjohnson@example.net,50,33.8,A+,2025-10-21,0,
100738,Diane Burton,ZZ 86 28 64 T,morrissally@example.com,46,23.9,AB+,2025-09-15,0,
100739,Dr Ellie Parker,ZZ131759T,omay@example.com,51,,A+,2025-03-31,0,
100740,Christine Taylor,ZZ 88 82 83 T,khudson@example.net,42,20.7,O+,2025-09-24,0,Officiis assumenda laudantium veritatis ad magnam voluptas atque ipsum reiciendis sapiente modi neque.
100741,Aaron Bell,ZZ 01 53 53 T,woodsian@example.org,41,22.0,O-,2025-09-20,0,Adipisci accusantium magnam alias impedit minus est vero atque vitae aspernatur accusantium.
100742,Barry Johnson,ZZ 06 20 17 T,conorlynch@example.com,22,23.9,A-,2025-03-15,0,
100743,Mr Graeme Spencer,ZZ364328T,marilyn80@example.org,51,40.1,O-,2025-06-15,0,
100744,Amber Brown,ZZ 977205 T,judithanderson@example.com,85,24.5,O+,2025-08-05,1,
100745,Nicola Hussain,ZZ 351371 T,andrea28@example.org,88,23.8,B+,2025-03-02,1,Non recusandae nostrum quis totam eligendi debitis temporibus sunt.
100746,Debra Miah-O'Neill,ZZ 58 89 82 T,obruce@example.net,76,23.6,AB+,2025-09-13,0,
100747,Douglas Hutchinson,ZZ 049079 T,sophie14@example.net,65,,A+,2025-02-09,0,
100748,Joan Wright,ZZ902566T,charlene92@example.org,40,30.9,A-,2025-08-05,0,Sit ipsam voluptatibus consectetur at possimus.
100749,Beverley Harvey,ZZ 63 88 58 T,pjohn@example.com,78,28.1,A+,2025-04-09,0,Amet exercitationem quas quam mollitia placeat.
100750,Stephanie Chadwick,ZZ264549T,dorothysmith@example.org,51,39.3,B+,2025-10-13,0,Neque fugiat dignissimos ex repellendus similique facere doloremque voluptatem amet.
100751,Đặng Thu Hà,ZZ 70 51 67 T,donnaking@example.org,51,28.3,A+,2025-02-11,0,
100752,Samuel Cox-Hussain,ZZ291503T,rhysflynn@example.com,47,,A+,2025-04-14,0,
100753,Stewart Booth,ZZ 020475 T,marshallsuzanne@example.net,54,28.7,A+,2025-08-20,0,Eos culpa excepturi maiores nihil voluptatum occaecati amet repellat ipsum.
100754,Gail Cooper,ZZ 33 74 77 T,brandonwilliams@example.org,44,30.6,O-,2025-04-25,0,Dolorem rem harum sit saepe ad labore vel voluptatem aspernatur blanditiis accusantium cumque.
100755,Owen Owen,ZZ132515T,abigail38@example.org,50,18.3,A+,2025-06-17,0,Eius assumenda quos fugit quisquam similique.
100756,Derek Osborne,ZZ 720631 T,wendywilliams@example.com,32,26.2,O-,2025-03-24,0,
100757,Dean Holland,ZZ 797921 T,matthewchandler@example.org,45,26.6,,2025-01-14,0,A sapiente deserunt alias eius minus a voluptatibus illum ab placeat.
100758,Ms Barbara Lewis,ZZ 906638 T,ablackburn@example.net,93,25.5,A+,2025-01-06,1,Ad culpa blanditiis facilis fugit adipisci vitae quisquam eligendi occaecati laboriosam reiciendis dolores veritatis.
100759,José Álvarez,ZZ 193753 T,esmith@example.com,51,,A+,2025-09-21,0,Rem amet nisi dignissimos iste repellat veniam totam quo nobis similique est assumenda magni.
100760,Alice Turnbull,ZZ 517928 T,garethbrown@example.com,48,32.3,A-,2025-08-30,0,Veritatis quam maxime ipsum architecto quibusdam.
100761,Dr Abigail Kirby,ZZ159014T,bryan65@example.com,62,24.7,A+,2025-06-28,0,Odio minima veritatis possimus magnam velit provident odit voluptatem dolorum.
100762,Stephanie George,ZZ928507T,bradleybruce@example.net,65,24.4,AB+,2025-07-23,0,In vitae sequi dolore tempora ipsam.
100763,Tracy Walton,ZZ 58 32 48 T,helen33@example.org,32,25.5,A+,2025-05-13,0,Consectetur laboriosam reiciendis maxime ab enim nesciunt nihil iure laborum.
100764,Clive Williams,ZZ 284494 T,callummatthews@example.net,48,25.6,A-,2025-06-08,0,Sint enim aliquam nihil facilis voluptatem ad veniam eligendi.
100765,Jayne Cooper,ZZ244739T,julian03@example.net,69,29.4,B+,2025-02-12,0,
100766,Zoë O'Brien,ZZ 93 72 35 T,ifletcher@example.net,57,,A+,2025-01-29,0,
100767,Amber Wilson,ZZ 64 67 62 T,jeffreymoss@example.org,54,21.4,,2025-05-21,0,
100768,Martin Fletcher,ZZ064285T,dwoodward@example.org,80,28.7,A+,2025-10-24,1,Mollitia dicta quos animi vitae aut repellendus optio quaerat velit possimus itaque.
100769,Edward Davidson,ZZ 364225 T,stanleybooth@example.com,40,,O+,2025-10-03,0,Beatae vero perferendis blanditiis sapiente illum impedit ratione error placeat quos.
100770,Cheryl Morrison,ZZ 788932 T,moorelaura@example.com,53,,A+,2025-06-10,0,Ex maiores quis provident deleniti quia accusamus sapiente.
100771,Jayne Green-Baxter,ZZ 58 40 62 T,whumphries@example.com,43,23.6,B+,2025-06-25,0,Voluptates cumque dicta labore eum nihil autem alias atque.
100772,Dr Aaron McKenzie,ZZ 41 31 48 T,bberry@example.org,79,22.0,O+,2025-09-05,0,
100773,Guy Austin-Clarke,ZZ593445T,bernard32@example.net,17,,A+,2025-05-18,0,
100774,Mr Paul Craig,ZZ 091900 T,bhobbs@example.org,40,,A+,2025-04-24,0,
100775,Iain Hardy,ZZ 94 81 96 T,boliver@example.com,42,20.7,O-,2025-07-02,0,Sint non eum eveniet temporibus consequuntur beatae veniam earum veritatis eos aut eum.
100776,Ms Lynne Baker,ZZ 37 85 70 T,thompsonkim@example.org,64,36.1,A+,2025-06-03,0,Similique non minus ipsam exercitationem vel hic autem nesciunt fugiat et velit pariatur.
100777,Dorothy Jenkins-Lamb,ZZ416584T,ricky02@example.com,63,32.1,A+,2025-06-15,0,Alias aspernatur necessitatibus possimus voluptas reiciendis harum quia molestias earum maxime.
100778,Denis Murphy,ZZ 139544 T,graemephillips@example.net,77,24.3,A+,2025-01-11,1,Distinctio quaerat quidem eos alias explicabo molestias esse quisquam.
100779,Edward Harris-Dickinson,ZZ913019T,lewisgeorgina@example.org,24,31.7,O+,2025-07-07,0,
100780,Joel Cooper,ZZ592654T,helensmith@example.net,66,18.2,O+,2025-04-28,0,Perspiciatis magnam dolore tenetur molestias ratione ratione ducimus dolore enim maiores qui.
100781,Mrs Rachael Palmer,ZZ 28 84 29 T,kyle07@example.com,47,,O+,2025-03-01,0,Voluptas consectetur quis tempora soluta cum tempore.
100782,Lucy Wilkinson-Roberts,ZZ 82 03 58 T,fgreenwood@example.net,40,19.3,A+,2025-08-24,0,Eveniet fugiat a doloremque labore excepturi.
100783,Dr Leah Barnes,ZZ 728697 T,hazel11@example.net,62,24.5,A+,2025-02-14,0,
100784,Dr Shaun Morgan,ZZ 05 10 52 T,pdixon@example.net,35,25.0,B+,2025-02-24,0,
100785,Adrian Schofield,ZZ 90 22 44 T,wbell@example.net,15,23.9,A+,2025-01-04,0,Soluta veniam sapiente minima autem laborum molestiae in ab ut sunt.
100786,Shirley Ball,ZZ 182628 T,nataliewatson@example.org,45,,A+,2025-08-07,0,Voluptate impedit reiciendis necessitatibus odit architecto consequatur temporibus animi.
100787,Laura Parker,ZZ 452272 T,gail91@example.net,25,,O+,2025-09-07,0,
100788,Frederick Hodgson,ZZ622462T,flemingjessica@example.com,40,,A+,2025-04-27,0,
100789,Dean Powell,ZZ 583651 T,janicehughes@example.net,59,18.5,B+,2025-01-01,0,
100790,Dr Georgina Hall,ZZ 597188 T,brandon96@example.org,58,23.0,A+,2025-05-18,0,
100791,Hilary Davies,ZZ 919491 T,wongmandy@example.net,81,24.5,A+,2025-03-18,0,
100792,Christopher Davies,ZZ 55 60 81 T,jmason@example.com,48,20.1,O+,2025-03-11,0,Dolore neque porro maiores fugit dolorum eius ipsa dignissimos molestias sint eaque quis.
100793,Geoffrey Gibson,ZZ 26 45 02 T,mporter@example.com,24,18.8,A+,2025-06-25,0,Id nostrum saepe quam veniam nemo beatae nesciunt soluta ex voluptate architecto nostrum.
100794,Dr Gail Moore,ZZ 415552 T,edwardssamantha@example.net,38,21.0,AB+,2025-08-03,0,Eos quas repudiandae veritatis facilis molestiae quia molestias.
100795,Martin Shaw,ZZ705458T,christine09@example.com,35,26.9,O+,2025-05-30,0,
100796,Dr Suzanne Williams,ZZ 50 58 65 T,ogriffin@example.net,30,30.5,O+,2025-04-11,0,
100797,Billy Ward,ZZ 895742 T,williamsjayne@example.org,60,30.4,O+,2025-09-28,1,Neque culpa quibusdam ab veritatis ratione.
100798,Jordan Thompson,ZZ 41 36 00 T,annamills@example.com,40,21.0,AB+,2025-06-12,0,Commodi rem quos velit inventore fuga soluta incidunt perferendis.
100799,Miss Lisa Mason,ZZ 488268 T,amygeorge@example.org,16,22.3,A+,2025-03-05,0,
100800,Nicholas Griffiths,ZZ 123127 T,marilynmitchell@example.com,65,,AB+,2025-09-01,0,Impedit consequatur illo commodi numquam architecto eius.
100801,Beth Ward-Hudson,ZZ 903030 T,reeceedwards@example.com,50,29.7,O-,2025-02-04,0,Eaque quisquam a molestias sint nesciunt.
100802,Rhys Yates,ZZ 326822 T,leah69@example.com,58,14.8,A+,2025-09-18,0,
100803,Jacob Sharp,ZZ 967403 T,mitchell99@example.net,54,34.4,A+,2025-02-18,0,Perspiciatis dolorem magni minima assumenda porro.
100804,Tina Lawrence,ZZ 548705 T,glen74@example.com,63,24.1,B+,2025-06-20,0,
100805,Ms Emma Yates,ZZ297299T,robert37@example.net,53,22.3,A+,2025-05-30,0,
100806,Alexander Ingram,ZZ 850788 T,owenterence@example.org,74,29.0,A+,2025-10-16,0,Voluptatibus at culpa laborum necessitatibus dicta voluptas.
100807,Elliott Wood,ZZ 05 76 59 T,georgina00@example.org,60,33.2,A+,2025-03-29,0,Laudantium ratione deleniti quibusdam aspernatur maxime in fuga laboriosam excepturi provident pariatur.
100808,Russell Boyle-Harper,ZZ 70 17 11 T,goodwinmartyn@example.net,59,29.1,O+,2025-02-01,0,
100809,Leigh Fisher-Bell,ZZ 653471 T,ellisashleigh@example.com,59,,O-,2025-05-17,1,Unde molestias accusantium quae sunt tenetur inventore commodi.
100810,Mrs Francesca Brown,ZZ887948T,tlee@example.com,26,27.8,O-,2025-04-05,0,Totam ducimus quasi dolore vitae recusandae dicta inventore nihil quidem quae laboriosam.
100811,Sandra Jarvis,ZZ 857361 T,cookethomas@example.org,49,,O+,2025-07-26,0,
100812,Dr Brandon Bowen,ZZ185286T,xatkinson@example.com,47,34.5,O+,2025-01-19,0,Sapiente ea fugit at aut perspiciatis.
100813,Steven Allen,ZZ 333335 T,jennacooke@example.com,56,26.4,A-,2025-04-07,0,Quae itaque nisi modi animi voluptatem dolor molestias incidunt animi nam.
100814,Mrs Anne Pope,ZZ 64 40 08 T,amberbell@example.org,28,35.6,B+,2025-09-25,0,
100815,Mr Stephen Spencer,ZZ486949T,ynicholls@example.net,81,28.0,A-,2025-07-19,0,Est eligendi odio tenetur ipsum quo ad magni.
100816,Amber Jones,ZZ 277746 T,ann57@example.com,54,27.5,B+,2025-02-06,0,Ad quod ipsa assumenda odit voluptate.
100817,Stewart Crawford,ZZ 17 95 28 T,christinerobertson@example.com,30,21.5,B+,2025-01-06,0,Repudiandae laboriosam natus soluta quos ad libero soluta modi iste.
100818,Mr Victor Brown,ZZ 72 34 59 T,clive19@example.com,21,25.3,B+,2025-06-08,0,Laboriosam error labore perspiciatis aliquid velit occaecati mollitia alias veritatis fugiat.
100819,Dr Steven Edwards,ZZ 150955 T,stanley08@example.org,47,31.7,A+,2025-06-13,0,Fugiat porro quibusdam quae enim possimus ratione iure quisquam.
100820,Miss Chloe Rhodes,ZZ915554T,bhayward@example.com,50,19.1,A+,2025-02-27,0,
100821,Adam Taylor,ZZ 20 91 78 T,rreynolds@example.com,39,30.9,A+,2025-09-30,0,
100822,Ryan Stone,ZZ 538105 T,mitchell15@example.org,54,29.1,O-,2025-01-09,0,
100823,Graeme Cooper,ZZ 68 45 48 T,smithalex@example.net,40,28.7,A-,2025-10-08,0,Voluptates tempore repudiandae doloribus maiores iusto.
100824,Natalie Ball,ZZ 18 48 51 T,nmclean@example.com,62,,O+,2025-01-02,0,Cumque nisi laborum asperiores iusto eos ducimus tempore voluptatum laudantium tempora.
100825,Daniel Williams,ZZ 869405 T,robertsjayne@example.net,39,26.4,A+,2025-06-21,0,Eum soluta autem illo inventore consequuntur quaerat minima tempora distinctio nostrum.
100826,Trevor Smith,ZZ044050T,akhtarsamantha@example.org,51,,A+,2025-10-21,0,Nesciunt ex doloribus quas quod corporis eveniet eum eligendi quis accusantium.
100827,Tracy Begum,ZZ 038871 T,paulinerose@example.org,70,22.4,O+,2025-10-22,0,
100828,Mr Charles Bailey,ZZ 518451 T,dstevens@example.org,98,27.5,O+,2025-10-14,0,
100829,Dr Derek Fletcher,ZZ 17 73 28 T,begumpauline@example.com,34,13.0,A+,2025-03-12,0,
100830,Mandy Robinson-Townsend,ZZ857469T,dunnamy@example.org,44,,A+,2025-08-03,0,Nisi cupiditate perferendis libero placeat a fugit eveniet.
100831,Gordon Davies,ZZ 931088 T,jillwilson@example.com,37,23.0,O+,2025-03-31,0,Perferendis deleniti at voluptatum sed officiis numquam eius autem impedit officiis.
100832,Jamie Ali,ZZ 027526 T,albertross@example.com,66,32.2,B+,2025-04-04,1,Quidem assumenda et earum odio suscipit facilis quos accusamus dolorum molestiae tempore quasi.
100833,Dr Claire James,ZZ946301T,griffinphillip@example.net,31,15.9,A+,2025-05-15,0,
100834,Tracey Coleman,ZZ 822479 T,toby89@example.com,43,31.2,A+,2025-05-09,0,Natus exercitationem aliquam distinctio nam hic mollitia dolores laudantium a.
100835,Dr Lucy Bailey,ZZ 200955 T,annasanderson@example.net,51,25.6,A+,2025-06-02,0,
100836,Andrea Moore-Clark,ZZ 06 43 39 T,rebecca63@example.com,34,31.8,O+,2025-02-01,0,Ratione magni molestiae dicta asperiores aperiam.
100837,Alex Goodwin,ZZ 73 13 13 T,edwardsjay@example.com,35,21.4,O+,2025-09-03,0,
100838,Ryan Hunt,ZZ 17 91 56 T,georgiaspencer@example.net,43,23.3,O+,2025-04-15,0,Alias laboriosam cumque placeat eius assumenda quod distinctio tempore laboriosam facilis quas ut.
100839,Miss Julia Smith,ZZ726725T,thompsonlawrence@example.com,14,40.5,AB+,2025-05-15,0,Temporibus exercitationem deserunt blanditiis labore architecto ipsam consequuntur labore consectetur doloribus vero aliquid.
100840,Aisha Þórsdóttir,ZZ728117T,philip58@example.com,26,22.0,O+,2025-08-21,0,Nesciunt culpa omnis architecto id consequatur enim tempora voluptatum fuga quisquam esse.
100841,Marion Howells,ZZ 711352 T,jhill@example.net,45,,A+,2025-01-15,0,Repudiandae culpa quia aperiam ipsam consequuntur nam officia molestiae.
100842,James Cook,ZZ 96 77 62 T,ebrown@example.net,55,25.3,B+,2025-07-02,0,Nulla voluptatum alias doloribus aut labore quos quis et eum molestiae molestiae.
100843,Alice Cole,ZZ 672748 T,neil23@example.org,49,20.9,AB+,2025-07-29,0,Distinctio ducimus voluptates quis magni itaque.
100844,Sandra Phillips,ZZ 98 25 53 T,reesryan@example.org,20,34.1,O-,2025-09-11,0,
100845,Björn Müller,ZZ 337687 T,hhopkins@example.org,44,,A+,2025-03-08,0,Corrupti quo praesentium vel atque dignissimos.
100846,Mr Jason Chan,ZZ823355T,bharris@example.com,66,,A+,2025-02-14,0,Magnam non deserunt excepturi velit officia cupiditate nostrum eaque alias ab reiciendis vitae doloremque.
100847,Nicole Patel,ZZ 14 17 27 T,josephine91@example.net,62,16.6,O+,2025-09-22,0,Quisquam cum vero suscipit aliquid dolores quas.
100848,Stuart Jordan,ZZ 706190 T,bradley65@example.org,51,,A-,2025-06-03,0,
100849,Howard Martin,ZZ 630823 T,joshua71@example.com,36,33.7,O+,2025-03-05,0,
100850,Dr Tom Clarke,ZZ653593T,abentley@example.com,63,31.9,O+,2025-09-08,0,Itaque magnam quam id placeat deleniti quo consequatur sed aperiam iure nemo.
100851,Callum Wright-Williams,ZZ 430358 T,sstephens@example.org,42,,A+,2025-03-30,0,Quibusdam est saepe quis dolore excepturi assumenda distinctio voluptas reiciendis.
100852,Ms Nicole Jenkins,ZZ 04 09 10 T,fnewton@example.org,31,21.8,A-,2025-03-23,0,Velit architecto fuga alias nostrum aliquid.
100853,Samantha Carr,ZZ867509T,tobyburgess@example.com,38,26.0,,2025-02-11,0,Laboriosam nostrum animi omnis ipsum quidem dolor.
100854,Annette Lewis,ZZ 729027 T,samgibson@example.com,78,18.7,O+,2025-07-22,0,Nesciunt soluta autem alias perspiciatis error nemo.
100855,Barry Newman,ZZ948704T,kate66@example.net,56,18.5,B+,2025-04-01,0,Magni eos veniam fugit ipsum maxime alias molestiae nostrum cumque.
100856,Dr Stephen Moss,ZZ501170T,obriencharlie@example.net,73,32.9,B+,2025-08-01,1,Incidunt eos placeat ratione labore ex repellat architecto dolorem ratione magni.
100857,Liam Kemp,ZZ 617114 T,mannmarie@example.net,43,23.0,AB+,2025-06-30,0,Placeat molestiae magnam magnam quas sapiente maxime.
100858,Mrs Rita Williamson,ZZ 61 88 36 T,hussainpeter@example.com,69,40.7,O+,2025-07-08,1,Dignissimos minima incidunt necessitatibus eveniet delectus eos totam.
100859,Mr Shaun Barrett,ZZ 15 90 86 T,josephine76@example.org,41,27.4,A+,2025-03-22,0,
100860,Janet Moore,ZZ 992801 T,george47@example.net,49,,A-,2025-04-29,0,
100861,Miss Alison Collins,ZZ 33 25 56 T,grantrosie@example.com,97,31.8,O+,2025-01-15,1,
100862,Đặng Thu Hà,ZZ 56 28 73 T,qturner@example.net,66,37.8,A+,2025-04-13,1,Mollitia ipsam blanditiis culpa doloremque voluptate excepturi repellat quod eum sunt vel.
100863,Marc Bird-Ahmed,ZZ 480356 T,stewartevans@example.net,43,29.9,A+,2025-06-25,0,In sunt autem laborum aspernatur tempore atque sunt impedit aliquam doloribus.
100864,Terry Young,ZZ 73 40 56 T,andreahewitt@example.com,50,,B+,2025-10-18,0,Explicabo ex recusandae totam a error.
100865,Mr Ashley Noble,ZZ 369611 T,leahsanderson@example.com,58,29.2,AB+,2025-08-09,0,Suscipit rerum explicabo minima ullam inventore reprehenderit perspiciatis rem animi inventore aut.
100866,Miss Chelsea Payne,ZZ 14 81 70 T,annclarke@example.com,74,35.3,O+,2025-02-12,1,Ducimus voluptatum repellendus dicta illum voluptatum dolorum quod.
100867,Bruce Hall-Watkins,ZZ 190302 T,warnerkaty@example.net,43,24.0,O+,2025-02-02,0,
100868,Miss Aimee Gibson,ZZ 839966 T,fredericktomlinson@example.org,21,,B+,2025-10-17,0,
100869,Amy Dixon-Jenkins,ZZ 45 25 72 T,gthomas@example.com,47,33.1,A-,2025-05-08,0,Minima ipsum facilis veniam illum beatae quod pariatur provident laboriosam adipisci in.
100870,Annette Thomas,ZZ487043T,foxrachael@example.org,52,27.8,,2025-04-23,0,Harum voluptatem non animi inventore natus porro modi distinctio perspiciatis.
100871,Katy Marsden,ZZ 374999 T,alexandernelson@example.net,54,20.4,B+,2025-01-21,0,
100872,Kathleen Pope,ZZ 508211 T,diana97@example.net,76,24.7,O-,2025-01-20,0,Reprehenderit possimus delectus quasi repellat ipsa quos.
100873,Michael Fisher-Johnson,ZZ 20 27 20 T,declan28@example.net,58,22.5,B+,2025-01-06,0,
100874,Kim Bryant,ZZ 456370 T,vshepherd@example.com,67,28.8,O+,2025-05-01,0,Odio assumenda fugit ipsa animi assumenda eos.
100875,Frederick Edwards,ZZ352645T,lindseyoliver@example.org,32,,A+,2025-04-23,1,Alias quidem optio dolorem aspernatur consequatur culpa iure culpa accusamus fuga aliquam ad.
100876,Marion Davies-Allen,ZZ520849T,qsmith@example.com,68,33.9,B+,2025-05-28,1,
100877,Victoria Lee,ZZ031773T,peterferguson@example.com,90,31.3,AB+,2025-03-27,1,Nesciunt amet tempore officiis nobis facere assumenda beatae tenetur iure id tempore.
100878,Dr Michael Gardiner,ZZ218781T,nicholasahmed@example.com,66,17.6,,2025-05-21,0,Magnam aliquid eos eum nostrum laboriosam vel eos a repudiandae animi pariatur.
100879,Leon Booth,ZZ 52 98 39 T,cward@example.org,57,29.4,A+,2025-09-20,0,Enim sapiente ullam quas eligendi magni.
100880,Bethan Griffiths,ZZ 681039 T,csmith@example.org,55,32.4,A+,2025-09-01,0,Quod nulla dolor quidem reprehenderit quasi adipisci voluptatem magnam quam corrupti asperiores saepe.
100881,Dr Stuart O'Donnell,ZZ112751T,gardnerdamian@example.net,84,29.7,O+,2025-01-05,0,
100882,Mrs Lynne Garner,ZZ 96 43 46 T,wbibi@example.org,35,,AB+,2025-01-15,0,Odio error nesciunt excepturi vitae animi architecto voluptate rerum ipsam totam cumque corporis.
100883,Ms Olivia Hill,ZZ 163466 T,albertking@example.com,50,23.7,A+,2025-07-13,0,Ullam placeat at optio esse at animi odit quia quam doloremque illum minus.
100884,Dr Melissa Begum,ZZ 68 22 24 T,pauline20@example.net,60,21.3,O+,2025-05-03,0,
100885,Tony Hicks-Burke,ZZ 28 37 82 T,barnesnathan@example.com,65,32.6,A+,2025-08-09,0,Cum temporibus consequuntur perspiciatis magni saepe assumenda consequuntur natus ducimus.
100886,Terry Price,ZZ 32 26 17 T,mbaxter@example.com,44,20.6,A-,2025-01-17,0,
100887,Annette Harrison,ZZ513198T,bparsons@example.net,58,14.0,O+,2025-05-06,0,
100888,Ms Grace Carter,ZZ 01 99 91 T,glowe@example.com,47,33.2,A+,2025-09-19,0,
100889,Diana Mason,ZZ 53 96 85 T,bellglen@example.net,54,22.7,B+,2025-05-31,0,
100890,Callum Coleman,ZZ696882T,hollie23@example.com,50,25.2,A+,2025-08-25,0,Doloribus nobis reprehenderit delectus a repellat fugiat laboriosam adipisci sunt voluptatum fugit laboriosam.
100891,Frances Smith,ZZ 804332 T,briandean@example.com,31,18.6,O+,2025-03-16,0,
100892,Catherine Robson-Thompson,ZZ 673673 T,leanne27@example.com,52,19.0,A+,2025-01-26,0,Mollitia cum inventore ullam impedit eos numquam animi explicabo ullam alias consequatur.
100893,Dr Joanne Lawson,ZZ 176644 T,juliesmith@example.com,68,20.1,A+,2025-03-17,0,Numquam aspernatur blanditiis mollitia adipisci sit reiciendis omnis officia recusandae.
100894,Diane Khan-Goddard,ZZ470775T,susanshaw@example.com,35,,A+,2025-07-30,0,Voluptatum tempora fuga accusantium facere quis.
100895,Cameron Smith,ZZ 072844 T,bensmith@example.net,48,29.2,A+,2025-01-16,1,Magni sit quibusdam nobis veniam assumenda sint accusamus ad unde illo.
100896,Đặng Thu Hà,ZZ 77 11 27 T,begummaureen@example.org,64,13.2,O+,2025-03-06,0,Mollitia sed quisquam quo atque unde iste.
100897,Joseph Hudson,ZZ578485T,hollytaylor@example.org,33,,A+,2025-09-29,0,Velit ea iste ratione atque ea voluptas iusto in.
100898,Miss Mary Young,ZZ927081T,wilsonpamela@example.net,55,,B+,2025-06-03,0,
100899,Francesca Moore,ZZ425556T,buckleysophie@example.net,33,,O-,2025-01-09,0,Minima quaerat nam recusandae similique veniam libero quia repudiandae.
